identificador,aviso,fecha_envio,entidad,valor
CO1.PCCNTR.9933537,relacionado,2026-09-12 19:44:29,SANTIAGO DE CALI DISTRITO ESPECIAL- UNIDAD ADMINISTRATIVA ESPECIAL DE GESTION DE BIENES Y SERVICIOS - CALI,700000000.0
CO1.PCCNTR.9884818,relacionado,2026-09-12 19:44:29,SANTIAGO DE CALI DISTRITO ESPECIAL - SECRETARÍA DE GESTIÓN DEL RIESGO DE EMERGENCIAS Y DESASTRE,4050000000.0
CO1.PCCNTR.9886868,relacionado,2026-09-12 19:44:29,SANTIAGO DE CALI DISTRITO ESPECIAL - SECRETARÍA DE GESTIÓN DEL RIESGO DE EMERGENCIAS Y DESASTRE,4050000000.0
CO1.PCCNTR.9820439,relacionado,2026-09-12 19:44:29,SANTIAGO DE CALI DISTRITO ESPECIAL - UNIDAD ADMINISTRATIVA ESPECIAL DE SERVICIOS PUBLICOS,3759980000.0
CO1.PCCNTR.9864677,relacionado,2026-09-12 19:44:29,SANTIAGO DE CALI DISTRITO ESPECIAL - SECRETARÍA DE GESTIÓN DEL RIESGO DE EMERGENCIAS Y DESASTRE,7894000.0
CO1.PCCNTR.9901122,relacionado,2026-09-12 19:44:29,MUNICIPIO DE ZARZAL,4500000.0
CO1.PCCNTR.9839330,relacionado,2026-09-12 19:44:29,MUNICIPIO DE SEVILLA,300247974.0
CO1.PCCNTR.9840672,relacionado,2026-09-12 19:44:29,MUNICIPIO DE TORO,2260000.0
CO1.PCCNTR.9900783,relacionado,2026-09-12 19:44:29,MUNICIPIO DE ZARZAL,4500000.0
CO1.PCCNTR.9905566,relacionado,2026-09-12 19:44:29,INSTITUTO TECNICO NACIONAL DE COMERCIO SIMON RODRIGUEZ,1400000000.0
CO1.PCCNTR.9825825,relacionado,2026-09-12 19:44:29,MUNICIPIO DE TORO,10000000.0
CO1.PCCNTR.9820473,relacionado,2026-09-12 19:44:29,MUNICIPIO DE BUGALAGRANDE,62960000.0
CO1.PCCNTR.9836678,relacionado,2026-09-12 19:44:29,ALCALDIA MUNICIPAL DE LA VICTORIA VALLE,15000000.0
CO1.PCCNTR.9901336,relacionado,2026-09-12 19:44:29,MUNICIPIO DE ZARZAL,4500000.0
CO1.PCCNTR.9839003,relacionado,2026-09-12 19:44:29,Institución Universitaria de Roldanillo,4284974783.0
CO1.PCCNTR.9867817,relacionado,2026-09-12 19:44:29,ALCALDIA DE ALCALA,200000000.0
CO1.PCCNTR.9836803,relacionado,2026-09-12 19:44:29,ALCALDIA MUNICIPAL DE LA VICTORIA VALLE,13968300.0
CO1.PCCNTR.9883233,relacionado,2026-09-12 19:44:29,ALCALDIA MUNICIPAL DE LA VICTORIA VALLE,10000000.0
CO1.PCCNTR.9883808,relacionado,2026-09-12 19:44:29,"Secretaría de Gobierno, Convivencia y Seguridad - Alcaldía de Tuluá",79861050.0
CO1.PCCNTR.9924092,relacionado,2026-09-12 19:44:29,CONCEJO MUNICIPAL DE GUADALAJARA DE BUGA,3600000.0
CO1.PCCNTR.9817993,relacionado,2026-09-12 19:44:29,ALCALDIA DE ALCALA,150000000.0
CO1.PCCNTR.9818224,relacionado,2026-09-12 19:44:29,ALCALDIA DE ALCALA,20000000.0
CO1.PCCNTR.9924300,relacionado,2026-09-12 19:44:29,REGION DE PLANEACION Y GESTION DEL CENTRO DEL VALLE- RPG CENVALLE,25000000.0
CO1.PCCNTR.9903622,relacionado,2026-09-12 19:44:29,ALCALDIA LA CUMBRE,35000000.0
CO1.PCCNTR.9820821,relacionado,2026-09-12 19:44:29,MUNICIPIO DE BUGALAGRANDE,8700000.0
CO1.PCCNTR.9831120,relacionado,2026-09-12 19:44:29,ALCALDIA MUNICIPAL DE LA VICTORIA VALLE,7800000.0
CO1.PCCNTR.9922400,relacionado,2026-09-12 19:44:29,UNIAJC,241278400.0
CO1.PCCNTR.9870238,relacionado,2026-09-12 19:44:29,UNIAJC,6976838150.32
CO1.PCCNTR.9925302,relacionado,2026-09-12 19:44:29,INSTITUTO MUNICIPAL DE EDUCACION PARA EL TRABAJO Y DESARROLLO HUMANO DE YUMBO -IMETY-,26816000.0
CO1.PCCNTR.9895831,relacionado,2026-09-12 19:44:29,MUNICIPIO DE CARTAGO,200000000.0
CO1.PCCNTR.9836638,relacionado,2026-09-12 19:44:29,ALCALDÍA MUNICIPAL DE ROLDANILLO,200000000.0
CO1.PCCNTR.9827656,relacionado,2026-09-12 19:44:29,MUNICIPIO DE TORO,30000000.0
CO1.PCCNTR.9865348,relacionado,2026-09-12 19:44:29,ALCALDIA MUNICIPAL DE LA VICTORIA VALLE,15000000.0
CO1.PCCNTR.9825810,relacionado,2026-09-12 19:44:29,MUNICIPIO DE TORO,30000000.0
CO1.PCCNTR.9862021,relacionado,2026-09-12 19:44:29,Departamento Administrativo de Planeación - Alcaldía de Tuluá,20000000.0
CO1.PCCNTR.9859114,relacionado,2026-09-12 19:44:29,MUNICIPIO DE CARTAGO,42995409.89
CO1.PCCNTR.9862309,relacionado,2026-09-12 19:44:29,Departamento Administrativo de Planeación - Alcaldía de Tuluá,20000000.0
CO1.PCCNTR.9901323,relacionado,2026-09-12 19:44:29,MUNICIPIO DE ZARZAL,4500000.0
CO1.PCCNTR.9826088,relacionado,2026-09-12 19:44:29,ALCALDIA MUNICIPAL DE LA VICTORIA VALLE,11200000.0
CO1.PCCNTR.9877158,relacionado,2026-09-12 19:44:29,ALCALDIA DE CAICEDONIA,20000000.0
CO1.PCCNTR.9875800,relacionado,2026-09-12 19:44:29,Rama Judicial  Dirección Seccional de Administración Judicial de Cali,157999000.0
CO1.PCCNTR.9820462,relacionado,2026-09-12 19:44:29,MUNICIPIO DE BUGALAGRANDE,214826488.0
CO1.PCCNTR.9924148,relacionado,2026-09-12 19:44:29,CONCEJO MUNICIPAL DE GUADALAJARA DE BUGA,3800000.0
CO1.PCCNTR.9861936,relacionado,2026-09-12 19:44:29,Departamento Administrativo de Planeación - Alcaldía de Tuluá,20000000.0
CO1.PCCNTR.9905686,relacionado,2026-09-12 19:44:29,INSTITUTO TECNICO NACIONAL DE COMERCIO SIMON RODRIGUEZ,40000000.0
CO1.PCCNTR.9894832,relacionado,2026-09-12 19:44:29,ALCALDIA MUNICIPAL DE YOTOCO,70000000.0
CO1.PCCNTR.9851648,relacionado,2026-09-12 19:44:29,ALCALDIA MUNICIPAL DE LA VICTORIA VALLE,3300000.0
CO1.PCCNTR.9900698,relacionado,2026-09-12 19:44:29,MUNICIPIO DE ZARZAL,4500000.0
CO1.PCCNTR.9901961,relacionado,2026-09-12 19:44:29,MUNICIPIO DE BUGALAGRANDE,52355736.38
CO1.PCCNTR.9931017,relacionado,2026-09-12 19:44:29,ALCALDÍA MUNICIPAL DE ROLDANILLO,12500000.0
CO1.PCCNTR.9852357,relacionado,2026-09-12 19:44:29,ALCALDIA MUNICIPAL DE LA VICTORIA VALLE,10000000.0
CO1.PCCNTR.9838323,relacionado,2026-09-12 19:44:29,ALCALDIA MUNICIPAL DE LA VICTORIA VALLE,4886000.0
CO1.PCCNTR.9820578,relacionado,2026-09-12 19:44:29,MUNICIPIO DE BUGALAGRANDE,49630000.0
CO1.PCCNTR.9826742,relacionado,2026-09-12 19:44:29,MUNICIPIO DE CALIMA EL DARIEN VALLE,287763720.3
CO1.PCCNTR.9900882,relacionado,2026-09-12 19:44:29,Institución Universitaria de Roldanillo,257699201.0
CO1.PCCNTR.9826499,relacionado,2026-09-12 19:44:29,MUNICIPIO DE CALIMA EL DARIEN VALLE,39048300.6
CO1.PCCNTR.9836853,relacionado,2026-09-12 19:44:29,ALCALDIA MUNICIPAL DE LA VICTORIA VALLE,25904313.0
CO1.PCCNTR.9863794,relacionado,2026-09-12 19:44:29,MUNICIPIO DE CARTAGO,39984000.0
CO1.PCCNTR.9905322,relacionado,2026-09-12 19:44:29,ALCALDIA DE ALCALA,20000000.0
CO1.PCCNTR.9909740,relacionado,2026-09-12 19:44:29,ALCALDIA MUNICIPAL DE YOTOCO,200000000.0
CO1.PCCNTR.9925711,relacionado,2026-09-12 19:44:29,MUNICIPIO DE ZARZAL,4500000.0
CO1.PCCNTR.9820479,relacionado,2026-09-12 19:44:29,ALCALDIA MUNICIPAL DE ANDALUCIA VALLE DEL CAUCA,65000000.0
CO1.PCCNTR.9901312,relacionado,2026-09-12 19:44:29,MUNICIPIO DE ZARZAL,4500000.0
CO1.PCCNTR.9834539,relacionado,2026-09-12 19:44:29,ALCALDIA MUNICIPAL DE LA VICTORIA VALLE,25000000.0
CO1.PCCNTR.9900919,relacionado,2026-09-12 19:44:29,MUNICIPIO DE ZARZAL,4500000.0
CO1.PCCNTR.9901345,relacionado,2026-09-12 19:44:29,MUNICIPIO DE ZARZAL,4500000.0
CO1.PCCNTR.9851759,relacionado,2026-09-12 19:44:29,ALCALDIA MUNICIPAL DE LA VICTORIA VALLE,40000000.0
CO1.PCCNTR.9826534,relacionado,2026-09-12 19:44:29,MUNICIPIO DE CALIMA EL DARIEN VALLE,32205602.88
CO1.PCCNTR.9900788,relacionado,2026-09-12 19:44:29,MUNICIPIO DE ZARZAL,4500000.0
CO1.PCCNTR.9845387,relacionado,2026-09-12 19:44:29,ALCALDIA MUNICIPAL DE LA VICTORIA VALLE,8000000.0
CO1.PCCNTR.9925410,relacionado,2026-09-12 19:44:29,Secretaría de Educación - Alcaldía de Tuluá,7940000.0
CO1.PCCNTR.9820572,relacionado,2026-09-12 19:44:29,MUNICIPIO DE BUGALAGRANDE,346749750.0
CO1.PCCNTR.9820495,relacionado,2026-09-12 19:44:29,MUNICIPIO DE BUGALAGRANDE,8700000.0
CO1.PCCNTR.9817885,relacionado,2026-09-12 19:44:29,ALCALDIA DE ALCALA,100000000.0
CO1.PCCNTR.9839354,relacionado,2026-09-12 19:44:29,MUNICIPIO DE SEVILLA,59740000.0
CO1.PCCNTR.9830158,relacionado,2026-09-12 19:44:29,ALCALDIA MUNICIPAL DE LA VICTORIA VALLE,10200000.0
CO1.PCCNTR.9826578,relacionado,2026-09-12 19:44:29,MUNICIPIO DE CALIMA EL DARIEN VALLE,1079151183.36
CO1.PCCNTR.9865539,relacionado,2026-09-12 19:44:29,ALCALDÍA MUNICIPAL DE ROLDANILLO,50000000.0
CO1.PCCNTR.9869750,relacionado,2026-09-12 19:44:29,ALCALDIA LA CUMBRE,20000000.0
CO1.PCCNTR.9914301,relacionado,2026-09-12 19:44:29,ALCALDIA MUNICIPAL DE SAN PEDRO VALLE DEL CAUCA,35000000.0
CO1.PCCNTR.9820902,relacionado,2026-09-12 19:44:29,MUNICIPIO DE BUGALAGRANDE,25000000.0
CO1.PCCNTR.9851638,relacionado,2026-09-12 19:44:29,ALCALDIA MUNICIPAL DE LA VICTORIA VALLE,3300000.0
CO1.PCCNTR.9901294,relacionado,2026-09-12 19:44:29,MUNICIPIO DE BUGALAGRANDE,150998538.0
CO1.PCCNTR.9820580,relacionado,2026-09-12 19:44:29,ALCALDIA MUNICIPAL DE ANDALUCIA VALLE DEL CAUCA,286159346.0
CO1.PCCNTR.9820480,relacionado,2026-09-12 19:44:29,ALCALDIA MUNICIPAL DE ANDALUCIA VALLE DEL CAUCA,39990000.0
CO1.PCCNTR.9839409,relacionado,2026-09-12 19:44:29,MUNICIPIO DE SEVILLA,43694350.0
CO1.PCCNTR.9847554,relacionado,2026-09-12 19:44:29,INSTITUTO MUNICIPAL DEL DEPORTE Y LA RECREACION DE YUMBO,36515185.71
CO1.PCCNTR.9873168,relacionado,2026-09-12 19:44:29,ALCALDÍA MUNICIPIO DE PALMIRA,108300000.0
CO1.PCCNTR.9826915,relacionado,2026-09-12 19:44:29,MUNICIPIO DE CALIMA EL DARIEN VALLE,597455638.86
CO1.PCCNTR.9861986,relacionado,2026-09-12 19:44:29,Departamento Administrativo de Planeación - Alcaldía de Tuluá,20000000.0
CO1.PCCNTR.9892667,relacionado,2026-09-12 19:44:29,PERSONERIA MUNICIPAL DE VERSALLES VALLE,15000000.0
CO1.PCCNTR.9839334,relacionado,2026-09-12 19:44:29,MUNICIPIO DE SEVILLA,400000000.0
CO1.PCCNTR.9826836,relacionado,2026-09-12 19:44:29,MUNICIPIO DE CALIMA EL DARIEN VALLE,698878070.88
CO1.PCCNTR.9858747,relacionado,2026-09-12 19:44:29,GOBERNACIÓN DE RISARALDA**,1000000000.0
CO1.PCCNTR.9920212,relacionado,2026-09-12 19:44:29,SERVICIO GEOLOGICO COLOMBIANO**,60685350.0
CO1.PCCNTR.9887679,relacionado,2026-09-12 19:44:29,ALCALDIA MUNICIPAL CARAMANTA,100000000.0
CO1.PCCNTR.9905608,relacionado,2026-09-12 19:44:29,MUNICIPIO DE PEREIRA- OFICIAL,11400000.0
CO1.PCCNTR.9892312,relacionado,2026-09-12 19:44:29,MUNICIPIO DE BELALCAZAR,4400000.0
CO1.PCCNTR.9839735,relacionado,2026-09-12 19:44:29,GOBERNACIÓN DE RISARALDA**,6198000.0
CO1.PCCNTR.9836077,relacionado,2026-09-12 19:44:29,GOBERNACIÓN DE RISARALDA**,6198000.0
CO1.PCCNTR.9818239,relacionado,2026-09-12 19:44:29,Municipio de Montenegro--,4600000.0
CO1.PCCNTR.9871109,relacionado,2026-09-12 19:44:29,EMPRESA DE DESARROLLO URBANO DE PEREIRA - EDUP,6000000.0
CO1.PCCNTR.9899898,relacionado,2026-09-12 19:44:29,ALCALDÍA DEL MUNICIPIO DE SANTUARIO RISARALDA,10800000.0
CO1.PCCNTR.9838740,relacionado,2026-09-12 19:44:29,GOBERNACIÓN DE RISARALDA**,8730000.0
CO1.PCCNTR.9837419,relacionado,2026-09-12 19:44:29,GOBERNACIÓN DE RISARALDA**,6198000.0
CO1.PCCNTR.9853704,relacionado,2026-09-12 19:44:29,ALCALDIA MUNICIPIO DE BETANIA,50000000.0
CO1.PCCNTR.9888281,relacionado,2026-09-12 19:44:29,MUNICIPIO DE PEREIRA- OFICIAL,6600000.0
CO1.PCCNTR.9846057,relacionado,2026-09-12 19:44:29,ASOCIACION COLOMBIANA DE CIUDADES INTERMEDIAS,150000000.0
CO1.PCCNTR.9818408,relacionado,2026-09-12 19:44:29,Municipio de Montenegro--,800000000.0
CO1.PCCNTR.9868857,relacionado,2026-09-12 19:44:29,EMPRESA DE DESARROLLO URBANO DE PEREIRA - EDUP,6000000.0
CO1.PCCNTR.9874680,relacionado,2026-09-12 19:44:29,MUNICIPIO DE SANTA ROSA DE CABAL,25000000.0
CO1.PCCNTR.9920118,relacionado,2026-09-12 19:44:29,MUNICIPIO DE BARBOSA,39999470.0
CO1.PCCNTR.9823982,relacionado,2026-09-12 19:44:29,Alcaldía De Villamaria,20000000.0
CO1.PCCNTR.9867845,relacionado,2026-09-12 19:44:29,Alcaldía De Villamaria,4000000.0
CO1.PCCNTR.9924077,relacionado,2026-09-12 19:44:29,ALCALDIA DE ISTMINA,150000000.0
CO1.PCCNTR.9912517,relacionado,2026-09-12 19:44:29,MUNICIPIO DE PEREIRA- OFICIAL,11400000.0
CO1.PCCNTR.9907577,relacionado,2026-09-12 19:44:29,ALCALDIA MUNICIPIO DE BETANIA,20000000.0
CO1.PCCNTR.9912116,relacionado,2026-09-12 19:44:29,MUNICIPIO DE PEREIRA- OFICIAL,11400000.0
CO1.PCCNTR.9932342,relacionado,2026-09-12 19:44:29,ALCALDÍA MUNICIPIO DE CÓRDOBA - QUINDIO,50000000.0
CO1.PCCNTR.9837831,relacionado,2026-09-12 19:44:29,GOBERNACIÓN DE RISARALDA**,6198000.0
CO1.PCCNTR.9915421,relacionado,2026-09-12 19:44:29,MUNICIPIO DE PEREIRA- OFICIAL,0.0
CO1.PCCNTR.9825549,relacionado,2026-09-12 19:44:29,ALCALDIA MUNICIPIO DE RIOSUCIO CALDAS,50000000.0
CO1.PCCNTR.9843934,relacionado,2026-09-12 19:44:29,MUNICIPIO DE RISARALDA,40000000.0
CO1.PCCNTR.9925916,relacionado,2026-09-12 19:44:29,MUNICIPIO DE PEREIRA- OFICIAL,8400000.0
CO1.PCCNTR.9792776,relacionado,2026-09-12 19:44:29,MUNICIPIO DE PALESTINA CALDAS,6500000.0
CO1.PCCNTR.9817796,relacionado,2026-09-12 19:44:29,Municipio de Montenegro--,4600000.0
CO1.PCCNTR.9843135,relacionado,2026-09-12 19:44:29,EMPRESA DE DESARROLLO TERRITORIAL URBANO Y RURAL DE RISARALDA - EDUR,0.0
CO1.PCCNTR.9905905,relacionado,2026-09-12 19:44:29,MUNICIPIO DE PEREIRA- OFICIAL,13800000.0
CO1.PCCNTR.9848850,relacionado,2026-09-12 19:44:29,EMPRESA DE DESARROLLO URBANO DE PEREIRA - EDUP,9800000.0
CO1.PCCNTR.9839715,relacionado,2026-09-12 19:44:29,GOBERNACIÓN DE RISARALDA**,6198000.0
CO1.PCCNTR.9862986,relacionado,2026-09-12 19:44:29,GOBERNACIÓN DE RISARALDA**,8730000.0
CO1.PCCNTR.9925075,relacionado,2026-09-12 19:44:29,MUNICIPIO DE PEREIRA- OFICIAL,11400000.0
CO1.PCCNTR.9893782,relacionado,2026-09-12 19:44:29,ALCALDÍA MUNICIPIO DE BALBOA RISARALDA,340218000.0
CO1.PCCNTR.9894423,relacionado,2026-09-12 19:44:29,ALCALDIA MUNICIPAL LA VIRGINIA RISARALDA,150000000.0
CO1.PCCNTR.9904987,relacionado,2026-09-12 19:44:29,MUNICIPIO DE PEREIRA- OFICIAL,11400000.0
CO1.PCCNTR.9835676,relacionado,2026-09-12 19:44:29,MUNICIPIO DE VITERBO,10000000.0
CO1.PCCNTR.9832765,relacionado,2026-09-12 19:44:29,EMPRESA DE DESARROLLO URBANO DE PEREIRA - EDUP,10000000.0
CO1.PCCNTR.9818195,relacionado,2026-09-12 19:44:29,Municipio de Montenegro--,4600000.0
CO1.PCCNTR.9893154,relacionado,2026-09-12 19:44:29,MUNICIPIO DE PEREIRA- OFICIAL,6600000.0
CO1.PCCNTR.9826845,relacionado,2026-09-12 19:44:29,EMPRESA DE DESARROLLO URBANO DE PEREIRA - EDUP,9800000.0
CO1.PCCNTR.9904983,relacionado,2026-09-12 19:44:29,MUNICIPIO DE MANIZALES,70000000.0
CO1.PCCNTR.9838785,relacionado,2026-09-12 19:44:29,GOBERNACIÓN DE RISARALDA**,6198000.0
CO1.PCCNTR.9818323,relacionado,2026-09-12 19:44:29,Municipio de Montenegro--,4600000.0
CO1.PCCNTR.9924748,relacionado,2026-09-12 19:44:29,MUNICIPIO DE PEREIRA- OFICIAL,15000000.0
CO1.PCCNTR.9839124,relacionado,2026-09-12 19:44:29,GOBERNACIÓN DE RISARALDA**,6198000.0
CO1.PCCNTR.9924117,relacionado,2026-09-12 19:44:29,MUNICIPIO DE PIENDAMO,5400000.0
CO1.PCCNTR.9926634,relacionado,2026-09-12 19:44:29,MUNICIPIO DE PEREIRA- OFICIAL,7200000.0
CO1.PCCNTR.9888936,relacionado,2026-09-12 19:44:29,MUNICIPIO DE MANIZALES,70000000.0
CO1.PCCNTR.9840797,relacionado,2026-09-12 19:44:29,MUNICIPIO DE RISARALDA,23432000.0
CO1.PCCNTR.9828971,relacionado,2026-09-12 19:44:29,MUNICIPIO DE VITERBO,5000000.0
CO1.PCCNTR.9836910,relacionado,2026-09-12 19:44:29,GOBERNACIÓN DE RISARALDA**,6198000.0
CO1.PCCNTR.9887562,relacionado,2026-09-12 19:44:29,ALCALDIA MUNICIPAL CARAMANTA,10000000.0
CO1.PCCNTR.9922992,relacionado,2026-09-12 19:44:29,ALCALDÍA DEL MUNICIPIO DE SANTUARIO RISARALDA,148500000.0
CO1.PCCNTR.9865733,relacionado,2026-09-12 19:44:29,GOBERNACIÓN DE RISARALDA**,6198000.0
CO1.PCCNTR.9853799,relacionado,2026-09-12 19:44:29,GOBERNACIÓN DE RISARALDA**,2000000000.0
CO1.PCCNTR.9871661,relacionado,2026-09-12 19:44:29,MUNICIPIO DE SANTA ROSA DE CABAL,16800000.0
CO1.PCCNTR.9826789,relacionado,2026-09-12 19:44:29,EMPRESA DE DESARROLLO URBANO DE PEREIRA - EDUP,9800000.0
CO1.PCCNTR.9900663,relacionado,2026-09-12 19:44:29,ALCALDIA MUNICIPIO DE QUIBDO,779973600.0
CO1.PCCNTR.9858704,relacionado,2026-09-12 19:44:29,MUNICIPIO DE QUIMBAYA,78540000.0
CO1.PCCNTR.9900928,relacionado,2026-09-12 19:44:29,MUNICIPIO DE MANIZALES,70000000.0
CO1.PCCNTR.9913599,relacionado,2026-09-12 19:44:29,Municipio de Montenegro--,6000000.0
CO1.PCCNTR.9820807,relacionado,2026-09-12 19:44:29,GOBERNACIÓN DE RISARALDA**,500000000.0
CO1.PCCNTR.9811905,relacionado,2026-09-12 19:44:29,ALCALDIA DE CIUDAD BOLIVAR,30000000.0
CO1.PCCNTR.9838100,relacionado,2026-09-12 19:44:29,MUNICIPIO DE MANIZALES,2000000000.0
CO1.PCCNTR.9909441,relacionado,2026-09-12 19:44:29,ALCALDÍA MUNICIPAL DE LA CELIA,8000000.0
CO1.PCCNTR.9851042,relacionado,2026-09-12 19:44:29,ALCALDIA MUNICIPIO DE QUIBDO,499999946.0
CO1.PCCNTR.9903664,relacionado,2026-09-12 19:44:29,MUNICIPIO DE BELALCAZAR,150000000.0
CO1.PCCNTR.9809009,relacionado,2026-09-12 19:44:29,MUNICIPIO DE MANIZALES,1000000000.0
CO1.PCCNTR.9901956,relacionado,2026-09-12 19:44:29,ALCALDIA MUNICIPIO DE RIOSUCIO CALDAS,291744710.0
CO1.PCCNTR.9865773,relacionado,2026-09-12 19:44:29,GOBERNACIÓN DE RISARALDA**,5277000.0
CO1.PCCNTR.9912033,relacionado,2026-09-12 19:44:29,MUNICIPIO DE PEREIRA- OFICIAL,11400000.0
CO1.PCCNTR.9919753,relacionado,2026-09-12 19:44:29,MUNICIPIO DE PEREIRA- OFICIAL,7200000.0
CO1.PCCNTR.9805754,relacionado,2026-09-12 19:44:29,ALCALDIA MUNICIPIO DE RIOSUCIO CALDAS,50000000.0
CO1.PCCNTR.9826228,relacionado,2026-09-12 19:44:29,ALCALDIA DE ISTMINA,100000000.0
CO1.PCCNTR.9917780,relacionado,2026-09-12 19:44:29,MUNICIPIO DE PEREIRA- OFICIAL,11400000.0
CO1.PCCNTR.9903846,relacionado,2026-09-12 19:44:29,MUNICIPIO DE BELALCAZAR,5000000.0
CO1.PCCNTR.9796661,relacionado,2026-09-12 19:44:29,MUNICIPIO DE PALESTINA CALDAS,9734096.0
CO1.PCCNTR.9812248,relacionado,2026-09-12 19:44:29,Alcaldía De Villamaria,20000000.0
CO1.PCCNTR.9868340,relacionado,2026-09-12 19:44:29,INSTITUTO DE FINANCIAMIENTO PROMOCIÓN Y DESARROLLO DE MANIZALES - INFI-MANIZALES,304402000.0
CO1.PCCNTR.9903198,relacionado,2026-09-12 19:44:29,MUNICIPIO DE PEREIRA- OFICIAL,5000000000.0
CO1.PCCNTR.9825036,relacionado,2026-09-12 19:44:29,ALCALDIA DE CIUDAD BOLIVAR,7000000.0
CO1.PCCNTR.9838879,relacionado,2026-09-12 19:44:29,GOBERNACIÓN DE RISARALDA**,6198000.0
CO1.PCCNTR.9901756,relacionado,2026-09-12 19:44:29,ALCALDIA MUNICIPIO DE RIOSUCIO CALDAS,38079600.0
CO1.PCCNTR.9905484,relacionado,2026-09-12 19:44:29,MUNICIPIO DE PEREIRA- OFICIAL,11400000.0
CO1.PCCNTR.9812669,relacionado,2026-09-12 19:44:29,Alcaldía De Villamaria,100000000.0
CO1.PCCNTR.9817797,relacionado,2026-09-12 19:44:29,Municipio de Montenegro--,4600000.0
CO1.PCCNTR.9912626,relacionado,2026-09-12 19:44:29,MUNICIPIO DE PEREIRA- OFICIAL,11400000.0
CO1.PCCNTR.9905539,relacionado,2026-09-12 19:44:29,MUNICIPIO DE MANIZALES,70000000.0
CO1.PCCNTR.9875752,relacionado,2026-09-12 19:44:29,DIRECCIÓN TERRITORIAL DE SALUD DE CALDAS,0.0
CO1.PCCNTR.9858777,relacionado,2026-09-12 19:44:29,MUNICIPIO DE MANIZALES,1294500000.0
CO1.PCCNTR.9892727,relacionado,2026-09-12 19:44:29,MUNICIPIO DE MANIZALES,70000000.0
CO1.PCCNTR.9833279,relacionado,2026-09-12 19:44:29,ALCALDIA MUNICIPIO DE DOSQUEBRADAS,1000000000.0
CO1.PCCNTR.9919079,relacionado,2026-09-12 19:44:29,MUNICIPIO DE SANTA ROSA DE CABAL,365000000.0
CO1.PCCNTR.9844977,relacionado,2026-09-12 19:44:29,ALCALDIA MUNICIPAL LA VIRGINIA RISARALDA,200000000.0
CO1.PCCNTR.9818193,relacionado,2026-09-12 19:44:29,Municipio de Montenegro--,5000000.0
CO1.PCCNTR.9853261,relacionado,2026-09-12 19:44:29,Rama Judicial  Dirección Seccional de Administración Judicial de Montería,67500000.0
CO1.PCCNTR.9868893,relacionado,2026-09-12 19:44:29,MUNICIPIO DE QUIMBAYA,330330000.0
CO1.PCCNTR.9905756,relacionado,2026-09-12 19:44:29,MUNICIPIO DE VITERBO,7500000.0
CO1.PCCNTR.9898014,relacionado,2026-09-12 19:44:29,MUNICIPIO DE MANIZALES,70000000.0
CO1.PCCNTR.9902147,relacionado,2026-09-12 19:44:29,ALCALDIA MUNICIPIO DE RIOSUCIO CALDAS,180063000.0
CO1.PCCNTR.9809806,relacionado,2026-09-12 19:44:29,MUNICIPIO DE MANIZALES,540000000.0
CO1.PCCNTR.9817794,relacionado,2026-09-12 19:44:29,Municipio de Montenegro--,4600000.0
CO1.PCCNTR.9883100,relacionado,2026-09-12 19:44:29,ALCALDIA MUNICIPIO DE DOSQUEBRADAS,4680000.0
CO1.PCCNTR.9876290,relacionado,2026-09-12 19:44:29,MUNICIPIO DE BELALCAZAR,50000000.0
CO1.PCCNTR.9864763,relacionado,2026-09-12 19:44:29,EMPRESA DE DESARROLLO URBANO DE PEREIRA - EDUP,6000000.0
CO1.PCCNTR.9819907,relacionado,2026-09-12 19:44:29,EMPRESA DE DESARROLLO URBANO DE PEREIRA - EDUP,21886667.0
CO1.PCCNTR.9908333,relacionado,2026-09-12 19:44:29,ALCALDIA DE FILANDIA,20000000.0
CO1.PCCNTR.9813144,relacionado,2026-09-12 19:44:29,Alcaldía De Villamaria,6000000.0
CO1.PCCNTR.9857841,relacionado,2026-09-12 19:44:29,MUNICIPIO DE MANIZALES,250000000.0
CO1.PCCNTR.9900431,relacionado,2026-09-12 19:44:29,ALCALDÍA DEL MUNICIPIO DE SANTUARIO RISARALDA,10800000.0
CO1.PCCNTR.9837706,relacionado,2026-09-12 19:44:29,MUNICIPIO DE PACORA,200000000.0
CO1.PCCNTR.9907046,relacionado,2026-09-12 19:44:29,ALCALDÍA MUNICIPAL DE LA CELIA,10000000.0
CO1.PCCNTR.9921103,relacionado,2026-09-12 19:44:29,CORPORACION AUTONOMA REGIONAL DE RISARALDA,100000000.0
CO1.PCCNTR.9835903,relacionado,2026-09-12 19:44:29,GOBERNACIÓN DE RISARALDA**,6198000.0
CO1.PCCNTR.9913242,relacionado,2026-09-12 19:44:29,MUNICIPIO DE PEREIRA- OFICIAL,11400000.0
CO1.PCCNTR.9911749,relacionado,2026-09-12 19:44:29,MUNICIPIO DE PEREIRA- OFICIAL,15000000.0
CO1.PCCNTR.9908581,relacionado,2026-09-12 19:44:29,ALCALDIA DE FILANDIA,9900000.0
CO1.PCCNTR.9930230,relacionado,2026-09-12 19:44:29,MUNICIPIO DE PEREIRA- OFICIAL,11400000.0
CO1.PCCNTR.9905152,relacionado,2026-09-12 19:44:29,MUNICIPIO DE PEREIRA- OFICIAL,11400000.0
CO1.PCCNTR.9907727,relacionado,2026-09-12 19:44:29,Municipio de Montenegro--,4600000.0
CO1.PCCNTR.9925879,relacionado,2026-09-12 19:44:29,MUNICIPIO DE PEREIRA- OFICIAL,15000000.0
CO1.PCCNTR.9859917,relacionado,2026-09-12 19:44:29,MUNICIPIO DE VITERBO,20000000.0
CO1.PCCNTR.9915867,relacionado,2026-09-12 19:44:29,MUNICIPIO DE PEREIRA- OFICIAL,11400000.0
CO1.PCCNTR.9925307,relacionado,2026-09-12 19:44:29,MUNICIPIO DE PEREIRA- OFICIAL,7200000.0
CO1.PCCNTR.9833281,relacionado,2026-09-12 19:44:29,EMPRESA DE DESARROLLO URBANO DE PEREIRA - EDUP,8000000.0
CO1.PCCNTR.9855394,relacionado,2026-09-12 19:44:29,MINISTERIO DE EDUCACION NACIONAL (MEN),17927978.0
CO1.PCCNTR.9870136,relacionado,2026-09-12 19:44:29,MINISTERIO DE EDUCACION NACIONAL (MEN),17927978.0
CO1.REQ.10959217,relacionado,2026-09-12 19:44:29,SANTIAGO DE CALI DISTRITO ESPECIAL - SECRETARÍA DE GESTIÓN DEL RIESGO DE EMERGENCIAS Y DESASTRE,4000000000.0
CO1.REQ.10927844,relacionado,2026-09-12 19:44:29,SANTIAGO DE CALI DISTRITO ESPECIAL - SECRETARÍA DE GESTIÓN DEL RIESGO DE EMERGENCIAS Y DESASTRE,7894000.0
CO1.REQ.10866166,relacionado,2026-09-12 19:44:29,SANTIAGO DE CALI DISTRITO ESPECIAL - UNIDAD ADMINISTRATIVA ESPECIAL DE SERVICIOS PUBLICOS,3759980000.0
CO1.REQ.10955679,relacionado,2026-09-12 19:44:29,SANTIAGO DE CALI DISTRITO ESPECIAL - SECRETARÍA DE GESTIÓN DEL RIESGO DE EMERGENCIAS Y DESASTRE,4000000000.0
CO1.REQ.10997971,relacionado,2026-09-12 19:44:29,SANTIAGO DE CALI DISTRITO ESPECIAL- UNIDAD ADMINISTRATIVA ESPECIAL DE GESTION DE BIENES Y SERVICIOS - CALI,700000000.0
CO1.REQ.10890584,relacionado,2026-09-12 19:44:29,MUNICIPIO DE SEVILLA,400000000.0
CO1.REQ.11022157,relacionado,2026-09-12 19:44:29,EMPRESAS MUNICIPALES DE TULUA E.S.P.,140000000.0
CO1.REQ.10866913,relacionado,2026-09-12 19:44:29,MUNICIPIO DE BUGALAGRANDE,25000000.0
CO1.REQ.10909803,relacionado,2026-09-12 19:44:29,ALCALDIA MUNICIPAL DE LA VICTORIA VALLE,40000000.0
CO1.REQ.10959523,relacionado,2026-09-12 19:44:29,INSTITUCION EDUCATIVA SAN VICENTE.,8980000.0
CO1.REQ.10909155,relacionado,2026-09-12 19:44:29,ALCALDIA MUNICIPAL DE LA VICTORIA VALLE,3300000.0
CO1.REQ.10997418,relacionado,2026-09-12 19:44:29,ALCALDIA MUNICIPAL DE YOTOCO,120000000.0
CO1.REQ.10889032,relacionado,2026-09-12 19:44:29,ALCALDIA MUNICIPAL DE LA VICTORIA VALLE,13968300.0
CO1.REQ.10976577,relacionado,2026-09-12 19:44:29,MUNICIPIO DE ZARZAL,4500000.0
CO1.REQ.10945983,relacionado,2026-09-12 19:44:29,ALCALDIA DE CAICEDONIA,20000000.0
CO1.REQ.10889517,relacionado,2026-09-12 19:44:29,ALCALDIA MUNICIPAL DE LA VICTORIA VALLE,15000000.0
CO1.REQ.10979021,relacionado,2026-09-12 19:44:29,INSTITUTO TECNICO NACIONAL DE COMERCIO SIMON RODRIGUEZ,1400000000.0
CO1.REQ.10944186,relacionado,2026-09-12 19:44:29,Rama Judicial  Dirección Seccional de Administración Judicial de Cali,157999000.0
CO1.REQ.10873991,relacionado,2026-09-12 19:44:29,ALCALDIA MUNICIPAL DE LA VICTORIA VALLE,11200000.0
CO1.REQ.10863847,relacionado,2026-09-12 19:44:29,ALCALDIA MUNICIPAL DE YOTOCO,200000000.0
CO1.REQ.10900595,relacionado,2026-09-12 19:44:29,ALCALDIA MUNICIPAL DE LA VICTORIA VALLE,8000000.0
CO1.REQ.11009635,relacionado,2026-09-12 19:44:29,MUNICIPIO DE ZARZAL,4500000.0
CO1.REQ.10941456,relacionado,2026-09-12 19:44:29,ALCALDÍA MUNICIPIO DE PALMIRA,108300000.0
CO1.REQ.10925614,relacionado,2026-09-12 19:44:29,Departamento Administrativo de Planeación - Alcaldía de Tuluá,20000000.0
CO1.REQ.10964839,relacionado,2026-09-12 19:44:29,EMPRESAS MUNICIPALES DE CALI,1240372309.0
CO1.REQ.10934446,relacionado,2026-09-12 19:44:29,ALCALDIA DE ALCALA,200000000.0
CO1.REQ.10890980,relacionado,2026-09-12 19:44:29,ALCALDIA MUNICIPAL DE LA VICTORIA VALLE,4886000.0
CO1.REQ.10930186,relacionado,2026-09-12 19:44:29,ALCALDÍA MUNICIPAL DE ROLDANILLO,50000000.0
CO1.REQ.10981159,relacionado,2026-09-12 19:44:29,MUNICIPIO DE BUGALAGRANDE,150998538.0
CO1.REQ.11012326,relacionado,2026-09-12 19:44:29,CONCEJO MUNICIPAL DE GUADALAJARA DE BUGA,3800000.0
CO1.REQ.10959841,relacionado,2026-09-12 19:44:29,HOSPITAL KENNEDY ESE,4021739.0
CO1.REQ.10866737,relacionado,2026-09-12 19:44:29,MUNICIPIO DE BUGALAGRANDE,62960000.0
CO1.REQ.10977356,relacionado,2026-09-12 19:44:29,MUNICIPIO DE ZARZAL,4500000.0
CO1.REQ.10874561,relacionado,2026-09-12 19:44:29,MUNICIPIO DE CALIMA EL DARIEN VALLE,287763720.0
CO1.REQ.10891147,relacionado,2026-09-12 19:44:29,MUNICIPIO DE SEVILLA,43694350.0
CO1.REQ.10875119,relacionado,2026-09-12 19:44:29,MUNICIPIO DE CALIMA EL DARIEN VALLE,698878070.0
CO1.REQ.10985400,relacionado,2026-09-12 19:44:29,INSTITUTO TECNICO NACIONAL DE COMERCIO SIMON RODRIGUEZ,40000000.0
CO1.REQ.10873703,relacionado,2026-09-12 19:44:29,MUNICIPIO DE TORO,30000000.0
CO1.REQ.10968505,relacionado,2026-09-12 19:44:29,INSTITUCION EDUCATIVA CARLOS HOLGUIN LLOREDA,15000000.0
CO1.REQ.11009156,relacionado,2026-09-12 19:44:29,UNIAJC,241278400.0
CO1.REQ.10928720,relacionado,2026-09-12 19:44:29,MUNICIPIO DE CARTAGO,39984000.0
CO1.REQ.10910499,relacionado,2026-09-12 19:44:29,ALCALDIA MUNICIPAL DE LA VICTORIA VALLE,10000000.0
CO1.REQ.10874913,relacionado,2026-09-12 19:44:29,MUNICIPIO DE CALIMA EL DARIEN VALLE,597455638.0
CO1.REQ.10863976,relacionado,2026-09-12 19:44:29,ALCALDIA MUNICIPAL DE YOTOCO,200000000.0
CO1.REQ.10903026,relacionado,2026-09-12 19:44:29,INSTITUTO MUNICIPAL DEL DEPORTE Y LA RECREACION DE YUMBO,36515185.0
CO1.REQ.10858825,relacionado,2026-09-12 19:44:29,Institución Universitaria de Roldanillo,4601691934.0
CO1.REQ.10864758,relacionado,2026-09-12 19:44:29,ALCALDIA MUNICIPAL DE YOTOCO,70000000.0
CO1.REQ.10925269,relacionado,2026-09-12 19:44:29,Departamento Administrativo de Planeación - Alcaldía de Tuluá,20000000.0
CO1.REQ.10976699,relacionado,2026-09-12 19:44:29,MUNICIPIO DE ZARZAL,4500000.0
CO1.REQ.10943324,relacionado,2026-09-12 19:44:29,HUV - HOSPITAL UNIVERSITARIO DEL VALLE EVARISTO GARCIA E.S.E.,10715950.0
CO1.REQ.10961222,relacionado,2026-09-12 19:44:29,HUV - HOSPITAL UNIVERSITARIO DEL VALLE EVARISTO GARCIA E.S.E.,3000000000.0
CO1.REQ.11012549,relacionado,2026-09-12 19:44:29,CONCEJO MUNICIPAL DE GUADALAJARA DE BUGA,3600000.0
CO1.REQ.10873733,relacionado,2026-09-12 19:44:29,MUNICIPIO DE TORO,10000000.0
CO1.REQ.10981729,relacionado,2026-09-12 19:44:29,MUNICIPIO DE BUGALAGRANDE,52355736.0
CO1.REQ.10866695,relacionado,2026-09-12 19:44:29,MUNICIPIO DE BUGALAGRANDE,8700000.0
CO1.REQ.10930937,relacionado,2026-09-12 19:44:29,ALCALDIA MUNICIPAL DE LA VICTORIA VALLE,15000000.0
CO1.REQ.10976935,relacionado,2026-09-12 19:44:29,MUNICIPIO DE ZARZAL,4500000.0
CO1.REQ.10863349,relacionado,2026-09-12 19:44:29,ALCALDIA DE ALCALA,150000000.0
CO1.REQ.11021245,relacionado,2026-09-12 19:44:29,ALCALDÍA MUNICIPAL DE ROLDANILLO,12500000.0
CO1.REQ.10863307,relacionado,2026-09-12 19:44:29,ALCALDIA DE ALCALA,100000000.0
CO1.REQ.10949081,relacionado,2026-09-12 19:44:29,ALCALDIA MUNICIPAL DE SAN PEDRO VALLE DEL CAUCA,35000000.0
CO1.REQ.10940543,relacionado,2026-09-12 19:44:29,"Secretaría de Gobierno, Convivencia y Seguridad - Alcaldía de Tuluá",80000000.0
CO1.REQ.10986224,relacionado,2026-09-12 19:44:29,ALCALDIA DE ALCALA,20000000.0
CO1.REQ.10863314,relacionado,2026-09-12 19:44:29,ALCALDIA DE ALCALA,20000000.0
CO1.REQ.10976959,relacionado,2026-09-12 19:44:29,MUNICIPIO DE ZARZAL,4500000.0
CO1.REQ.10954452,relacionado,2026-09-12 19:44:29,ALCALDIA MUNICIPAL DE LA VICTORIA VALLE,10000000.0
CO1.REQ.10866085,relacionado,2026-09-12 19:44:29,MUNICIPIO DE BUGALAGRANDE,214826488.0
CO1.REQ.10866901,relacionado,2026-09-12 19:44:29,ALCALDIA MUNICIPAL DE ANDALUCIA VALLE DEL CAUCA,39990000.0
CO1.REQ.10972332,relacionado,2026-09-12 19:44:29,MUNICIPIO DE CARTAGO,200000000.0
CO1.REQ.10874417,relacionado,2026-09-12 19:44:29,MUNICIPIO DE CALIMA EL DARIEN VALLE,32205602.0
CO1.REQ.11013113,relacionado,2026-09-12 19:44:29,INSTITUTO MUNICIPAL DE EDUCACION PARA EL TRABAJO Y DESARROLLO HUMANO DE YUMBO -IMETY-,26816000.0
CO1.REQ.10925762,relacionado,2026-09-12 19:44:29,Departamento Administrativo de Planeación - Alcaldía de Tuluá,20000000.0
CO1.REQ.10866685,relacionado,2026-09-12 19:44:29,MUNICIPIO DE BUGALAGRANDE,8700000.0
CO1.REQ.10865319,relacionado,2026-09-12 19:44:29,ALCALDIA MUNICIPAL DE YOTOCO,100000000.0
CO1.REQ.10881608,relacionado,2026-09-12 19:44:29,ALCALDIA MUNICIPAL DE LA VICTORIA VALLE,7800000.0
CO1.REQ.10866748,relacionado,2026-09-12 19:44:29,ALCALDIA MUNICIPAL DE ANDALUCIA VALLE DEL CAUCA,55000000.0
CO1.REQ.10963368,relacionado,2026-09-12 19:44:29,HUV - HOSPITAL UNIVERSITARIO DEL VALLE EVARISTO GARCIA E.S.E.,3200000000.0
CO1.REQ.10920754,relacionado,2026-09-12 19:44:29,MUNICIPIO DE CARTAGO,45000000.0
CO1.REQ.10994886,relacionado,2026-09-12 19:44:29,UNIVERSIDAD DEL VALLE,6346454.0
CO1.REQ.10866735,relacionado,2026-09-12 19:44:29,MUNICIPIO DE BUGALAGRANDE,346749750.0
CO1.REQ.10866608,relacionado,2026-09-12 19:44:29,MUNICIPIO DE BUGALAGRANDE,214826488.0
CO1.REQ.10977122,relacionado,2026-09-12 19:44:29,MUNICIPIO DE ZARZAL,4500000.0
CO1.REQ.10977340,relacionado,2026-09-12 19:44:29,MUNICIPIO DE ZARZAL,4500000.0
CO1.REQ.10977236,relacionado,2026-09-12 19:44:29,MUNICIPIO DE ZARZAL,4500000.0
CO1.REQ.10983655,relacionado,2026-09-12 19:44:29,INSTITUCION EDUCATIVA TECNICO INDUSTRIAL PEDRO ANTONIO MOLINA,11126500.0
CO1.REQ.10894177,relacionado,2026-09-12 19:44:29,MUNICIPIO DE TORO,2260000.0
CO1.REQ.10979792,relacionado,2026-09-12 19:44:29,Institución Universitaria de Roldanillo,257699201.0
CO1.REQ.10935946,relacionado,2026-09-12 19:44:29,UNIAJC,6976838150.0
CO1.REQ.10874929,relacionado,2026-09-12 19:44:29,MUNICIPIO DE CALIMA EL DARIEN VALLE,39048300.0
CO1.REQ.10874762,relacionado,2026-09-12 19:44:29,MUNICIPIO DE CALIMA EL DARIEN VALLE,1079151183.0
CO1.REQ.10866751,relacionado,2026-09-12 19:44:29,MUNICIPIO DE BUGALAGRANDE,49630000.0
CO1.REQ.10963226,relacionado,2026-09-12 19:44:29,HUV - HOSPITAL UNIVERSITARIO DEL VALLE EVARISTO GARCIA E.S.E.,4000000000.0
CO1.REQ.10912603,relacionado,2026-09-12 19:44:29,INSTITUCION EDUCATIVA BARTOLOME LOBOGUERRERO,18323568.0
CO1.REQ.10890881,relacionado,2026-09-12 19:44:29,MUNICIPIO DE SEVILLA,59740000.0
CO1.REQ.10976691,relacionado,2026-09-12 19:44:29,MUNICIPIO DE ZARZAL,4500000.0
CO1.REQ.10909611,relacionado,2026-09-12 19:44:29,ALCALDIA MUNICIPAL DE LA VICTORIA VALLE,3300000.0
CO1.REQ.10916490,relacionado,2026-09-12 19:44:29,INSTITUCION EDUCATIVA GENERAL SANTANDER .L,10010000.0
CO1.REQ.10876251,relacionado,2026-09-12 19:44:29,MUNICIPIO DE TORO,30000000.0
CO1.REQ.10880436,relacionado,2026-09-12 19:44:29,ALCALDIA MUNICIPAL DE LA VICTORIA VALLE,10200000.0
CO1.REQ.10932474,relacionado,2026-09-12 19:44:29,INSTITUCIÓN EDUCATIVA JULIA RESTREPO,18000000.0
CO1.REQ.10977289,relacionado,2026-09-12 19:44:29,MUNICIPIO DE ZARZAL,4500000.0
CO1.REQ.10889737,relacionado,2026-09-12 19:44:29,ALCALDIA MUNICIPAL DE LA VICTORIA VALLE,25904313.0
CO1.REQ.10925081,relacionado,2026-09-12 19:44:29,Departamento Administrativo de Planeación - Alcaldía de Tuluá,20000000.0
CO1.REQ.10866904,relacionado,2026-09-12 19:44:29,ALCALDIA MUNICIPAL DE ANDALUCIA VALLE DEL CAUCA,286159346.0
CO1.REQ.10976125,relacionado,2026-09-12 19:44:29,HUV - HOSPITAL UNIVERSITARIO DEL VALLE EVARISTO GARCIA E.S.E.,192500350.0
CO1.REQ.10891354,relacionado,2026-09-12 19:44:29,MUNICIPIO DE SEVILLA,300247974.0
CO1.REQ.10888304,relacionado,2026-09-12 19:44:29,ALCALDÍA MUNICIPAL DE ROLDANILLO,200000000.0
CO1.REQ.10885263,relacionado,2026-09-12 19:44:29,ALCALDIA MUNICIPAL DE LA VICTORIA VALLE,25000000.0
CO1.REQ.11013125,relacionado,2026-09-12 19:44:29,REGION DE PLANEACION Y GESTION DEL CENTRO DEL VALLE- RPG CENVALLE,25000000.0
CO1.REQ.10921169,relacionado,2026-09-12 19:44:29,EMPRESA DE SERVICIOS VARIOS LA VICTORIA ESP S.A.,17650000.0
CO1.REQ.10982096,relacionado,2026-09-12 19:44:29,HIDC,25311496.0
CO1.REQ.10884642,relacionado,2026-09-12 19:44:29,AGUAS DE MANIZALES,59746069.0
CO1.REQ.11003507,relacionado,2026-09-12 19:44:29,MUNICIPIO DE PEREIRA- OFICIAL,11400000.0
CO1.REQ.11013693,relacionado,2026-09-12 19:44:29,MUNICIPIO DE PEREIRA- OFICIAL,7200000.0
CO1.REQ.11014549,relacionado,2026-09-12 19:44:29,MUNICIPIO DE PEREIRA- OFICIAL,8400000.0
CO1.REQ.10873015,relacionado,2026-09-12 19:44:29,ALCALDIA DE CIUDAD BOLIVAR,7000000.0
CO1.REQ.10930167,relacionado,2026-09-12 19:44:29,GOBERNACIÓN DE RISARALDA**,6198000.0
CO1.REQ.10918948,relacionado,2026-09-12 19:44:29,MUNICIPIO DE MANIZALES,250000000.0
CO1.REQ.10986074,relacionado,2026-09-12 19:44:29,MUNICIPIO DE PEREIRA- OFICIAL,11400000.0
CO1.REQ.10920234,relacionado,2026-09-12 19:44:29,MUNICIPIO DE QUIMBAYA,78540000.0
CO1.REQ.10890313,relacionado,2026-09-12 19:44:29,MUNICIPIO DE PACORA,200000000.0
CO1.REQ.10964035,relacionado,2026-09-12 19:44:29,ALCALDÍA DEL MUNICIPIO DE SANTUARIO RISARALDA,10800000.0
CO1.REQ.10989577,relacionado,2026-09-12 19:44:29,Municipio de Montenegro--,4600000.0
CO1.REQ.10877598,relacionado,2026-09-12 19:44:29,MUNICIPIO DE VITERBO,5000000.0
CO1.REQ.10987148,relacionado,2026-09-12 19:44:29,MUNICIPIO DE VITERBO,7500000.0
CO1.REQ.10883489,relacionado,2026-09-12 19:44:29,GOBERNACIÓN DE RISARALDA**,6198000.0
CO1.REQ.10863347,relacionado,2026-09-12 19:44:29,Municipio de Montenegro--,4600000.0
CO1.REQ.10879511,relacionado,2026-09-12 19:44:29,empresa social del estado ese hospital santa monica,13410110.0
CO1.REQ.10986882,relacionado,2026-09-12 19:44:29,MUNICIPIO DE PEREIRA- OFICIAL,11400000.0
CO1.REQ.10852083,relacionado,2026-09-12 19:44:29,MUNICIPIO DE MANIZALES,1000000000.0
CO1.REQ.10973982,relacionado,2026-09-12 19:44:29,MUNICIPIO DE PEREIRA- OFICIAL,5000000000.0
CO1.REQ.10865900,relacionado,2026-09-12 19:44:29,GOBERNACIÓN DE RISARALDA**,500000000.0
CO1.REQ.10990751,relacionado,2026-09-12 19:44:29,ALCALDIA DE FILANDIA,9900000.0
CO1.REQ.10901150,relacionado,2026-09-12 19:44:29,ASOCIACION COLOMBIANA DE CIUDADES INTERMEDIAS,150000000.0
CO1.REQ.10936415,relacionado,2026-09-12 19:44:29,MUNICIPIO DE QUIMBAYA,330330000.0
CO1.REQ.10933518,relacionado,2026-09-12 19:44:29,INSTITUTO DE FINANCIAMIENTO PROMOCIÓN Y DESARROLLO DE MANIZALES - INFI-MANIZALES,304402000.0
CO1.REQ.10863604,relacionado,2026-09-12 19:44:29,Municipio de Montenegro--,4600000.0
CO1.REQ.10960470,relacionado,2026-09-12 19:44:29,ALCALDIA MUNICIPAL CARAMANTA,100000000.0
CO1.REQ.10887681,relacionado,2026-09-12 19:44:29,GOBERNACIÓN DE RISARALDA**,6198000.0
CO1.REQ.10927325,relacionado,2026-09-12 19:44:29,GOBERNACIÓN DE RISARALDA**,8730000.0
CO1.REQ.10986462,relacionado,2026-09-12 19:44:29,MUNICIPIO DE PEREIRA- OFICIAL,11400000.0
CO1.REQ.10867482,relacionado,2026-09-12 19:44:29,ALCALDIA MUNICIPIO DE JARDÍN,49000000.0
CO1.REQ.10975136,relacionado,2026-09-12 19:44:29,MUNICIPIO DE MANIZALES,70000000.0
CO1.REQ.10995048,relacionado,2026-09-12 19:44:29,MUNICIPIO DE PEREIRA- OFICIAL,11400000.0
CO1.REQ.10998767,relacionado,2026-09-12 19:44:29,MUNICIPIO DE PEREIRA- OFICIAL,0.0
CO1.REQ.11006618,relacionado,2026-09-12 19:44:29,EMPRESA DE VIVIENDA DE ANTIOQUIA-VIVA,104003440.0
CO1.REQ.11011869,relacionado,2026-09-12 19:44:29,MUNICIPIO DE PIENDAMO,5400000.0
CO1.REQ.10870649,relacionado,2026-09-12 19:44:29,EMPRESA DE DESARROLLO URBANO DE PEREIRA - EDUP,9800000.0
CO1.REQ.10979689,relacionado,2026-09-12 19:44:29,MUNICIPIO DE MANIZALES,70000000.0
CO1.REQ.10985969,relacionado,2026-09-12 19:44:29,MUNICIPIO DE MANIZALES,70000000.0
CO1.REQ.10884116,relacionado,2026-09-12 19:44:29,GOBERNACIÓN DE RISARALDA**,6198000.0
CO1.REQ.10985352,relacionado,2026-09-12 19:44:29,EMPRESA DE OBRAS SANITARIAS DE CALDAS S.A E.S.P.,18165194.0
CO1.REQ.10863442,relacionado,2026-09-12 19:44:29,Municipio de Montenegro--,4600000.0
CO1.REQ.11001311,relacionado,2026-09-12 19:44:29,CORPORACION AUTONOMA REGIONAL DE RISARALDA,100000000.0
CO1.REQ.10904252,relacionado,2026-09-12 19:44:29,EMPRESA DE DESARROLLO URBANO DE PEREIRA - EDUP,9800000.0
CO1.REQ.10884024,relacionado,2026-09-12 19:44:29,GOBERNACIÓN DE RISARALDA**,6198000.0
CO1.REQ.10995196,relacionado,2026-09-12 19:44:29,MUNICIPIO DE PEREIRA- OFICIAL,11400000.0
CO1.REQ.11023431,relacionado,2026-09-12 19:44:29,MUNICIPIO DE PEREIRA- OFICIAL,11400000.0
CO1.REQ.11021750,relacionado,2026-09-12 19:44:29,MUNICIPIO DE PEREIRA- OFICIAL,6600000.0
CO1.REQ.10911758,relacionado,2026-09-12 19:44:29,Rama Judicial  Dirección Seccional de Administración Judicial de Montería,67500000.0
CO1.REQ.11015638,relacionado,2026-09-12 19:44:29,MUNICIPIO DE PEREIRA- OFICIAL,7200000.0
CO1.REQ.10892916,relacionado,2026-09-12 19:44:29,MUNICIPIO DE MANIZALES,0.0
CO1.REQ.11013527,relacionado,2026-09-12 19:44:29,MUNICIPIO DE PEREIRA- OFICIAL,15000000.0
CO1.REQ.10875154,relacionado,2026-09-12 19:44:29,EMPRESA DE DESARROLLO URBANO DE PEREIRA - EDUP,9800000.0
CO1.REQ.11000080,relacionado,2026-09-12 19:44:29,MUNICIPIO DE PEREIRA- OFICIAL,11400000.0
CO1.REQ.10979364,relacionado,2026-09-12 19:44:29,MUNICIPIO DE MANIZALES,70000000.0
CO1.REQ.10868383,relacionado,2026-09-12 19:44:29,AGUAS DE MANIZALES,6378400.0
CO1.REQ.10873808,relacionado,2026-09-12 19:44:29,ALCALDIA DE ISTMINA,100000000.0
CO1.REQ.10961813,relacionado,2026-09-12 19:44:29,MUNICIPIO DE PEREIRA- OFICIAL,6600000.0
CO1.REQ.10938413,relacionado,2026-09-12 19:44:29,EMPRESA DE DESARROLLO URBANO DE PEREIRA - EDUP,6000000.0
CO1.REQ.11015175,relacionado,2026-09-12 19:44:29,MUNICIPIO DE PEREIRA- OFICIAL,15000000.0
CO1.REQ.10986787,relacionado,2026-09-12 19:44:29,MUNICIPIO DE PEREIRA- OFICIAL,13800000.0
CO1.REQ.10883906,relacionado,2026-09-12 19:44:29,EMPRESA DE DESARROLLO URBANO DE PEREIRA - EDUP,8000000.0
CO1.REQ.10884029,relacionado,2026-09-12 19:44:29,GOBERNACIÓN DE RISARALDA**,6198000.0
CO1.REQ.10989999,relacionado,2026-09-12 19:44:29,ALCALDIA DE FILANDIA,20000000.0
CO1.REQ.10863433,relacionado,2026-09-12 19:44:29,Municipio de Montenegro--,5000000.0
CO1.REQ.10963426,relacionado,2026-09-12 19:44:29,ALCALDÍA DEL MUNICIPIO DE SANTUARIO RISARALDA,10800000.0
CO1.REQ.10969610,relacionado,2026-09-12 19:44:29,ALCALDIA MUNICIPAL LA VIRGINIA RISARALDA,150000000.0
CO1.REQ.10863246,relacionado,2026-09-12 19:44:29,Municipio de Montenegro--,4600000.0
CO1.REQ.11002580,relacionado,2026-09-12 19:44:29,MUNICIPIO DE SANTA ROSA DE CABAL,365000000.0
CO1.REQ.10898215,relacionado,2026-09-12 19:44:29,MUNICIPIO DE RISARALDA,40000000.0
CO1.REQ.10852992,relacionado,2026-09-12 19:44:29,MUNICIPIO DE MANIZALES,360000000.0
CO1.REQ.10953606,relacionado,2026-09-12 19:44:29,ALCALDIA MUNICIPIO DE DOSQUEBRADAS,4680000.0
CO1.REQ.10921018,relacionado,2026-09-12 19:44:29,MUNICIPIO DE MANIZALES,863000000.0
CO1.REQ.10934837,relacionado,2026-09-12 19:44:29,Alcaldía De Villamaria,4000000.0
CO1.REQ.11020820,relacionado,2026-09-12 19:44:29,BANCO DE LA REPUBLICA,19875000.0
CO1.REQ.11013802,relacionado,2026-09-12 19:44:29,MUNICIPIO DE PEREIRA- OFICIAL,11400000.0
CO1.REQ.10891556,relacionado,2026-09-12 19:44:29,MUNICIPIO DE MANIZALES,2000000000.0
CO1.REQ.10955634,relacionado,2026-09-12 19:44:29,UNIVERSIDAD TECNOLÓGICA DE PEREIRA,1470000.0
CO1.REQ.10871415,relacionado,2026-09-12 19:44:29,Alcaldía De Villamaria,20000000.0
CO1.REQ.10968543,relacionado,2026-09-12 19:44:29,MUNICIPIO DE PEREIRA- OFICIAL,6600000.0
CO1.REQ.10848294,relacionado,2026-09-12 19:44:29,ALCALDIA MUNICIPIO DE RIOSUCIO CALDAS,50000000.0
CO1.REQ.10999294,relacionado,2026-09-12 19:44:29,MUNICIPIO DE PEREIRA- OFICIAL,0.0
CO1.REQ.10985768,relacionado,2026-09-12 19:44:29,MUNICIPIO DE PEREIRA- OFICIAL,11400000.0
CO1.REQ.10961977,relacionado,2026-09-12 19:44:29,MUNICIPIO DE MANIZALES,70000000.0
CO1.REQ.10995822,relacionado,2026-09-12 19:44:29,MUNICIPIO DE PEREIRA- OFICIAL,11400000.0
CO1.REQ.10943437,relacionado,2026-09-12 19:44:29,MUNICIPIO DE SANTA ROSA DE CABAL,25000000.0
CO1.REQ.10912458,relacionado,2026-09-12 19:44:29,INSTITUCION EDUCATIVA PADUA,3784652.0
CO1.REQ.11022787,relacionado,2026-09-12 19:44:29,ALCALDÍA MUNICIPIO DE CÓRDOBA - QUINDIO,50000000.0
CO1.REQ.10883891,relacionado,2026-09-12 19:44:29,GOBERNACIÓN DE RISARALDA**,8730000.0
CO1.REQ.10891700,relacionado,2026-09-12 19:44:29,GOBERNACIÓN DE RISARALDA**,6198000.0
CO1.REQ.10992305,relacionado,2026-09-12 19:44:29,UNIVERSIDAD TECNOLÓGICA DE PEREIRA,7612000.0
CO1.REQ.10995095,relacionado,2026-09-12 19:44:29,FIDUCIARIA LA PREVISORA S.A.- FIDUPREVISORA S.A.,9243594010.0
CO1.REQ.10944532,relacionado,2026-09-12 19:44:29,DIRECCIÓN TERRITORIAL DE SALUD DE CALDAS,0.0
CO1.REQ.10934502,relacionado,2026-09-12 19:44:29,MUNICIPIO DE SANTA ROSA DE CABAL,16800000.0
CO1.REQ.10981577,relacionado,2026-09-12 19:44:29,ALCALDIA MUNICIPIO DE RIOSUCIO CALDAS,38079600.0
CO1.REQ.10855877,relacionado,2026-09-12 19:44:29,ALCALDIA DE CIUDAD BOLIVAR,30000000.0
CO1.REQ.11006126,relacionado,2026-09-12 19:44:29,EMPRESA DE VIVIENDA DE ANTIOQUIA-VIVA,40352732.0
CO1.REQ.11020197,relacionado,2026-09-12 19:44:29,MUNICIPIO DE PEREIRA- OFICIAL,11400000.0
CO1.REQ.10960431,relacionado,2026-09-12 19:44:29,ALCALDIA MUNICIPAL CARAMANTA,10000000.0
CO1.REQ.10897528,relacionado,2026-09-12 19:44:29,Alcaldía De Villamaria,6000000.0
CO1.REQ.10868401,relacionado,2026-09-12 19:44:29,AGUAS DE MANIZALES,13430340.0
CO1.REQ.10908137,relacionado,2026-09-12 19:44:29,ALCALDIA MUNICIPIO DE QUIBDO,499999946.0
CO1.REQ.10863146,relacionado,2026-09-12 19:44:29,Municipio de Montenegro--,4600000.0
CO1.REQ.11014433,relacionado,2026-09-12 19:44:29,MUNICIPIO DE PEREIRA- OFICIAL,14700000.0
CO1.REQ.10929528,relacionado,2026-09-12 19:44:29,EMPRESA DE DESARROLLO URBANO DE PEREIRA - EDUP,6000000.0
CO1.REQ.11005834,relacionado,2026-09-12 19:44:29,EMPRESA DE VIVIENDA DE ANTIOQUIA-VIVA,36129077.0
CO1.REQ.10911949,relacionado,2026-09-12 19:44:29,ALCALDIA MUNICIPIO DE BETANIA,50000000.0
CO1.REQ.10985308,relacionado,2026-09-12 19:44:29,EMPRESA DE OBRAS SANITARIAS DE CALDAS S.A E.S.P.,130286239.0
CO1.REQ.10912721,relacionado,2026-09-12 19:44:29,GOBERNACIÓN DE RISARALDA**,2000000000.0
CO1.REQ.10944017,relacionado,2026-09-12 19:44:29,UNIVERSIDAD TECNOLÓGICA DE PEREIRA,6000000.0
CO1.REQ.10918296,relacionado,2026-09-12 19:44:29,MUNICIPIO DE VITERBO,20000000.0
CO1.REQ.10873545,relacionado,2026-09-12 19:44:29,ALCALDIA MUNICIPIO DE RIOSUCIO CALDAS,50000000.0
CO1.REQ.11005199,relacionado,2026-09-12 19:44:29,ALCALDÍA DEL MUNICIPIO DE SANTUARIO RISARALDA,148500000.0
CO1.REQ.10995078,relacionado,2026-09-12 19:44:29,MUNICIPIO DE PEREIRA- OFICIAL,15000000.0
CO1.REQ.10940575,relacionado,2026-09-12 19:44:29,SERVICIO GEOLOGICO COLOMBIANO**,60685350.0
CO1.REQ.10931022,relacionado,2026-09-12 19:44:29,GOBERNACIÓN DE RISARALDA**,5277000.0
CO1.REQ.10882951,relacionado,2026-09-12 19:44:29,ALCALDIA MUNICIPIO DE DOSQUEBRADAS,1000000000.0
CO1.REQ.10989375,relacionado,2026-09-12 19:44:29,ALCALDIA MUNICIPIO DE BETANIA,20000000.0
CO1.REQ.10885739,relacionado,2026-09-12 19:44:29,GOBERNACIÓN DE RISARALDA**,6198000.0
CO1.REQ.11006825,relacionado,2026-09-12 19:44:29,UNIVERSIDAD DE CALDAS.,650000000.0
CO1.REQ.10982347,relacionado,2026-09-12 19:44:29,ALCALDIA MUNICIPIO DE RIOSUCIO CALDAS,180063000.0
CO1.REQ.10894058,relacionado,2026-09-12 19:44:29,MUNICIPIO DE RISARALDA,23432000.0
CO1.REQ.10925010,relacionado,2026-09-12 19:44:29,INSTITUCION EDUCATIVA ALFONSO JARAMILLO GUTIERREZ,15999686.0
CO1.REQ.10997058,relacionado,2026-09-12 19:44:29,MUNICIPIO DE PEREIRA- OFICIAL,11400000.0
CO1.REQ.10996049,relacionado,2026-09-12 19:44:29,MUNICIPIO DE PEREIRA- OFICIAL,11400000.0
CO1.REQ.10891033,relacionado,2026-09-12 19:44:29,MUNICIPIO DE MANIZALES,250000000.0
CO1.REQ.10981713,relacionado,2026-09-12 19:44:29,ALCALDIA MUNICIPIO DE RIOSUCIO CALDAS,291744710.0
CO1.REQ.10941967,relacionado,2026-09-12 19:44:29,MUNICIPIO DE BARBOSA,39999470.0
CO1.REQ.10979322,relacionado,2026-09-12 19:44:29,ALCALDIA MUNICIPIO DE QUIBDO,779973600.0
CO1.REQ.11006157,relacionado,2026-09-12 19:44:29,MUNICIPIO DE PEREIRA- OFICIAL,7200000.0
CO1.REQ.10883910,relacionado,2026-09-12 19:44:29,GOBERNACIÓN DE RISARALDA**,6198000.0
CO1.REQ.10914629,relacionado,2026-09-12 19:44:29,ALCALDIA MUNICIPAL CARAMANTA,10000000.0
CO1.REQ.10857614,relacionado,2026-09-12 19:44:29,Alcaldía De Villamaria,100000000.0
CO1.REQ.10857032,relacionado,2026-09-12 19:44:29,Alcaldía De Villamaria,20000000.0
CO1.REQ.10900139,relacionado,2026-09-12 19:44:29,ALCALDIA MUNICIPAL LA VIRGINIA RISARALDA,200000000.0
CO1.REQ.10946521,relacionado,2026-09-12 19:44:29,BANCO DE LA REPUBLICA,510000.0
CO1.REQ.10947141,relacionado,2026-09-12 19:44:29,MUNICIPIO DE PEREIRA- OFICIAL,100000000.0
CO1.REQ.10900631,relacionado,2026-09-12 19:44:29,ASOCIACION COLOMBIANA DE CIUDADES INTERMEDIAS,150000000.0
CO1.REQ.10997500,relacionado,2026-09-12 19:44:29,Municipio de Montenegro--,6000000.0
CO1.REQ.10836557,relacionado,2026-09-12 19:44:29,MUNICIPIO DE PALESTINA CALDAS,9734096.0
CO1.REQ.10887774,relacionado,2026-09-12 19:44:29,MUNICIPIO DE VITERBO,10000000.0
CO1.REQ.10900756,relacionado,2026-09-12 19:44:29,GOBERNACIÓN DE RISARALDA**,1000000000.0
CO1.REQ.11011096,relacionado,2026-09-12 19:44:29,ALCALDIA MUNICIPIO DE DOSQUEBRADAS,119890000.0
CO1.REQ.10941946,relacionado,2026-09-12 19:44:29,ESE HOSPITAL MENTAL UNIVERSITARIO DE RISARALDA,30138710.0
CO1.REQ.10887425,relacionado,2026-09-12 19:44:29,GOBERNACIÓN DE RISARALDA**,6198000.0
CO1.REQ.10889923,relacionado,2026-09-12 19:44:29,MUNICIPIO DE MANIZALES,2000000000.0
CO1.REQ.10920363,relacionado,2026-09-12 19:44:29,GOBERNACIÓN DE RISARALDA**,1000000000.0
CO1.REQ.10965200,relacionado,2026-09-12 19:44:29,ALCALDÍA MUNICIPIO DE BALBOA RISARALDA,340218000.0
CO1.REQ.10863140,relacionado,2026-09-12 19:44:29,Municipio de Montenegro--,4600000.0
CO1.REQ.10886967,relacionado,2026-09-12 19:44:29,GOBERNACIÓN DE RISARALDA**,6198000.0
CO1.REQ.10918732,relacionado,2026-09-12 19:44:29,ALCALDIA MUNICIPAL CARAMANTA,100000000.0
CO1.REQ.11012452,relacionado,2026-09-12 19:44:29,ALCALDIA DE ISTMINA,150000000.0
CO1.REQ.10863529,relacionado,2026-09-12 19:44:29,Municipio de Montenegro--,800000000.0
CO1.REQ.10883397,relacionado,2026-09-12 19:44:29,EMPRESA DE DESARROLLO URBANO DE PEREIRA - EDUP,10000000.0
CO1.REQ.10897387,relacionado,2026-09-12 19:44:29,EMPRESA DE DESARROLLO TERRITORIAL URBANO Y RURAL DE RISARALDA - EDUR,0.0
CO1.REQ.10935595,relacionado,2026-09-12 19:44:29,EMPRESA DE DESARROLLO URBANO DE PEREIRA - EDUP,6000000.0
CO1.REQ.10967170,relacionado,2026-09-12 19:44:29,MUNICIPIO DE MANIZALES,70000000.0
CO1.REQ.10883885,relacionado,2026-09-12 19:44:29,GOBERNACIÓN DE RISARALDA**,6198000.0
CO1.REQ.10944902,relacionado,2026-09-12 19:44:29,FONDO NACIONAL DE GESTIÓN DEL RIESGO DE DESASTRES - FNGRD,2136366724.0
CO1.REQ.10869237,relacionado,2026-09-12 19:44:29,DICITEC SEM SAS (Perfil Entidad),20021800.0
CO1.REQ.10913699,relacionado,2026-09-12 19:44:29,FONDO NACIONAL DE GESTIÓN DEL RIESGO DE DESASTRES - FNGRD,0.0
CO1.REQ.10935975,relacionado,2026-09-12 19:44:29,MINISTERIO DE EDUCACION NACIONAL (MEN),17927978.0
CO1.REQ.10935923,relacionado,2026-09-12 19:44:29,MINISTERIO DE EDUCACION NACIONAL (MEN),17927978.0
CO1.REQ.10915164,relacionado,2026-09-12 19:44:29,MINISTERIO DE EDUCACION NACIONAL (MEN),17927978.0
CO1.REQ.10933891,relacionado,2026-09-12 19:44:29,FONDO NACIONAL DE GESTIÓN DEL RIESGO DE DESASTRES - FNGRD,1170000000.0
CO1.REQ.10923976,relacionado,2026-09-12 19:44:29,FONDO NACIONAL DE GESTIÓN DEL RIESGO DE DESASTRES - FNGRD,102000000.0
CO1.REQ.10937699,relacionado,2026-09-12 19:44:29,FONDO NACIONAL DE GESTIÓN DEL RIESGO DE DESASTRES - FNGRD,1895000000.0
CO1.REQ.10936077,relacionado,2026-09-12 19:44:29,FONDO NACIONAL DE GESTIÓN DEL RIESGO DE DESASTRES - FNGRD,1170000000.0
CO1.REQ.10936289,relacionado,2026-09-12 19:44:29,FONDO NACIONAL DE GESTIÓN DEL RIESGO DE DESASTRES - FNGRD,1170000000.0
CO1.REQ.10931635,relacionado,2026-09-12 19:44:29,FONDO NACIONAL DE GESTIÓN DEL RIESGO DE DESASTRES - FNGRD,1450000000.0
CO1.REQ.10938296,relacionado,2026-09-12 19:44:29,FONDO NACIONAL DE GESTIÓN DEL RIESGO DE DESASTRES - FNGRD,725000000.0
CO1.REQ.10936193,relacionado,2026-09-12 19:44:29,FONDO NACIONAL DE GESTIÓN DEL RIESGO DE DESASTRES - FNGRD,1895000000.0
CO1.REQ.10936048,relacionado,2026-09-12 19:44:29,FONDO NACIONAL DE GESTIÓN DEL RIESGO DE DESASTRES - FNGRD,1895000000.0
CO1.REQ.10925807,relacionado,2026-09-12 19:44:29,FONDO NACIONAL DE GESTIÓN DEL RIESGO DE DESASTRES - FNGRD,178968449.0
CO1.REQ.10918866,relacionado,2026-09-12 19:44:29,HOSPITAL DEPARTAMENTAL SAN ANTONIO DE ROLDANILLO,299740865.0
26-4-14780334-13705332,relacionado,2026-09-12 19:44:29,VALLE DEL CAUCA - CAMARA DE COMERCIO DE TULUA,11979064.0
26-12-14782502-13707617,relacionado,2026-09-12 19:44:29,VALLE DEL CAUCA - ALCALDÍA MUNICIPIO DE ARGELIA,4200000.0
26-12-14776590-13701647,relacionado,2026-09-12 19:44:29,VALLE DEL CAUCA - ALCALDÍA MUNICIPIO DE BOLÍVAR,30000000.0
26-12-14790412-13715493,relacionado,2026-09-12 19:44:29,VALLE DEL CAUCA - ALCALDÍA MUNICIPIO DE EL CAIRO,2500000.0
26-12-14790395-13715255,relacionado,2026-09-12 19:44:29,VALLE DEL CAUCA - ALCALDÍA MUNICIPIO DE EL CAIRO,2500000.0
26-12-14792398-13717320,relacionado,2026-09-12 19:44:29,VALLE DEL CAUCA - ALCALDÍA MUNICIPIO DE EL CAIRO,80000000.0
26-12-14775950-13701078,relacionado,2026-09-12 19:44:29,VALLE DEL CAUCA - ALCALDÍA MUNICIPIO DE BOLÍVAR,37210000.0
26-4-14777619-13702562,relacionado,2026-09-12 19:44:29,VALLE DEL CAUCA - CÁMARA DE COMERCIO DE PALMIRA,7000000.0
26-12-14784045-13709328,relacionado,2026-09-12 19:44:29,VALLE DEL CAUCA - ALCALDÍA MUNICIPIO DE EL CAIRO,720000000.0
26-12-14790039-13714886,relacionado,2026-09-12 19:44:29,VALLE DEL CAUCA - ALCALDÍA MUNICIPIO DE EL ÁGUILA,445285043.0
26-12-14790004-13714840,relacionado,2026-09-12 19:44:29,VALLE DEL CAUCA - ALCALDÍA MUNICIPIO DE EL ÁGUILA,16400000.0
26-12-14794365-13719558,relacionado,2026-09-12 19:44:29,VALLE DEL CAUCA - ALCALDÍA MUNICIPIO DE EL CAIRO,40000000.0
26-4-14781615-13706736,relacionado,2026-09-12 19:44:29,VALLE DEL CAUCA - CAMARA DE COMERCIO DE TULUA,500000.0
26-12-14788144-13714606,relacionado,2026-09-12 19:44:29,VALLE DEL CAUCA - ALCALDÍA MUNICIPIO DE EL CAIRO,30000000.0
26-12-14796398-13721053,relacionado,2026-09-12 19:44:29,VALLE DEL CAUCA - ALCALDÍA MUNICIPIO DE EL CAIRO,2500000.0
26-12-14795007-13720387,relacionado,2026-09-12 19:44:29,VALLE DEL CAUCA - ALCALDÍA MUNICIPIO DE EL CAIRO,2500000.0
26-12-14777050-13701992,relacionado,2026-09-12 19:44:29,VALLE DEL CAUCA - ALCALDÍA MUNICIPIO DE RIOFRÍO,75000000.0
26-12-14784138-13709410,relacionado,2026-09-12 19:44:29,VALLE DEL CAUCA - ALCALDÍA MUNICIPIO DE EL CAIRO,2500000.0
26-4-14790011-13714843,relacionado,2026-09-12 19:44:29,VALLE DEL CAUCA - CAMARA DE COMERCIO DE TULUA,310000.0
26-12-14796410-13721266,relacionado,2026-09-12 19:44:29,VALLE DEL CAUCA - ALCALDÍA MUNICIPIO DE EL CAIRO,2500000.0
26-12-14791335-13716170,relacionado,2026-09-12 19:44:29,VALLE DEL CAUCA - ALCALDÍA MUNICIPIO DE EL CAIRO,30000000.0
26-12-14796016-13720885,relacionado,2026-09-12 19:44:29,VALLE DEL CAUCA - ALCALDÍA MUNICIPIO DE EL CAIRO,380000000.0
26-4-14783760-13708926,relacionado,2026-09-12 19:44:29,VALLE DEL CAUCA - CAMARA DE COMERCIO DE TULUA,2023000.0
26-12-14788259-13713193,relacionado,2026-09-12 19:44:29,VALLE DEL CAUCA - ALCALDÍA MUNICIPIO DE ARGELIA,10400000.0
26-12-14789962-13714810,relacionado,2026-09-12 19:44:29,VALLE DEL CAUCA - ALCALDÍA MUNICIPIO DE EL ÁGUILA,16400000.0
26-4-14790023-13714858,relacionado,2026-09-12 19:44:29,VALLE DEL CAUCA - CAMARA DE COMERCIO DE TULUA,500000.0
26-12-14777015-13701958,relacionado,2026-09-12 19:44:29,VALLE DEL CAUCA - ALCALDÍA MUNICIPIO DE RIOFRÍO,75000000.0
26-12-14783758-13709054,relacionado,2026-09-12 19:44:29,VALLE DEL CAUCA - ALCALDÍA MUNICIPIO DE EL CAIRO,26000000.0
26-12-14788453-13713373,relacionado,2026-09-12 19:44:29,VALLE DEL CAUCA - ALCALDÍA MUNICIPIO DE ARGELIA,60000000.0
26-12-14773349-13700085,relacionado,2026-09-12 19:44:29,VALLE DEL CAUCA - ALCALDÍA MUNICIPIO DE EL CAIRO,108306058.0
26-4-14782327-13707428,relacionado,2026-09-12 19:44:29,VALLE DEL CAUCA - CAMARA DE COMERCIO DE TULUA,270000.0
26-12-14794735,relacionado,2026-09-12 19:44:29,VALLE DEL CAUCA - ASEO ALCALA S.A. ESP,28000000.0
26-12-14789986-13714828,relacionado,2026-09-12 19:44:29,VALLE DEL CAUCA - ALCALDÍA MUNICIPIO DE EL ÁGUILA,16400000.0
26-4-14779864-13704849,relacionado,2026-09-12 19:44:29,RISARALDA - CÁMARA DE COMERCIO DE PEREIRA,2085000.0
26-12-14780605-13705671,relacionado,2026-09-12 19:44:29,TOLIMA - ALCALDÍA MUNICIPIO DE ROVIRA,250000000.0
26-4-14793234-13718146,relacionado,2026-09-12 19:44:29,RISARALDA - CÁMARA DE COMERCIO DE PEREIRA,10864700.0
26-12-14797494-13721908,relacionado,2026-09-12 19:44:29,RISARALDA - ALCALDÍA MUNICIPIO DE MISTRATÓ,193765800.0
26-12-14790974-13715810,relacionado,2026-09-12 19:44:29,CALDAS - ALCALDÍA MUNICIPIO DE ARANZAZU,53000000.0
26-12-14797990-13722515,relacionado,2026-09-12 19:44:29,RISARALDA - ALCALDÍA MUNICIPIO DE QUINCHIA,50000000.0
26-4-14797927-13722414,relacionado,2026-09-12 19:44:29,RISARALDA - CÁMARA DE COMERCIO DE PEREIRA,285600.0
26-4-14792988-13717870,relacionado,2026-09-12 19:44:29,RISARALDA - CÁMARA DE COMERCIO DE PEREIRA,180000.0
26-4-14783401-13708494,relacionado,2026-09-12 19:44:29,RISARALDA - CÁMARA DE COMERCIO DE PEREIRA,6880000.0
26-4-14779877-13704863,relacionado,2026-09-12 19:44:29,RISARALDA - CÁMARA DE COMERCIO DE PEREIRA,3440000.0
26-4-14782788-13707876,relacionado,2026-09-12 19:44:29,RISARALDA - CÁMARA DE COMERCIO DE PEREIRA,618800.0
26-4-14793273-13718354,relacionado,2026-09-12 19:44:29,RISARALDA - CÁMARA DE COMERCIO DE PEREIRA,7600000.0
26-4-14795098-13719811,relacionado,2026-09-12 19:44:29,RISARALDA - INSTITUCIÓN EDUCATIVA SANTA ANA - GUATICA,6000000.0
26-12-14778189-13703037,relacionado,2026-09-12 19:44:29,RISARALDA - ALCALDÍA MUNICIPIO DE PUEBLO RICO,400000000.0
26-12-14789260-13714149,relacionado,2026-09-12 19:44:29,RISARALDA - ALCALDÍA MUNICIPIO DE MISTRATÓ,345274867.0
26-4-14793018-13717911,relacionado,2026-09-12 19:44:29,RISARALDA - CÁMARA DE COMERCIO DE PEREIRA,43375500.0
26-4-14789282-13714167,relacionado,2026-09-12 19:44:29,RISARALDA - CÁMARA DE COMERCIO DE PEREIRA,1805000.0
26-12-14791852-13716919,relacionado,2026-09-12 19:44:29,ESCUELA NACIONAL DEL DEPORTE,35703150.0
26-4-14783355-13708446,relacionado,2026-09-12 19:44:29,RISARALDA - CÁMARA DE COMERCIO DE PEREIRA,9500000.0
26-4-14794326-13719082,relacionado,2026-09-12 19:44:29,RISARALDA - CÁMARA DE COMERCIO DE PEREIRA,240000.0
26-12-14781806,relacionado,2026-09-12 19:44:29,CHOCÓ - ALCALDÍA MUNICIPIO DE RIO QUITO,113958000.0
26-4-14792280-13718854,relacionado,2026-09-12 19:44:29,RISARALDA - CÁMARA DE COMERCIO DE PEREIRA,3500000.0
26-4-14789187-13714064,relacionado,2026-09-12 19:44:29,RISARALDA - CÁMARA DE COMERCIO DE PEREIRA,450000.0
26-4-14779897-13704873,relacionado,2026-09-12 19:44:29,RISARALDA - CÁMARA DE COMERCIO DE PEREIRA,8300000.0
26-4-14777416-13702349,relacionado,2026-09-12 19:44:29,CALDAS - CÁMARA DE COMERCIO DE MANIZALES POR CALDAS,2224000.0
26-4-14781241-13706343,relacionado,2026-09-12 19:44:29,RISARALDA - CÁMARA DE COMERCIO DE PEREIRA,85905000.0
26-4-14786771-13711969,relacionado,2026-09-12 19:44:29,RISARALDA - CÁMARA DE COMERCIO DE PEREIRA,55186250.0
26-4-14779641-13704638,relacionado,2026-09-12 19:44:29,RISARALDA - CÁMARA DE COMERCIO DE PEREIRA,23800000.0
26-12-14782579-13707675,relacionado,2026-09-12 19:44:29,CHOCÓ - ALCALDÍA MUNICIPIO DE SAN JOSÉ DEL PALMAR,25000000.0
26-4-14780236-13705224,relacionado,2026-09-12 19:44:29,RISARALDA - CÁMARA DE COMERCIO DE PEREIRA,163506000.0
26-4-14779291-13704327,relacionado,2026-09-12 19:44:29,CALDAS - CÁMARA DE COMERCIO DE MANIZALES POR CALDAS,2975000.0
26-12-14795929-13720594,relacionado,2026-09-12 19:44:29,TOLIMA - ALCALDÍA MUNICIPIO DE ROVIRA,418528491.0
26-12-14782442-13707539,relacionado,2026-09-12 19:44:29,CHOCÓ - ALCALDÍA MUNICIPIO DE SAN JOSÉ DEL PALMAR,74998035.0
26-12-14786231-13711555,relacionado,2026-09-12 19:44:29,ESCUELA NACIONAL DEL DEPORTE,3570000.0
26-12-14784810-13710066,relacionado,2026-09-12 19:44:29,RISARALDA - ALCALDÍA MUNICIPIO DE PUEBLO RICO,40000000.0
26-4-14795213-13719907,relacionado,2026-09-12 19:44:29,RISARALDA - CÁMARA DE COMERCIO DE PEREIRA,1600000.0
26-4-14794065-13718805,relacionado,2026-09-12 19:44:29,RISARALDA - CÁMARA DE COMERCIO DE PEREIRA,13923000.0
26-4-14788319-13713235,relacionado,2026-09-12 19:44:29,RISARALDA - CÁMARA DE COMERCIO DE PEREIRA,1194000.0
26-4-14783988-13709203,relacionado,2026-09-12 19:44:29,RISARALDA - CÁMARA DE COMERCIO DE PEREIRA,493500.0
26-4-14781286-13706375,relacionado,2026-09-12 19:44:29,TOLIMA - CÁMARA DE COMERCIO DE HONDA,1368000.0
26-12-14786197-13711548,relacionado,2026-09-12 19:44:29,CAUCA - FONDO DE VIVIENDA MUNICIPAL Y REFORMA URBANA DEL MUNICIPIO DE PUERTO TEJADA,550000000.0
26-12-14785837-13711183,relacionado,2026-09-12 19:44:29,CAUCA - FONDO DE VIVIENDA MUNICIPAL Y REFORMA URBANA DEL MUNICIPIO DE PUERTO TEJADA,15000000.0
26-4-14789318-13714198,relacionado,2026-09-12 19:44:29,RISARALDA - CÁMARA DE COMERCIO DE PEREIRA,180000.0
26-12-14793804-13718589,relacionado,2026-09-12 19:44:29,ESCUELA NACIONAL DEL DEPORTE,1061129603.0
26-12-14796847-13721807,relacionado,2026-09-12 19:44:29,CALDAS - ALCALDÍA MUNICIPIO DE MARULANDA,132052041.0
26-4-14794675-13719402,relacionado,2026-09-12 19:44:29,RISARALDA - CÁMARA DE COMERCIO DE PEREIRA,6000000.0
26-12-14778154-13703111,relacionado,2026-09-12 19:44:29,RISARALDA - ALCALDÍA MUNICIPIO DE PUEBLO RICO,460953226.0
26-12-14779896-13704916,relacionado,2026-09-12 19:44:29,RISARALDA - ALCALDÍA MUNICIPIO DE PUEBLO RICO,7000000.0
CO1.PCCNTR.9793244,revision,2026-09-12 19:44:29,SANTIAGO DE CALI DISTRITO ESPECIAL - SECRETARIA DISTRITAL DE SALUD DE CALI,70127400.0
CO1.PCCNTR.9918719,revision,2026-09-12 19:44:29,GOBERNACION DEL VALLE DEL CAUCA - SECRETARIA DE DESARROLLO SOCIAL Y PARTICIPACION,144000000.0
CO1.PCCNTR.9810588,revision,2026-09-12 19:44:29,SANTIAGO DE CALI DISTRITO ESPECIAL - SECRETARIA DISTRITAL DE SALUD DE CALI,525000000.0
CO1.PCCNTR.9864836,revision,2026-09-12 19:44:29,DEPARTAMENTO DEL VALLE DEL CAUCA-SECRETARIA DE GESTION DEL RIESGO DE DESASTRES,350000000.0
CO1.PCCNTR.9859171,revision,2026-09-12 19:44:29,SANTIAGO DE CALI DISTRITO ESPECIAL - SECRETARÍA DE GESTIÓN DEL RIESGO DE EMERGENCIAS Y DESASTRE,11841000.0
CO1.PCCNTR.9890742,revision,2026-09-12 19:44:29,SECRETARIA DE PAZ TERRITORIAL Y RECONCILIACIÓN,497600200.0
CO1.PCCNTR.9854093,revision,2026-09-12 19:44:29,SANTIAGO DE CALI DISTRITO ESPECIAL - SECRETARÍA DE GESTIÓN DEL RIESGO DE EMERGENCIAS Y DESASTRE,21108000.0
CO1.PCCNTR.9857115,revision,2026-09-12 19:44:29,PERSONERIA MUNICIPAL DE BUGA,6000000.0
CO1.PCCNTR.9845432,revision,2026-09-12 19:44:29,MUNICIPIO DE EL DOVIO,30000000.0
CO1.PCCNTR.9893854,revision,2026-09-12 19:44:29,INSTITUTO MUNICIPAL PARA EL DESARROLLO SOCIAL Y ECONÓMICO DE PALMIRA,16134526.0
CO1.PCCNTR.9893200,revision,2026-09-12 19:44:29,MUNICIPIO DE PRADERA,70000000.0
CO1.PCCNTR.9863166,revision,2026-09-12 19:44:29,MUNICIPIO DE SEVILLA,48500000.0
CO1.PCCNTR.9855817,revision,2026-09-12 19:44:29,CVC,1422879908.0
CO1.PCCNTR.9849866,revision,2026-09-12 19:44:29,MUNICIPIO DE YUMBO VALLE,8800000.0
CO1.PCCNTR.9829019,revision,2026-09-12 19:44:29,CVC,382997626.0
CO1.PCCNTR.9805560,revision,2026-09-12 19:44:29,MUNICIPIO DE EL CERRITO.,248508236.0
CO1.PCCNTR.9901340,revision,2026-09-12 19:44:29,HOSPITAL DEPARTAMENTAL PSIQUIATRICO UNIVERSITARIO DEL VALLE E.S.E,1150889534.0
CO1.PCCNTR.9922926,revision,2026-09-12 19:44:29,MUNICIPIO DE CARTAGO,24990000.0
CO1.PCCNTR.9860893,revision,2026-09-12 19:44:29,VALLECAUCANA DE AGUAS S.A. E.S.P,0.0
CO1.PCCNTR.9903605,revision,2026-09-12 19:44:29,PERSONERIA MUNICIPAL DE BUGA,6000000.0
CO1.PCCNTR.9854726,revision,2026-09-12 19:44:29,UNIAJC,31009938.0
CO1.PCCNTR.9886579,revision,2026-09-12 19:44:29,CVC,34500000.0
CO1.PCCNTR.9855758,revision,2026-09-12 19:44:29,CVC,996015936.0
CO1.PCCNTR.9923386,revision,2026-09-12 19:44:29,Secretaría de Hábitat e Infraestructura - Alcaldía de Tuluá,5199818848.0
CO1.PCCNTR.9909822,revision,2026-09-12 19:44:29,ALCALDIA LA CUMBRE,20000000.0
CO1.PCCNTR.9917272,revision,2026-09-12 19:44:29,CVC,32750000.0
CO1.PCCNTR.9844864,revision,2026-09-12 19:44:29,ALCALDIA DISTRITAL DE BUENAVENTURA-VALLE,11139450.0
CO1.PCCNTR.9889801,revision,2026-09-12 19:44:29,ALCALDIA MUNICIPAL DE GINEBRA,13894000.0
CO1.PCCNTR.9881009,revision,2026-09-12 19:44:29,Secretaría de Bienestar Social - Alcaldía de Tuluá,16173000.0
CO1.PCCNTR.9893961,revision,2026-09-12 19:44:29,UNIDAD EJECUTORA DE SANEAMIENTO DEL VALLE DEL CAUCA,1321917014.0
CO1.PCCNTR.9920029,revision,2026-09-12 19:44:29,VALLECAUCANA DE AGUAS S.A. E.S.P,9721200.0
CO1.REQ.11022478,revision,2026-09-12 19:44:29,SANTIAGO DE CALI DISTRITO ESPECIAL - SECRETARIA DE INFRAESTRUCTURA,1581425810.0
CO1.REQ.10917151,revision,2026-09-12 19:44:29,SANTIAGO DE CALI DISTRITO ESPECIAL - SECRETARÍA DE GESTIÓN DEL RIESGO DE EMERGENCIAS Y DESASTRE,11841000.0
CO1.REQ.10955475,revision,2026-09-12 19:44:29,SANTIAGO DE CALI DISTRITO ESPECIAL - UNIDAD ADMINISTRATIVA ESPECIAL DE SERVICIOS PUBLICOS,67886696.0
CO1.REQ.10908188,revision,2026-09-12 19:44:29,SANTIAGO DE CALI DISTRITO ESPECIAL - SECRETARÍA DE GESTIÓN DEL RIESGO DE EMERGENCIAS Y DESASTRE,7102000.0
CO1.REQ.10929357,revision,2026-09-12 19:44:29,DEPARTAMENTO DEL VALLE DEL CAUCA-SECRETARIA DE GESTION DEL RIESGO DE DESASTRES,350000000.0
CO1.REQ.10911913,revision,2026-09-12 19:44:29,SANTIAGO DE CALI DISTRITO ESPECIAL - SECRETARÍA DE GESTIÓN DEL RIESGO DE EMERGENCIAS Y DESASTRE,7102000.0
CO1.REQ.10949686,revision,2026-09-12 19:44:29,SANTIAGO DE CALI DISTRITO ESPECIAL - SECRETARIA DE MOVILIDAD,1749635845.0
CO1.REQ.10895194,revision,2026-09-12 19:44:29,"GOBERNACIÓN DEL VALLE DEL CAUCA - SECRETARÍA DE DESARROLLO RURAL, AGRICULTURA Y PESCA",2568577795.0
CO1.REQ.10909324,revision,2026-09-12 19:44:29,SANTIAGO DE CALI DISTRITO ESPECIAL - SECRETARÍA DE GESTIÓN DEL RIESGO DE EMERGENCIAS Y DESASTRE,11326000.0
CO1.REQ.10909585,revision,2026-09-12 19:44:29,SANTIAGO DE CALI DISTRITO ESPECIAL - SECRETARÍA DE GESTIÓN DEL RIESGO DE EMERGENCIAS Y DESASTRE,11326000.0
CO1.REQ.11013626,revision,2026-09-12 19:44:29,SANTIAGO DE CALI DISTRITO ESPECIAL - SECRETARIA DE MOVILIDAD,1749635845.0
CO1.REQ.10911634,revision,2026-09-12 19:44:29,SANTIAGO DE CALI DISTRITO ESPECIAL - SECRETARIA DE BIENESTAR SOCIAL,0.0
CO1.REQ.10924567,revision,2026-09-12 19:44:29,SECRETARIA DE PAZ TERRITORIAL Y RECONCILIACIÓN,474000000.0
CO1.REQ.10920078,revision,2026-09-12 19:44:29,UAEPA2,8376000.0
CO1.REQ.10999796,revision,2026-09-12 19:44:29,SANTIAGO DE CALI DISTRITO ESPECIAL - SECRETARIA DE INFRAESTRUCTURA,1473927400.0
CO1.REQ.10904575,revision,2026-09-12 19:44:29,SANTIAGO DE CALI DISTRITO ESPECIAL - SECRETARÍA DE GESTIÓN DEL RIESGO DE EMERGENCIAS Y DESASTRE,9610000.0
CO1.REQ.10904820,revision,2026-09-12 19:44:29,SANTIAGO DE CALI DISTRITO ESPECIAL - SECRETARÍA DE GESTIÓN DEL RIESGO DE EMERGENCIAS Y DESASTRE,9610000.0
CO1.REQ.11005084,revision,2026-09-12 19:44:29,DEPARTAMENTO DEL VALLE DEL CAUCA-SECRETARIA DE GESTION DEL RIESGO DE DESASTRES,650000000.0
CO1.REQ.10999572,revision,2026-09-12 19:44:29,GOBERNACION DEL VALLE DEL CAUCA - SECRETARIA DE DESARROLLO SOCIAL Y PARTICIPACION,144000000.0
CO1.REQ.10904522,revision,2026-09-12 19:44:29,SANTIAGO DE CALI DISTRITO ESPECIAL - SECRETARÍA DE GESTIÓN DEL RIESGO DE EMERGENCIAS Y DESASTRE,21108000.0
CO1.REQ.10991039,revision,2026-09-12 19:44:29,SANTIAGO DE CALI DISTRITO ESPECIAL - SECRETARIA DE INFRAESTRUCTURA,1581425810.0
CO1.REQ.10966268,revision,2026-09-12 19:44:29,SANTIAGO DE CALI DISTRITO ESPECIAL - SECRETARIA DE INFRAESTRUCTURA,1473927400.0
CO1.REQ.10949352,revision,2026-09-12 19:44:29,SANTIAGO DE CALI DISTRITO ESPECIAL - UNIDAD ADMINISTRATIVA ESPECIAL DE SERVICIOS PUBLICOS,275221835.0
CO1.REQ.10848703,revision,2026-09-12 19:44:29,ALCALDIA MUNICIPAL DE BUGA,85714285.0
CO1.REQ.10891763,revision,2026-09-12 19:44:29,ALCALDIA MUNICIPIO DE JAMUNDI,10000000.0
CO1.REQ.11014289,revision,2026-09-12 19:44:29,INSTITUCION EDUCATIVA MONTEBELLO,7928819.0
CO1.REQ.10910840,revision,2026-09-12 19:44:29,MUNICIPIO DE SAN JUAN BAUTISTA DE GUACARI2,14000000.0
CO1.REQ.10997153,revision,2026-09-12 19:44:29,ALCALDIA MUNICIPAL DE BUGA,6000000.0
CO1.REQ.10914647,revision,2026-09-12 19:44:29,MUNICIPIO DE YUMBO VALLE,8800000.0
CO1.REQ.11012714,revision,2026-09-12 19:44:29,INSTITUCION EDUCATIVA JULIO CAICEDO Y TELLEZ,18200000.0
CO1.REQ.10919465,revision,2026-09-12 19:44:29,ALCALDIA MUNICIPAL DE GINEBRA,13900000.0
CO1.REQ.10920912,revision,2026-09-12 19:44:29,MUNICIPIO DE EL CERRITO.,14750000.0
CO1.REQ.10900071,revision,2026-09-12 19:44:29,MUNICIPIO DE YUMBO VALLE,8800000.0
CO1.REQ.10938650,revision,2026-09-12 19:44:29,ALCALDIA MUNICIPAL DE YOTOCO,20000000.0
CO1.REQ.10995140,revision,2026-09-12 19:44:29,Secretaria de Desarrollo Agropecuario y Medio Ambiente - Alcaldía de Tuluá,8000000.0
CO1.REQ.11005216,revision,2026-09-12 19:44:29,INSTITUCION EDUCATIVA JULIO CAICEDO Y TELLEZ,7704300.0
CO1.REQ.10942672,revision,2026-09-12 19:44:29,CVC,19690450.0
CO1.REQ.10917845,revision,2026-09-12 19:44:29,PERSONERIA MUNICIPAL DE BUGA,6000000.0
CO1.REQ.10982715,revision,2026-09-12 19:44:29,MUNICIPIO DE VERSALLES,12000000.0
CO1.REQ.10924423,revision,2026-09-12 19:44:29,CVC,32750000.0
CO1.REQ.11006260,revision,2026-09-12 19:44:29,CVC,238149427.0
CO1.REQ.10983414,revision,2026-09-12 19:44:29,PERSONERIA MUNICIPAL DE BUGA,6000000.0
CO1.REQ.10950986,revision,2026-09-12 19:44:29,Secretaría de Bienestar Social - Alcaldía de Tuluá,16173000.0
CO1.REQ.10909423,revision,2026-09-12 19:44:29,MUNICIPIO DE YUMBO VALLE,1416542047.0
CO1.REQ.10972128,revision,2026-09-12 19:44:29,MUNICIPIO DE YUMBO VALLE,141354205.0
CO1.REQ.10916530,revision,2026-09-12 19:44:29,ALCALDIA MUNICIPIO DE JAMUNDI,15200000.0
CO1.REQ.10892027,revision,2026-09-12 19:44:29,CVC,34725000.0
CO1.REQ.11006328,revision,2026-09-12 19:44:29,EMPRESA SOCIAL DEL ESTADO HOSPITAL GERIATRICO Y ANCIANATO SAN MIGUEL 12,151044470.0
CO1.REQ.10983494,revision,2026-09-12 19:44:29,MUNICIPIO DE DAGUA,11500000.0
CO1.REQ.10961786,revision,2026-09-12 19:44:29,MUNICIPIO DE YUMBO VALLE,20812000.0
CO1.REQ.10887358,revision,2026-09-12 19:44:29,INSTITUCION EDUCATIVA HUMBERTO JORDAN MAZUERA,31000000.0
CO1.REQ.10907881,revision,2026-09-12 19:44:29,MUNICIPIO DE FLORIDA,15000000.0
CO1.REQ.10941235,revision,2026-09-12 19:44:29,MUNICIPIO DE YUMBO VALLE,19200000.0
CO1.REQ.10936754,revision,2026-09-12 19:44:29,MUNICIPIO DE DAGUA,16000000.0
CO1.REQ.10940574,revision,2026-09-12 19:44:29,ALCALDIA MUNICIPIO DE JAMUNDI,19000000.0
CO1.REQ.10898051,revision,2026-09-12 19:44:29,MUNICIPIO DE SAN JUAN BAUTISTA DE GUACARI2,14000000.0
CO1.REQ.10982004,revision,2026-09-12 19:44:29,MUNICIPIO DE PRADERA,34310394.0
CO1.REQ.10891426,revision,2026-09-12 19:44:29,CVC,37650000.0
CO1.REQ.10959215,revision,2026-09-12 19:44:29,ALCALDIA MUNICIPAL DE ANDALUCIA VALLE DEL CAUCA,149526599.0
CO1.REQ.10892041,revision,2026-09-12 19:44:29,ALCALDIA MUNICIPIO DE JAMUNDI,19000000.0
CO1.REQ.10962010,revision,2026-09-12 19:44:29,ALCALDIA MUNICIPAL DE GINEBRA,20000000.0
CO1.REQ.10901043,revision,2026-09-12 19:44:29,ALCALDIA MUNICIPIO DE JAMUNDI,10000000.0
CO1.REQ.10971051,revision,2026-09-12 19:44:29,UNIVERSIDAD DEL VALLE,14175000.0
CO1.REQ.11023608,revision,2026-09-12 19:44:29,ALCALDIA DISTRITAL DE BUENAVENTURA-VALLE,2121800.0
CO1.REQ.11004885,revision,2026-09-12 19:44:29,CVC,33818180.0
CO1.REQ.10940270,revision,2026-09-12 19:44:29,MUNICIPIO DE SEVILLA,9200000.0
CO1.REQ.11011162,revision,2026-09-12 19:44:29,Secretaría de Hábitat e Infraestructura - Alcaldía de Tuluá,5199818848.0
CO1.REQ.10920970,revision,2026-09-12 19:44:29,INSTITUCION EDUCATIVA TECNICO INDUSTRIAL DIEZ DE MAYO,18414383.0
CO1.REQ.10997032,revision,2026-09-12 19:44:29,CVC,30000000.0
CO1.REQ.10982902,revision,2026-09-12 19:44:29,MUNICIPIO DE DAGUA,168459400.0
CO1.REQ.11017371,revision,2026-09-12 19:44:29,"Secretaría de Gobierno, Convivencia y Seguridad - Alcaldía de Tuluá",8506500.0
CO1.REQ.10983847,revision,2026-09-12 19:44:29,MUNICIPIO DE DAGUA,11500000.0
CO1.REQ.10925697,revision,2026-09-12 19:44:29,SOCIEDAD DE ACUEDUCTOS Y ALCANTARILLADOS DEL VALLE DEL CAUCA S.A. - E.S.P.,150000000.0
CO1.REQ.10994772,revision,2026-09-12 19:44:29,ALCALDIA MUNICIPAL DE YOTOCO,30000000.0
CO1.REQ.11018195,revision,2026-09-12 19:44:29,ALCALDIA MUNICIPAL DE ANDALUCIA VALLE DEL CAUCA,149526599.0
CO1.REQ.10953570,revision,2026-09-12 19:44:29,ALCALDIA DISTRITAL DE BUENAVENTURA-VALLE,11139450.0
CO1.REQ.10913895,revision,2026-09-12 19:44:29,ALCALDIA MUNICIPIO DE JAMUNDI,19000000.0
CO1.REQ.10877612,revision,2026-09-12 19:44:29,SENA REGIONAL VALLE Grupo de Apoyo Administrativo Mixto,0.0
CO1.REQ.10890677,revision,2026-09-12 19:44:29,CVC,34500000.0
CO1.REQ.10984687,revision,2026-09-12 19:44:29,ALCALDÍA MUNICIPAL DE CANDELARIA VALLE,0.0
CO1.REQ.10901232,revision,2026-09-12 19:44:29,ALCALDIA MUNICIPIO DE JAMUNDI,20000000.0
CO1.REQ.10952670,revision,2026-09-12 19:44:29,MUNICIPIO DE SEVILLA,10000000.0
CO1.REQ.10898863,revision,2026-09-12 19:44:29,ALCALDIA DISTRITAL DE BUENAVENTURA-VALLE,11139450.0
CO1.REQ.10908971,revision,2026-09-12 19:44:29,Insitución Educativa Gabriela Mistral,4200000.0
CO1.REQ.10992113,revision,2026-09-12 19:44:29,Secretaria de Desarrollo Agropecuario y Medio Ambiente - Alcaldía de Tuluá,13200000.0
CO1.REQ.11006351,revision,2026-09-12 19:44:29,VALLECAUCANA DE AGUAS S.A. E.S.P,9721200.0
CO1.REQ.10926734,revision,2026-09-12 19:44:29,MUNICIPIO DE SEVILLA,48500000.0
CO1.REQ.10954729,revision,2026-09-12 19:44:29,ALCALDIA DISTRITAL DE BUENAVENTURA-VALLE,7426300.0
CO1.REQ.10929142,revision,2026-09-12 19:44:29,MUNICIPIO DE EL CERRITO.,8196000.0
CO1.REQ.10984429,revision,2026-09-12 19:44:29,EMPRESAS MUNICIPALES DE CALI,16600000.0
CO1.REQ.10968688,revision,2026-09-12 19:44:29,MUNICIPIO DE PRADERA,70000000.0
CO1.REQ.10894866,revision,2026-09-12 19:44:29,EMAVI,50000000.0
CO1.REQ.11005008,revision,2026-09-12 19:44:29,MUNICIPIO DE YUMBO VALLE,131817929.0
CO1.REQ.11003036,revision,2026-09-12 19:44:29,MUNICIPIO DE EL CERRITO.,0.0
CO1.REQ.10994263,revision,2026-09-12 19:44:29,RED DE SALUD DE LADERA EMPRESA SOCIAL DEL ESTADO,200000000.0
CO1.REQ.10965134,revision,2026-09-12 19:44:29,Secretaría de Salud - Alcaldía de Tuluá,13895000.0
CO1.REQ.10953270,revision,2026-09-12 19:44:29,ALCALDIA MUNICIPIO DE VIJES,400113712.0
CO1.REQ.10966939,revision,2026-09-12 19:44:29,MUNICIPIO DE OBANDO VALLE,9300000.0
CO1.REQ.10970261,revision,2026-09-12 19:44:29,ALCALDIA MUNICIPIO DE JAMUNDI,9200000.0
CO1.REQ.10936270,revision,2026-09-12 19:44:29,INSTITUCIÓN EDUCATIVA JULIA RESTREPO,2000000.0
CO1.REQ.11023482,revision,2026-09-12 19:44:29,ALCALDIA DISTRITAL DE BUENAVENTURA-VALLE,3713150.0
CO1.REQ.10942043,revision,2026-09-12 19:44:29,MUNICIPIO DE DAGUA,20500000.0
CO1.REQ.10892064,revision,2026-09-12 19:44:29,ALCALDIA MUNICIPIO DE JAMUNDI,10000000.0
CO1.REQ.10897733,revision,2026-09-12 19:44:29,"Secretaría de Gobierno, Convivencia y Seguridad - Alcaldía de Tuluá",31460800.0
CO1.REQ.10906812,revision,2026-09-12 19:44:29,MUNICIPIO DE YUMBO VALLE,141354205.0
CO1.REQ.10913209,revision,2026-09-12 19:44:29,INSTITUTO MUNICIPAL PARA EL DESARROLLO SOCIAL Y ECONÓMICO DE PALMIRA,19361304.0
CO1.REQ.10987427,revision,2026-09-12 19:44:29,ALCALDIA DISTRITAL DE BUENAVENTURA-VALLE,0.0
CO1.REQ.10942121,revision,2026-09-12 19:44:29,ALCALDIA MUNICIPIO DE JAMUNDI,19000000.0
CO1.REQ.10909163,revision,2026-09-12 19:44:29,MUNICIPIO DE DAGUA,11500000.0
CO1.REQ.10848060,revision,2026-09-12 19:44:29,UNIAJC,48780074.0
CO1.REQ.10897262,revision,2026-09-12 19:44:29,HIDC,75000000.0
CO1.REQ.11004327,revision,2026-09-12 19:44:29,MUNICIPIO DE YUMBO VALLE,139655027.0
CO1.REQ.10964917,revision,2026-09-12 19:44:29,MUNICIPIO DE OBANDO VALLE,68051430.0
CO1.REQ.10920291,revision,2026-09-12 19:44:29,MUNICIPIO DE EL CERRITO.,14750000.0
CO1.REQ.10937398,revision,2026-09-12 19:44:29,MUNICIPIO DE DAGUA,14000000.0
CO1.REQ.10995545,revision,2026-09-12 19:44:29,MUNICIPIO DE DAGUA,44161250.0
CO1.REQ.11009648,revision,2026-09-12 19:44:29,ALCALDIA MUNICIPAL DE SAN PEDRO VALLE DEL CAUCA,206506769.0
CO1.REQ.10971359,revision,2026-09-12 19:44:29,UNIVERSIDAD DEL VALLE,14175000.0
CO1.REQ.11013414,revision,2026-09-12 19:44:29,SENA REGIONAL VALLE Grupo Administrativo CNPB,26046000.0
CO1.REQ.10911208,revision,2026-09-12 19:44:29,ALCALDIA MUNICIPAL DE SAN PEDRO VALLE DEL CAUCA,206506769.0
CO1.REQ.10981443,revision,2026-09-12 19:44:29,EMPRESAS MUNICIPALES DE CALI,7802996.0
CO1.REQ.10984903,revision,2026-09-12 19:44:29,ALCALDIA MUNICIPAL DE SAN PEDRO VALLE DEL CAUCA,206506769.0
CO1.REQ.10953122,revision,2026-09-12 19:44:29,HOSPITAL DEPARTAMENTAL PSIQUIATRICO UNIVERSITARIO DEL VALLE E.S.E,1150889534.0
CO1.REQ.10937869,revision,2026-09-12 19:44:29,MUNICIPIO DE DAGUA,12500000.0
CO1.REQ.10972447,revision,2026-09-12 19:44:29,MUNICIPIO DE CARTAGO,24990000.0
CO1.REQ.10939499,revision,2026-09-12 19:44:29,EMPRESAS MUNICIPALES DE CALI,293231975.0
CO1.REQ.11016374,revision,2026-09-12 19:44:29,INSTITUCION EDUCATIVA PAULO VI - PALMIRA,6515000.0
26-12-14781758-13706848,revision,2026-09-12 19:44:29,VALLE DEL CAUCA - ALCALDÍA MUNICIPIO DE RIOFRÍO,19175166.0
26-12-14781836-13706920,revision,2026-09-12 19:44:29,VALLE DEL CAUCA - ALCALDÍA MUNICIPIO DE BOLÍVAR,97074000.0
26-22-125134-13706720,revision,2026-09-12 19:44:29,VALLE DEL CAUCA - ALCALDÍA MUNICIPIO DE YUMBO,0.0
26-13-14795980,revision,2026-09-12 19:44:29,VALLE DEL CAUCA - ALCALDÍA MUNICIPIO DE RIOFRÍO,48997393.0
26-4-14795954-13720559,revision,2026-09-12 19:44:29,VALLE DEL CAUCA - CAMARA DE COMERCIO DE TULUA,1900000.0
26-4-14786253-13711580,revision,2026-09-12 19:44:29,VALLE DEL CAUCA - CÁMARA DE COMERCIO DE PALMIRA,2200000.0
26-4-14780282-13705317,revision,2026-09-12 19:44:29,VALLE DEL CAUCA - CAMARA DE COMERCIO DE TULUA,2300000.0
CO1.PCCNTR.9934669,relacionado,2026-09-13 12:12:22,MUNICIPIO DE MANIZALES,5500000000.0
CO1.PCCNTR.9935963,relacionado,2026-09-13 12:12:22,MUNICIPIO DE SAN JOSE.,468000000.0
CO1.PCCNTR.9934387,relacionado,2026-09-13 12:12:22,MUNICIPIO DE ZARZAL,300000000.0
CO1.PCCNTR.9933124,relacionado,2026-09-13 12:12:22,ALCALDIA MUNICIPAL DE YOTOCO,200000000.0
CO1.PCCNTR.9936000,relacionado,2026-09-13 12:12:22,EMPRESAS MUNICIPALES DE TULUA E.S.P.,140000000.0
CO1.PCCNTR.9931230,relacionado,2026-09-13 12:12:22,ALCALDIA MUNICIPAL DE YOTOCO,100000000.0
CO1.PCCNTR.9931354,relacionado,2026-09-13 12:12:22,MUNICIPIO DE PEREIRA- OFICIAL,6600000.0
CO1.PCCNTR.9935325,revision,2026-09-13 12:12:23,"GOBERNACIÓN DEL VALLE DEL CAUCA - SECRETARÍA DE DESARROLLO RURAL, AGRICULTURA Y PESCA",2568577795.0
CO1.PCCNTR.9937466,revision,2026-09-13 12:12:23,ALCALDIA DISTRITAL DE BUENAVENTURA-VALLE,2652250.0
CO1.PCCNTR.9934105,revision,2026-09-13 12:12:23,ALCALDIA DISTRITAL DE BUENAVENTURA-VALLE,2121800.0
CO1.REQ.11026620,relacionado,2026-09-13 13:52:04,MUNICIPIO DE MANIZALES,5500000000.0
CO1.REQ.11029428,relacionado,2026-09-13 13:52:04,ALCALDIA DE ALCALA,528784465.0
CO1.REQ.11026239,relacionado,2026-09-13 13:52:04,MUNICIPIO DE ZARZAL,300000000.0
CO1.REQ.11027730,relacionado,2026-09-13 13:52:04,MUNICIPIO DE SANTA ROSA DE CABAL,300000000.0
CO1.REQ.11031233,relacionado,2026-09-13 13:52:04,EMPRESA DE VIVIENDA DE ANTIOQUIA-VIVA,193939640.0
CO1.REQ.11026811,relacionado,2026-09-13 13:52:04,MUNICIPIO DE ANSERMANUEVO,109439191.0
CO1.REQ.11031538,relacionado,2026-09-13 13:52:04,ALCALDIA DE NEIRA,80000000.0
CO1.REQ.11031229,relacionado,2026-09-13 13:52:04,EMPRESA DE VIVIENDA DE ANTIOQUIA-VIVA,39956667.0
CO1.REQ.11031301,relacionado,2026-09-13 13:52:04,EMPRESA DE VIVIENDA DE ANTIOQUIA-VIVA,38411813.0
CO1.REQ.11030929,relacionado,2026-09-13 13:52:04,MUNICIPIO DE PEREIRA- OFICIAL,15000000.0
CO1.REQ.11029575,relacionado,2026-09-13 13:52:04,MUNICIPIO DE PEREIRA- OFICIAL,15000000.0
CO1.REQ.11030981,relacionado,2026-09-13 13:52:04,EMPRESA DE VIVIENDA DE ANTIOQUIA-VIVA,13750410.0
CO1.REQ.11030576,relacionado,2026-09-13 13:52:04,MUNICIPIO DE PEREIRA- OFICIAL,11400000.0
CO1.REQ.11028338,relacionado,2026-09-13 13:52:04,MUNICIPIO DE PEREIRA- OFICIAL,11400000.0
CO1.REQ.11030493,relacionado,2026-09-13 13:52:04,MUNICIPIO DE PEREIRA- OFICIAL,11400000.0
CO1.REQ.11029477,relacionado,2026-09-13 13:52:04,MUNICIPIO DE PEREIRA- OFICIAL,8400000.0
CO1.REQ.11029286,revision,2026-09-13 13:52:05,SANTIAGO DE CALI DISTRITO ESPECIAL - UNIDAD ADMINISTRATIVA ESPECIAL DE SERVICIOS PUBLICOS,275221835.0
CO1.REQ.11032156,revision,2026-09-13 13:52:05,DEPARTAMENTO DEL VALLE DEL CAUCA-SECRETARIA DE GESTION DEL RIESGO DE DESASTRES,12000000.0
CO1.REQ.11032138,revision,2026-09-13 13:52:05,DEPARTAMENTO DEL VALLE DEL CAUCA-SECRETARIA DE GESTION DEL RIESGO DE DESASTRES,12000000.0
CO1.REQ.11032044,revision,2026-09-13 13:52:05,DEPARTAMENTO DEL VALLE DEL CAUCA-SECRETARIA DE GESTION DEL RIESGO DE DESASTRES,12000000.0
CO1.REQ.11032043,revision,2026-09-13 13:52:05,DEPARTAMENTO DEL VALLE DEL CAUCA-SECRETARIA DE GESTION DEL RIESGO DE DESASTRES,12000000.0
CO1.REQ.11032437,revision,2026-09-13 13:52:05,DEPARTAMENTO DEL VALLE DEL CAUCA-SECRETARIA DE GESTION DEL RIESGO DE DESASTRES,12000000.0
CO1.REQ.11032627,revision,2026-09-13 13:52:05,DEPARTAMENTO DEL VALLE DEL CAUCA-SECRETARIA DE GESTION DEL RIESGO DE DESASTRES,12000000.0
CO1.REQ.11032524,revision,2026-09-13 13:52:05,DEPARTAMENTO DEL VALLE DEL CAUCA-SECRETARIA DE GESTION DEL RIESGO DE DESASTRES,12000000.0
CO1.REQ.11032521,revision,2026-09-13 13:52:05,DEPARTAMENTO DEL VALLE DEL CAUCA-SECRETARIA DE GESTION DEL RIESGO DE DESASTRES,12000000.0
CO1.REQ.11032042,revision,2026-09-13 13:52:05,DEPARTAMENTO DEL VALLE DEL CAUCA-SECRETARIA DE GESTION DEL RIESGO DE DESASTRES,12000000.0
CO1.REQ.11026205,revision,2026-09-13 13:52:05,ALCALDIA MUNICIPIO DE JAMUNDI,8000000.0
CO1.REQ.11019771,revision,2026-09-13 13:52:05,ALCALDIA DISTRITAL DE BUENAVENTURA-VALLE,4060260.0
CO1.REQ.11030098,revision,2026-09-13 13:52:05,ALCALDIA DISTRITAL DE BUENAVENTURA-VALLE,3713150.0
CO1.REQ.11028719,revision,2026-09-13 13:52:05,ALCALDIA DISTRITAL DE BUENAVENTURA-VALLE,2652250.0
CO1.PCCNTR.9938972,relacionado,2026-09-14 11:02:54,ALCALDIA DE NEIRA,80000000.0
CO1.PCCNTR.9935774,relacionado,2026-09-14 11:02:54,MUNICIPIO DE PEREIRA- OFICIAL,11400000.0
CO1.PCCNTR.9932617,relacionado,2026-09-14 11:02:54,MUNICIPIO DE PEREIRA- OFICIAL,11400000.0
CO1.REQ.11031999,relacionado,2026-09-15 01:10:28,MUNICIPIO DE PEREIRA- OFICIAL,15000000000.0
CO1.REQ.11033183,relacionado,2026-09-15 01:10:28,ALCALDIA DE CAICEDONIA,12660000.0
CO1.REQ.11033082,relacionado,2026-09-15 01:10:28,ALCALDIA DE CAICEDONIA,11077500.0
CO1.REQ.11032727,relacionado,2026-09-15 01:10:28,GOBVALLE - HACIENDA,0.0
26-12-14798752-13723313,relacionado,2026-09-15 10:41:03,RISARALDA - ALCALDÍA MUNICIPIO DE MISTRATÓ,52774250.0
26-4-14798736-13723284,relacionado,2026-09-15 10:41:03,RISARALDA - INSTITUCIÓN EDUCATIVA SANTA ANA - GUATICA,14000000.0
26-4-14798849-13723396,relacionado,2026-09-15 10:41:03,RISARALDA - CÁMARA DE COMERCIO DE PEREIRA,6298975.0
26-4-14798988-13723550,relacionado,2026-09-15 10:41:03,RISARALDA - CÁMARA DE COMERCIO DE PEREIRA,4855200.0
26-12-14798927-13723488,revision,2026-09-15 10:41:04,VALLE DEL CAUCA - ALCALDÍA MUNICIPIO DE TRUJILLO,9716420.0
CO1.REQ.11025130,relacionado,2026-09-16 01:01:07,Institución Universitaria Antonio José Camacho (UNIAJC),3965080000.0
CO1.REQ.11030161,relacionado,2026-09-16 01:01:07,LOTERÍA DEL RISARALDA,630416185.0
CO1.PCCNTR.9936711,relacionado,2026-09-16 01:01:07,ALCALDIA DE ALCALA,528784465.0
CO1.PCCNTR.9934380,relacionado,2026-09-16 01:01:07,MUNICIPIO DE ANSERMANUEVO,109439191.0
CO1.PCCNTR.9936753,relacionado,2026-09-16 01:01:07,MUNICIPIO DE PEREIRA- OFICIAL,15000000.0
CO1.REQ.11034266,relacionado,2026-09-16 01:01:07,MUNICIPIO DE PEREIRA- OFICIAL,15000000.0
CO1.PCCNTR.9925363,relacionado,2026-09-16 01:01:07,MUNICIPIO DE PEREIRA- OFICIAL,14700000.0
CO1.PCCNTR.9940601,relacionado,2026-09-16 01:01:07,ALCALDIA DE CAICEDONIA,12660000.0
CO1.REQ.11034797,relacionado,2026-09-16 01:01:07,MUNICIPIO DE SANTA ROSA DE CABAL,12600000.0
CO1.PCCNTR.9941901,relacionado,2026-09-16 01:01:07,MUNICIPIO DE PEREIRA- OFICIAL,11400000.0
CO1.PCCNTR.9941462,relacionado,2026-09-16 01:01:07,MUNICIPIO DE PEREIRA- OFICIAL,11400000.0
CO1.PCCNTR.9937922,relacionado,2026-09-16 01:01:07,MUNICIPIO DE PEREIRA- OFICIAL,11400000.0
CO1.REQ.11034467,relacionado,2026-09-16 01:01:07,MUNICIPIO DE PEREIRA- OFICIAL,11400000.0
CO1.REQ.11035112,relacionado,2026-09-16 01:01:07,MUNICIPIO DE PEREIRA- OFICIAL,11400000.0
CO1.REQ.11034289,relacionado,2026-09-16 01:01:07,MUNICIPIO DE PEREIRA- OFICIAL,11400000.0
CO1.PCCNTR.9940226,relacionado,2026-09-16 01:01:07,ALCALDIA DE CAICEDONIA,11077500.0
CO1.PCCNTR.9936721,relacionado,2026-09-16 01:01:07,MUNICIPIO DE PEREIRA- OFICIAL,8400000.0
CO1.REQ.11036588,relacionado,2026-09-16 01:01:07,MUNICIPIO DE SEVILLA,5000000.0
CO1.REQ.11031150,revision,2026-09-16 01:01:08,ALCALDIA DISTRITAL DE BUENAVENTURA-VALLE,4060260.0
CO1.REQ.11027014,revision,2026-09-16 01:01:08,ALCALDIA DISTRITAL DE BUENAVENTURA-VALLE,3713150.0
CO1.PCCNTR.9929321,relacionado,2026-09-16 13:17:13,Desarrollo Institucional - Alcaldía de Tuluá,470980530.0
CO1.PCCNTR.9937352,relacionado,2026-09-16 13:17:13,MUNICIPIO DE SANTA ROSA DE CABAL,300000000.0
CO1.PCCNTR.9933572,relacionado,2026-09-16 13:17:13,Secretaría de Hábitat e Infraestructura - Alcaldía de Tuluá,100000000.0
CO1.PCCNTR.9923247,relacionado,2026-09-16 13:17:13,MUNICIPIO DE SAN JOSE.,32000000.0
CO1.PCCNTR.9943925,relacionado,2026-09-16 13:17:13,INSTITUTO DE FINANCIAMIENTO PROMOCIÓN Y DESARROLLO DE MANIZALES - INFI-MANIZALES,19800000.0
CO1.PCCNTR.9944252,relacionado,2026-09-16 13:17:13,INSTITUTO DE FINANCIAMIENTO PROMOCIÓN Y DESARROLLO DE MANIZALES - INFI-MANIZALES,19800000.0
CO1.PCCNTR.9928355,relacionado,2026-09-16 13:17:13,MUNICIPIO DE PEREIRA- OFICIAL,15000000.0
CO1.PCCNTR.9933325,relacionado,2026-09-16 13:17:13,MUNICIPIO DE PEREIRA- OFICIAL,11400000.0
CO1.PCCNTR.9934279,relacionado,2026-09-16 13:17:13,MUNICIPIO DE PEREIRA- OFICIAL,11400000.0
CO1.PCCNTR.9923039,relacionado,2026-09-16 13:17:13,MUNICIPIO DE PEREIRA- OFICIAL,8400000.0
CO1.PCCNTR.9933627,relacionado,2026-09-16 13:17:13,MUNICIPIO DE PEREIRA- OFICIAL,7200000.0
CO1.PCCNTR.9943524,relacionado,2026-09-16 13:17:13,MUNICIPIO DE SEVILLA,5000000.0
CO1.PCCNTR.9942882,relacionado,2026-09-16 13:17:13,MUNICIPIO DE SEVILLA,5000000.0
CO1.PCCNTR.9942858,relacionado,2026-09-16 13:17:13,MUNICIPIO DE SEVILLA,5000000.0
CO1.PCCNTR.9943632,relacionado,2026-09-16 13:17:13,MUNICIPIO DE SEVILLA,2000000.0
CO1.PCCNTR.9944205,relacionado,2026-09-16 13:17:13,MUNICIPIO DE SEVILLA,2000000.0
CO1.PCCNTR.9943816,relacionado,2026-09-16 13:17:13,MUNICIPIO DE SEVILLA,2000000.0
CO1.PCCNTR.9944093,revision,2026-09-16 13:17:14,ALCALDIA DISTRITAL DE BUENAVENTURA-VALLE,4060260.0
CO1.PCCNTR.9944869,revision,2026-09-16 13:17:14,ALCALDIA DISTRITAL DE BUENAVENTURA-VALLE,3713150.0
CO1.REQ.11040458,relacionado,2026-09-16 18:44:54,MUNICIPIO DE PEREIRA- OFICIAL,6300000000.0
CO1.REQ.11041892,relacionado,2026-09-16 18:44:54,ALCALDIA MUNICIPIO DE DOSQUEBRADAS,1300000000.0
CO1.REQ.11031754,relacionado,2026-09-16 18:44:54,CORPORACION AUTONOMA REGIONAL DE RISARALDA,722210684.0
CO1.REQ.11018586,relacionado,2026-09-16 18:44:54,Desarrollo Institucional - Alcaldía de Tuluá,470980530.0
CO1.REQ.11043351,relacionado,2026-09-16 18:44:54,MUNICIPIO DE HISPANIA,120000000.0
CO1.REQ.11025058,relacionado,2026-09-16 18:44:54,Secretaría de Hábitat e Infraestructura - Alcaldía de Tuluá,100000000.0
26-4-14799610-13724267,relacionado,2026-09-16 18:44:54,RISARALDA - CÁMARA DE COMERCIO DE PEREIRA,90000000.0
CO1.REQ.11034983,relacionado,2026-09-16 18:44:54,MUNICIPIO DE ZARZAL,79730000.0
CO1.REQ.11034067,relacionado,2026-09-16 18:44:54,ALCALDIA MUNICIPIO DE DOSQUEBRADAS,33040000.0
CO1.REQ.11043382,relacionado,2026-09-16 18:44:54,INSTITUTO DE FINANCIAMIENTO PROMOCIÓN Y DESARROLLO DE MANIZALES - INFI-MANIZALES,21000000.0
CO1.REQ.11039242,relacionado,2026-09-16 18:44:54,INSTITUTO DE FINANCIAMIENTO PROMOCIÓN Y DESARROLLO DE MANIZALES - INFI-MANIZALES,19800000.0
CO1.REQ.11039573,relacionado,2026-09-16 18:44:54,INSTITUTO DE FINANCIAMIENTO PROMOCIÓN Y DESARROLLO DE MANIZALES - INFI-MANIZALES,19800000.0
CO1.REQ.11039891,relacionado,2026-09-16 18:44:54,INSTITUTO DE FINANCIAMIENTO PROMOCIÓN Y DESARROLLO DE MANIZALES - INFI-MANIZALES,19800000.0
CO1.REQ.11038587,relacionado,2026-09-16 18:44:54,INSTITUTO DE FINANCIAMIENTO PROMOCIÓN Y DESARROLLO DE MANIZALES - INFI-MANIZALES,19800000.0
CO1.REQ.11041393,relacionado,2026-09-16 18:44:54,INSTITUTO DE FINANCIAMIENTO PROMOCIÓN Y DESARROLLO DE MANIZALES - INFI-MANIZALES,19800000.0
CO1.REQ.11039539,relacionado,2026-09-16 18:44:54,INSTITUTO DE FINANCIAMIENTO PROMOCIÓN Y DESARROLLO DE MANIZALES - INFI-MANIZALES,19800000.0
CO1.REQ.11039723,relacionado,2026-09-16 18:44:54,INSTITUTO DE FINANCIAMIENTO PROMOCIÓN Y DESARROLLO DE MANIZALES - INFI-MANIZALES,19800000.0
CO1.REQ.11017767,relacionado,2026-09-16 18:44:54,MUNICIPIO DE PEREIRA- OFICIAL,15000000.0
CO1.REQ.11035140,relacionado,2026-09-16 18:44:54,INSTITUCIÓN EDUCATIVA BOYACÁ,13000000.0
CO1.REQ.11026714,relacionado,2026-09-16 18:44:54,MUNICIPIO DE PEREIRA- OFICIAL,11400000.0
CO1.REQ.11024631,relacionado,2026-09-16 18:44:54,MUNICIPIO DE PEREIRA- OFICIAL,11400000.0
CO1.REQ.11042193,relacionado,2026-09-16 18:44:54,MUNICIPIO DE PEREIRA- OFICIAL,11400000.0
26-4-14800024-13724612,relacionado,2026-09-16 18:44:54,VALLE DEL CAUCA - CÁMARA DE COMERCIO DE PALMIRA,8850000.0
CO1.REQ.11039854,relacionado,2026-09-16 18:44:54,GOBERNACIÓN DE RISARALDA**,8730000.0
CO1.REQ.11040202,relacionado,2026-09-16 18:44:54,MUNICIPIO DE PEREIRA- OFICIAL,8400000.0
CO1.REQ.11039859,relacionado,2026-09-16 18:44:54,MUNICIPIO DE PEREIRA- OFICIAL,8400000.0
CO1.REQ.11010702,relacionado,2026-09-16 18:44:54,MUNICIPIO DE PEREIRA- OFICIAL,8400000.0
CO1.REQ.11025091,relacionado,2026-09-16 18:44:54,MUNICIPIO DE PEREIRA- OFICIAL,7200000.0
CO1.REQ.11037247,relacionado,2026-09-16 18:44:54,MUNICIPIO DE SEVILLA,5000000.0
CO1.REQ.11036688,relacionado,2026-09-16 18:44:54,MUNICIPIO DE SEVILLA,5000000.0
CO1.REQ.11040826,relacionado,2026-09-16 18:44:54,INSTITUCION EDUCATIVA AGUSTIN NIETO CABALLERO CALI VALLE,4950000.0
CO1.REQ.11036888,relacionado,2026-09-16 18:44:54,MUNICIPIO DE SEVILLA,2000000.0
CO1.REQ.11037814,relacionado,2026-09-16 18:44:54,MUNICIPIO DE SEVILLA,2000000.0
CO1.REQ.11037528,relacionado,2026-09-16 18:44:54,MUNICIPIO DE SEVILLA,2000000.0
26-4-14799857-13724475,relacionado,2026-09-16 18:44:54,RISARALDA - CÁMARA DE COMERCIO DE PEREIRA,377739.0
26-4-14799822-13724440,relacionado,2026-09-16 18:44:54,RISARALDA - CÁMARA DE COMERCIO DE PEREIRA,161686.0
CO1.REQ.11037082,relacionado,2026-09-16 18:44:54,CORPORACION AUTONOMA REGIONAL DE CUNDINAMARCA - CAR.,0.0
CO1.REQ.11024995,revision,2026-09-16 18:44:55,MUNICIPIO DE CARTAGO,21000000.0
CO1.REQ.11042081,revision,2026-09-16 18:44:55,MUNICIPIO DE PRADERA,14300000.0
CO1.REQ.11039569,revision,2026-09-16 18:44:55,INSTITUTO MUNICIPAL DEL DEPORTE Y LA RECREACION DE PALMIRA,12000000.0
CO1.REQ.11012497,revision,2026-09-16 18:44:55,SANTIAGO DE CALI DISTRITO ESPECIAL - SECRETARÍA DE GESTIÓN DEL RIESGO DE EMERGENCIAS Y DESASTRE,9610000.0
CO1.REQ.11037386,revision,2026-09-16 18:44:55,MUNICIPIO DE SEVILLA,8800000.0
CO1.REQ.11030879,revision,2026-09-16 18:44:55,ALCALDIA DISTRITAL DE BUENAVENTURA-VALLE,7426300.0
CO1.REQ.11040841,revision,2026-09-16 18:44:55,ALCALDIA DISTRITAL DE BUENAVENTURA-VALLE,7426300.0
CO1.REQ.11040827,revision,2026-09-16 18:44:55,ALCALDIA DISTRITAL DE BUENAVENTURA-VALLE,5304500.0
26-4-14799362-13724006,revision,2026-09-16 18:44:55,VALLE DEL CAUCA - CAMARA DE COMERCIO DE TULUA,5100000.0
CO1.REQ.11036285,revision,2026-09-16 18:44:55,ALCALDIA DISTRITAL DE BUENAVENTURA-VALLE,4243600.0
CO1.REQ.11040374,revision,2026-09-16 18:44:55,ALCALDIA DISTRITAL DE BUENAVENTURA-VALLE,4060260.0
CO1.REQ.11030871,revision,2026-09-16 18:44:55,ALCALDIA DISTRITAL DE BUENAVENTURA-VALLE,3713150.0
CO1.REQ.11040921,revision,2026-09-16 18:44:55,ALCALDIA DISTRITAL DE BUENAVENTURA-VALLE,3713150.0
CO1.REQ.11039927,revision,2026-09-16 18:44:55,ALCALDIA DISTRITAL DE BUENAVENTURA-VALLE,2121800.0
CO1.PCCNTR.9943458,relacionado,2026-09-17 13:18:44,Institución Universitaria Antonio José Camacho (UNIAJC),3965080000.0
CO1.PCCNTR.9941078,relacionado,2026-09-17 13:18:44,LOTERÍA DEL RISARALDA,630416185.0
CO1.PCCNTR.9947569,relacionado,2026-09-17 13:18:44,MUNICIPIO DE HISPANIA,120000000.0
CO1.PCCNTR.9946455,relacionado,2026-09-17 13:18:44,MUNICIPIO DE ZARZAL,79730000.0
CO1.PCCNTR.9947437,relacionado,2026-09-17 13:18:44,INSTITUTO DE FINANCIAMIENTO PROMOCIÓN Y DESARROLLO DE MANIZALES - INFI-MANIZALES,21000000.0
CO1.PCCNTR.9946150,relacionado,2026-09-17 13:18:44,INSTITUTO DE FINANCIAMIENTO PROMOCIÓN Y DESARROLLO DE MANIZALES - INFI-MANIZALES,19800000.0
CO1.PCCNTR.9944395,relacionado,2026-09-17 13:18:44,INSTITUTO DE FINANCIAMIENTO PROMOCIÓN Y DESARROLLO DE MANIZALES - INFI-MANIZALES,19800000.0
CO1.PCCNTR.9944671,relacionado,2026-09-17 13:18:44,INSTITUTO DE FINANCIAMIENTO PROMOCIÓN Y DESARROLLO DE MANIZALES - INFI-MANIZALES,19800000.0
CO1.PCCNTR.9944830,relacionado,2026-09-17 13:18:44,INSTITUTO DE FINANCIAMIENTO PROMOCIÓN Y DESARROLLO DE MANIZALES - INFI-MANIZALES,19800000.0
CO1.PCCNTR.9945307,relacionado,2026-09-17 13:18:44,INSTITUTO DE FINANCIAMIENTO PROMOCIÓN Y DESARROLLO DE MANIZALES - INFI-MANIZALES,19800000.0
CO1.PCCNTR.9941323,relacionado,2026-09-17 13:18:44,MUNICIPIO DE PEREIRA- OFICIAL,15000000.0
CO1.PCCNTR.9942373,relacionado,2026-09-17 13:18:44,MUNICIPIO DE SANTA ROSA DE CABAL,12600000.0
CO1.PCCNTR.9941333,relacionado,2026-09-17 13:18:44,MUNICIPIO DE PEREIRA- OFICIAL,11400000.0
CO1.PCCNTR.9947009,relacionado,2026-09-17 13:18:44,MUNICIPIO DE PEREIRA- OFICIAL,11400000.0
CO1.PCCNTR.9944789,relacionado,2026-09-17 13:18:44,MUNICIPIO DE PEREIRA- OFICIAL,8400000.0
CO1.PCCNTR.9944983,relacionado,2026-09-17 13:18:44,MUNICIPIO DE PEREIRA- OFICIAL,8400000.0
CO1.PCCNTR.9925809,revision,2026-09-17 13:18:45,MUNICIPIO DE YUMBO VALLE,18750000.0
CO1.PCCNTR.9947545,revision,2026-09-17 13:18:45,ALCALDIA DISTRITAL DE BUENAVENTURA-VALLE,5304500.0
CO1.PCCNTR.9947288,revision,2026-09-17 13:18:45,ALCALDIA DISTRITAL DE BUENAVENTURA-VALLE,4060260.0
CO1.PCCNTR.9937380,revision,2026-09-17 13:18:45,ALCALDIA DISTRITAL DE BUENAVENTURA-VALLE,4060260.0
CO1.PCCNTR.9945262,revision,2026-09-17 13:18:45,ALCALDIA DISTRITAL DE BUENAVENTURA-VALLE,2121800.0
CO1.REQ.11048877,relacionado,2026-09-18 07:18:54,ALCALDIA MUNICIPAL DE CHINCHINA,300000000.0
CO1.REQ.11051578,relacionado,2026-09-18 07:18:54,ALCALDIA MUNICIPIO DE DOSQUEBRADAS,300000000.0
26-12-14800434-13725055,relacionado,2026-09-18 07:18:54,ESCUELA NACIONAL DEL DEPORTE,96767944.0
CO1.REQ.11051268,relacionado,2026-09-18 07:18:54,EMPRESA DE VIVIENDA DE ANTIOQUIA-VIVA,70920211.0
26-4-14800444-13725039,relacionado,2026-09-18 07:18:54,RISARALDA - CÁMARA DE COMERCIO DE PEREIRA,45000000.0
CO1.REQ.11050589,relacionado,2026-09-18 07:18:54,INSTITUTO DE FINANCIAMIENTO PROMOCIÓN Y DESARROLLO DE MANIZALES - INFI-MANIZALES,19800000.0
26-12-14801220-13725815,relacionado,2026-09-18 07:18:54,ESCUELA NACIONAL DEL DEPORTE,14515620.0
26-12-14801117-13725731,relacionado,2026-09-18 07:18:54,VALLE DEL CAUCA - ALCALDÍA MUNICIPIO DE RIOFRÍO,11025000.0
26-4-14800024-13724944,relacionado,2026-09-18 07:18:54,VALLE DEL CAUCA - CÁMARA DE COMERCIO DE PALMIRA,8850000.0
26-12-14801174,relacionado,2026-09-18 07:18:54,VALLE DEL CAUCA - ALCALDÍA MUNICIPIO DE EL CAIRO,6000000.0
CO1.REQ.11042791,revision,2026-09-18 07:18:55,EMAVI,1300000000.0
CO1.REQ.11045552,revision,2026-09-18 07:18:55,MUNICIPIO DE DAGUA,168459400.0
CO1.REQ.11051157,revision,2026-09-18 07:18:55,MUNICIPIO DE PRADERA,34310394.0
26-11-14801993,relacionado,2026-09-18 12:49:16,NARIÑO - ALCALDÍA MUNICIPIO DE OLAYA HERRERA,269983604.0
26-12-14801946-13726545,relacionado,2026-09-18 12:49:16,VALLE DEL CAUCA - ALCALDÍA MUNICIPIO DE BOLÍVAR,30000000.0
26-12-14801174-13726114,relacionado,2026-09-18 12:49:16,VALLE DEL CAUCA - ALCALDÍA MUNICIPIO DE EL CAIRO,6000000.0
26-12-14801222-13725818,relacionado,2026-09-18 12:49:16,ESCUELA NACIONAL DEL DEPORTE,3996000.0
26-4-14801609-13726229,relacionado,2026-09-18 12:49:16,VALLE DEL CAUCA - CAMARA DE COMERCIO DE TULUA,1500000.0
CO1.PCCNTR.9947524,relacionado,2026-09-18 18:28:06,MUNICIPIO DE PEREIRA- OFICIAL,4000000000.0
CO1.PCCNTR.9947708,relacionado,2026-09-18 18:28:06,MUNICIPIO DE PEREIRA- OFICIAL,2300000000.0
CO1.PCCNTR.9951377,relacionado,2026-09-18 18:28:06,ALCALDIA MUNICIPAL DE CHINCHINA,300000000.0
CO1.PCCNTR.9923754,relacionado,2026-09-18 18:28:06,ALCALDIA MUNICIPIO DE DOSQUEBRADAS,119890000.0
CO1.PCCNTR.9952918,relacionado,2026-09-18 18:28:06,INSTITUTO DE FINANCIAMIENTO PROMOCIÓN Y DESARROLLO DE MANIZALES - INFI-MANIZALES,19800000.0
CO1.PCCNTR.9938401,relacionado,2026-09-18 18:28:06,MUNICIPIO DE PEREIRA- OFICIAL,15000000.0
CO1.PCCNTR.9954879,relacionado,2026-09-18 18:28:06,MUNICIPIO DE PEREIRA- OFICIAL,15000000.0
CO1.PCCNTR.9956531,relacionado,2026-09-18 18:28:06,MUNICIPIO DE PEREIRA- OFICIAL,11400000.0
CO1.PCCNTR.9953883,relacionado,2026-09-18 18:28:06,MUNICIPIO DE PEREIRA- OFICIAL,7200000.0
CO1.PCCNTR.9954886,relacionado,2026-09-18 18:28:06,MUNICIPIO DE LA UNION,5800000.0
CO1.PCCNTR.9957511,revision,2026-09-18 18:28:08,MUNICIPIO DE OBANDO VALLE,123845990.0
CO1.REQ.11053057,relacionado,2026-09-19 06:59:42,Departamento Administrativo de Planeación - Alcaldía de Tuluá,400000000.0
CO1.REQ.11056332,relacionado,2026-09-19 06:59:42,INSTITUCION EDUCATIVA GENERAL SANTANDER,15000000.0
CO1.REQ.11053814,relacionado,2026-09-19 06:59:42,MUNICIPIO DE PEREIRA- OFICIAL,15000000.0
CO1.REQ.11052178,relacionado,2026-09-19 06:59:42,MUNICIPIO DE PEREIRA- OFICIAL,11400000.0
CO1.REQ.11055704,relacionado,2026-09-19 06:59:42,MUNICIPIO DE PEREIRA- OFICIAL,11400000.0
CO1.REQ.11054850,relacionado,2026-09-19 06:59:42,MUNICIPIO DE PEREIRA- OFICIAL,11400000.0
CO1.REQ.11052616,relacionado,2026-09-19 06:59:42,MUNICIPIO DE PEREIRA- OFICIAL,7200000.0
CO1.REQ.11053809,relacionado,2026-09-19 06:59:42,MUNICIPIO DE LA UNION,5800000.0
CO1.REQ.11056242,revision,2026-09-19 06:59:42,MUNICIPIO DE OBANDO VALLE,123845990.0
CO1.REQ.11056136,revision,2026-09-19 06:59:42,MUNICIPIO DE OBANDO VALLE,123845990.0
CO1.REQ.11053790,revision,2026-09-19 06:59:42,MUNICIPIO DE CARTAGO,10400000.0
CO1.REQ.11048013,revision,2026-09-19 06:59:42,INSTITUTO MUNICIPAL DEL DEPORTE Y LA RECREACION DE PALMIRA,9000000.0
CO1.REQ.11064427,relacionado,2026-09-20 07:25:19,GOBERNACIÓN DE RISARALDA**,13694966093.0
CO1.PCCNTR.9961352,relacionado,2026-09-20 07:25:19,GOBERNACION DEL VALLE DEL CAUCA - SECRETARIA DE VIVIENDA Y HABITAT,8592000000.0
CO1.REQ.11061232,relacionado,2026-09-20 07:25:19,GOBERNACION DEL VALLE DEL CAUCA - SECRETARIA DE VIVIENDA Y HABITAT,8592000000.0
CO1.PCCNTR.9940510,relacionado,2026-09-20 07:25:19,MUNICIPIO DE PEREIRA- OFICIAL,5500000000.0
CO1.PCCNTR.9960741,relacionado,2026-09-20 07:25:19,MUNICIPIO DE MANIZALES,3629262000.0
CO1.REQ.11060528,relacionado,2026-09-20 07:25:19,MUNICIPIO DE MANIZALES,3629262000.0
CO1.PCCNTR.9940902,relacionado,2026-09-20 07:25:19,MUNICIPIO DE PEREIRA- OFICIAL,3000000000.0
CO1.PCCNTR.9940710,relacionado,2026-09-20 07:25:19,MUNICIPIO DE PEREIRA- OFICIAL,2000000000.0
CO1.PCCNTR.9940802,relacionado,2026-09-20 07:25:19,MUNICIPIO DE PEREIRA- OFICIAL,2000000000.0
CO1.PCCNTR.9940512,relacionado,2026-09-20 07:25:19,MUNICIPIO DE PEREIRA- OFICIAL,1500000000.0
CO1.REQ.11063056,relacionado,2026-09-20 07:25:19,UNIVERSIDAD TECNOLÓGICA DE PEREIRA,787465000.0
CO1.PCCNTR.9940708,relacionado,2026-09-20 07:25:19,MUNICIPIO DE PEREIRA- OFICIAL,500000000.0
CO1.PCCNTR.9940713,relacionado,2026-09-20 07:25:19,MUNICIPIO DE PEREIRA- OFICIAL,500000000.0
CO1.PCCNTR.9954763,relacionado,2026-09-20 07:25:19,Departamento Administrativo de Planeación - Alcaldía de Tuluá,400000000.0
CO1.REQ.11064847,relacionado,2026-09-20 07:25:19,EMPRESA DE VIVIENDA DE ANTIOQUIA-VIVA,98804767.0
CO1.REQ.11064286,relacionado,2026-09-20 07:25:19,EMPRESA DE VIVIENDA DE ANTIOQUIA-VIVA,69528052.0
CO1.REQ.11065237,relacionado,2026-09-20 07:25:19,EMPRESA DE VIVIENDA DE ANTIOQUIA-VIVA,54117607.0
CO1.REQ.11060125,relacionado,2026-09-20 07:25:19,UNIVERSIDAD TECNOLÓGICA DE PEREIRA,35544719.0
CO1.PCCNTR.9946346,relacionado,2026-09-20 07:25:19,ALCALDIA MUNICIPIO DE DOSQUEBRADAS,33040000.0
CO1.REQ.11060980,relacionado,2026-09-20 07:25:19,INSTITUTO DE FINANCIAMIENTO PROMOCIÓN Y DESARROLLO DE MANIZALES - INFI-MANIZALES,21000000.0
CO1.REQ.11065109,relacionado,2026-09-20 07:25:19,MUNICIPIO DE VITERBO,17950000.0
CO1.REQ.11061931,relacionado,2026-09-20 07:25:19,INSTITUCION EDUCATIVA CENTRAL DE BACHILLERATO INTEGRADO,14000000.0
CO1.REQ.11062433,relacionado,2026-09-20 07:25:19,INSTITUCION EDUCATIVA GENERAL JOSE MARIA CABAL,13000000.0
CO1.PCCNTR.9953774,relacionado,2026-09-20 07:25:19,MUNICIPIO DE PEREIRA- OFICIAL,11400000.0
CO1.PCCNTR.9956122,relacionado,2026-09-20 07:25:19,MUNICIPIO DE PEREIRA- OFICIAL,11400000.0
CO1.REQ.11065297,relacionado,2026-09-20 07:25:19,MUNICIPIO DE PEREIRA- OFICIAL,11400000.0
26-12-14802703-13727359,relacionado,2026-09-20 07:25:19,VALLE DEL CAUCA - ALCALDÍA MUNICIPIO DE BOLÍVAR,9000000.0
CO1.PCCNTR.9953459,relacionado,2026-09-20 07:25:19,Secretaría de Educación - Alcaldía de Tuluá,7940000.0
CO1.PCCNTR.9960736,relacionado,2026-09-20 07:25:19,MUNICIPIO DE PEREIRA- OFICIAL,7200000.0
CO1.REQ.11060287,relacionado,2026-09-20 07:25:19,MUNICIPIO DE PEREIRA- OFICIAL,7200000.0
CO1.REQ.11051124,relacionado,2026-09-20 07:25:19,MUNICIPIO DE SEVILLA,5000000.0
CO1.REQ.11060852,relacionado,2026-09-20 07:25:19,MUNICIPIO DE SEVILLA,2000000.0
CO1.REQ.11063036,revision,2026-09-20 07:25:20,SANTIAGO DE CALI DISTRITO ESPECIAL - SECRETARIA DE MOVILIDAD,1749635845.0
CO1.REQ.11058101,revision,2026-09-20 07:25:20,CVC,948000000.0
CO1.REQ.11059792,revision,2026-09-20 07:25:20,METRO CALI S.A ACUERDO DE REESTRUCTURACION,557346148.0
CO1.REQ.11065417,revision,2026-09-20 07:25:20,ALCALDIA MUNICIPAL DE ANDALUCIA VALLE DEL CAUCA,149526599.0
CO1.REQ.11062110,revision,2026-09-20 07:25:20,MUNICIPIO DE CARTAGO,10500000.0
CO1.REQ.11062239,revision,2026-09-20 07:25:20,ALCALDIA MUNICIPAL DE SAN PEDRO VALLE DEL CAUCA,8000000.0
CO1.REQ.11059973,revision,2026-09-20 07:25:20,"INSTITUTO DEL DEPORTE, LA EDUCACIÓN FÍSICA Y LA RECREACIÒN DEL VALLE DEL CAUCA (INDERVALLE)",7000000.0
26-12-14802575-13727419,revision,2026-09-20 07:25:20,VALLE DEL CAUCA - ALCALDÍA MUNICIPIO DE BOLÍVAR,2775000.0
26-12-14802548-13727408,revision,2026-09-20 07:25:20,VALLE DEL CAUCA - ALCALDÍA MUNICIPIO DE BOLÍVAR,2775000.0
26-12-14802309-13727387,revision,2026-09-20 07:25:20,VALLE DEL CAUCA - ALCALDÍA MUNICIPIO DE BOLÍVAR,2220000.0
26-12-14802462-13727403,revision,2026-09-20 07:25:20,VALLE DEL CAUCA - ALCALDÍA MUNICIPIO DE BOLÍVAR,2220000.0
CO1.PCCNTR.9966501,relacionado,2026-09-20 12:33:34,SANTIAGO DE CALI DISTRITO ESPECIAL - SECRETARIA DE GOBIERNO,5000000000.0
CO1.PCCNTR.9960973,relacionado,2026-09-20 12:33:34,INSTITUTO DE FINANCIAMIENTO PROMOCIÓN Y DESARROLLO DE MANIZALES - INFI-MANIZALES,21000000.0
CO1.PCCNTR.9964402,relacionado,2026-09-20 12:33:34,MUNICIPIO DE VITERBO,17950000.0
CO1.PCCNTR.9963662,relacionado,2026-09-20 12:33:34,MUNICIPIO DE SEVILLA,5000000.0
CO1.PCCNTR.9967229,relacionado,2026-09-20 12:33:34,MUNICIPIO DE SEVILLA,2000000.0
CO1.PCCNTR.9963463,relacionado,2026-09-20 12:33:34,MUNICIPIO DE SEVILLA,2000000.0
CO1.PCCNTR.9966790,revision,2026-09-20 12:33:35,DEPARTAMENTO DEL VALLE DEL CAUCA-SECRETARIA DE GESTION DEL RIESGO DE DESASTRES,24000000.0
CO1.REQ.11064782,relacionado,2026-09-20 18:20:04,SANTIAGO DE CALI DISTRITO ESPECIAL - SECRETARIA DE GOBIERNO,5000000000.0
CO1.REQ.11065999,relacionado,2026-09-20 18:20:04,INSTITUCIÓN EDUCATIVA TECNICA SAN ANTONIO*,8500000.0
CO1.REQ.11066385,relacionado,2026-09-20 18:20:04,MUNICIPIO DE SEVILLA,5000000.0
CO1.REQ.11066304,relacionado,2026-09-20 18:20:04,MUNICIPIO DE SEVILLA,2000000.0
CO1.REQ.11070008,revision,2026-09-20 18:20:05,MUNICIPIO DE DAGUA,168459400.0
CO1.REQ.11067523,revision,2026-09-20 18:20:05,MUNICIPIO DE OBANDO VALLE,67122829.0
CO1.REQ.11068840,revision,2026-09-20 18:20:05,DEPARTAMENTO DEL VALLE DEL CAUCA-SECRETARIA DE GESTION DEL RIESGO DE DESASTRES,24000000.0
CO1.REQ.11066606,revision,2026-09-20 18:20:05,INSTITUCION EDUCATIVA ANTONIO NARIÑO,19188459.0
CO1.REQ.11068974,revision,2026-09-20 18:20:05,MUNICIPIO DE OBANDO VALLE,16000000.0
26-4-14803394-13728164,relacionado,2026-09-22 07:44:14,RISARALDA - CÁMARA DE COMERCIO DE PEREIRA,52062500.0
26-12-14803731-13728552,relacionado,2026-09-22 07:44:14,VALLE DEL CAUCA - ALCALDÍA MUNICIPIO DE BOLÍVAR,32650000.0
26-12-14803755-13728574,relacionado,2026-09-22 07:44:14,VALLE DEL CAUCA - ALCALDÍA MUNICIPIO DE BOLÍVAR,7840000.0
26-4-14803472-13728251,relacionado,2026-09-22 07:44:14,RISARALDA - CÁMARA DE COMERCIO DE PEREIRA,2500000.0
26-4-14803488-13728261,relacionado,2026-09-22 07:44:14,RISARALDA - CÁMARA DE COMERCIO DE PEREIRA,1190000.0
CO1.REQ.11071456,revision,2026-09-22 07:44:15,DEPARTAMENTO DEL VALLE DEL CAUCA-SECRETARIA DE GESTION DEL RIESGO DE DESASTRES,24000000.0
26-12-14803329-13728057,revision,2026-09-22 07:44:15,VALLE DEL CAUCA - ALCALDÍA MUNICIPIO DE BOLÍVAR,2220000.0
