"fecha_deteccion","fuente","identificador","fecha_registro","entidad","grupo","nivel_relacion","valor"
"2026-08-12 20:06:54","contratos","CO1.PCCNTR.9776097","2026-08-11","GOBERNACIÓN VALLE DEL CAUCA -SECRETARIA DE SALUD","Gobernación del Valle","Contexto","30000000"
"2026-08-12 20:06:54","procesos","CO1.REQ.10818729","2026-08-10","Departamento Administrativo de Planeación - Alcaldía de Tuluá","Otras entidades del Valle","Contexto","10400000"
"2026-08-12 20:06:54","procesos","CO1.REQ.10818545","2026-08-10","Departamento Administrativo de Planeación - Alcaldía de Tuluá","Otras entidades del Valle","Contexto","10400000"
"2026-08-12 20:06:54","procesos","CO1.REQ.10818717","2026-08-10","Departamento Administrativo de Planeación - Alcaldía de Tuluá","Otras entidades del Valle","Contexto","14310000"
"2026-08-12 20:06:54","procesos","CO1.REQ.10818814","2026-08-10","Departamento Administrativo de Planeación - Alcaldía de Tuluá","Otras entidades del Valle","Contexto","14310000"
"2026-08-12 20:06:54","procesos","CO1.REQ.10818823","2026-08-10","Departamento Administrativo de Planeación - Alcaldía de Tuluá","Otras entidades del Valle","Contexto","10400000"
"2026-08-12 20:06:54","procesos","CO1.REQ.10818416","2026-08-10","SANTIAGO DE CALI DISTRITO ESPECIAL - SECRETARÍA DE PAZ Y CULTURA CIUDADANA","Alcaldía de Cali","Contexto","5584000"
"2026-08-12 20:06:54","procesos","CO1.REQ.10818742","2026-08-10","Departamento Administrativo de Planeación - Alcaldía de Tuluá","Otras entidades del Valle","Contexto","15880000"
"2026-08-12 20:06:54","contratos","CO1.PCCNTR.9792856","2026-08-11","ALCALDIA DE CARACOLI","Fuera del Valle","Contexto","4300000"
"2026-08-12 20:06:54","contratos","CO1.PCCNTR.9791523","2026-08-11","CAJA DE LA VIVIENDA POPULAR//","Fuera del Valle","Contexto","40600000"
"2026-08-12 20:06:54","contratos","CO1.PCCNTR.9790441","2026-08-11","SECRETARIA DISTRITAL DE SEGURIDAD, CONVIVENCIA Y JUSTICIA","Fuera del Valle","Otra urgencia","26506956"
"2026-08-12 20:06:54","procesos","CO1.REQ.10818727","2026-08-10","Departamento Administrativo de Planeación - Alcaldía de Tuluá","Otras entidades del Valle","Contexto","13080000"
"2026-08-12 20:06:54","procesos","CO1.REQ.10818737","2026-08-10","Departamento Administrativo de Planeación - Alcaldía de Tuluá","Otras entidades del Valle","Contexto","8320000"
"2026-08-12 20:06:54","procesos","CO1.REQ.10822611","2026-08-10","MUNICIPIO DE EL CERRITO.","Otras entidades del Valle","Contexto","47253000"
"2026-08-12 20:06:54","procesos","CO1.REQ.10818724","2026-08-10","Departamento Administrativo de Planeación - Alcaldía de Tuluá","Otras entidades del Valle","Contexto","13080000"
"2026-08-12 20:06:54","procesos","CO1.REQ.10820369","2026-08-10","ESTABLECIMIENTO PÚBLICO AMBIENTAL DEL DISTRITO DE BUENAVENTURA","Otras entidades del Valle","Contexto","450000000"
"2026-08-12 20:06:54","procesos","CO1.REQ.10818516","2026-08-10","Departamento Administrativo de Planeación - Alcaldía de Tuluá","Otras entidades del Valle","Contexto","14310000"
"2026-08-12 20:06:54","procesos","CO1.REQ.10815079","2026-08-10","ARMADA NACIONAL BASE NAVAL ARC MALAGA","Otras entidades del Valle","Contexto","220265668"
"2026-08-12 20:06:54","procesos","CO1.REQ.10820805","2026-08-10","ESTABLECIMIENTO PÚBLICO AMBIENTAL DEL DISTRITO DE BUENAVENTURA","Otras entidades del Valle","Contexto","490000000"
"2026-08-12 20:06:54","procesos","CO1.REQ.10818808","2026-08-10","Departamento Administrativo de Planeación - Alcaldía de Tuluá","Otras entidades del Valle","Contexto","19850000"
"2026-08-12 20:06:54","procesos","CO1.REQ.10818740","2026-08-10","Departamento Administrativo de Planeación - Alcaldía de Tuluá","Otras entidades del Valle","Contexto","8320000"
"2026-08-12 20:06:54","procesos","CO1.REQ.10818536","2026-08-10","Departamento Administrativo de Planeación - Alcaldía de Tuluá","Otras entidades del Valle","Contexto","10464000"
"2026-08-12 20:06:54","procesos","CO1.REQ.10818735","2026-08-10","Departamento Administrativo de Planeación - Alcaldía de Tuluá","Otras entidades del Valle","Contexto","13080000"
"2026-08-12 20:06:54","procesos","CO1.REQ.10820269","2026-08-10","ESTABLECIMIENTO PÚBLICO AMBIENTAL DEL DISTRITO DE BUENAVENTURA","Otras entidades del Valle","Contexto","480000000"
"2026-08-12 20:06:54","procesos","CO1.REQ.10818721","2026-08-10","Departamento Administrativo de Planeación - Alcaldía de Tuluá","Otras entidades del Valle","Contexto","13080000"
"2026-08-12 20:06:54","contratos","CO1.PCCNTR.9792776","2026-08-11","MUNICIPIO DE PALESTINA CALDAS","Fuera del Valle","Alta","6500000"
"2026-08-12 20:06:54","contratos","CO1.PCCNTR.9775493","2026-08-10","DEPARTAMENTO ADMINISTRATIVO NACIONAL DE ESTADISTICA-SUROCCIDENTE","Otras entidades del Valle","Contexto","6568500"
"2026-08-12 20:06:54","contratos","CO1.PCCNTR.9779854","2026-08-10","SANTIAGO DE CALI DISTRITO ESPECIAL - SECRETARIA DE SEGURIDAD Y JUSTICIA","Alcaldía de Cali","Contexto","15788000"
"2026-08-12 20:06:54","contratos","CO1.PCCNTR.9777644","2026-08-11","GOBERNACIÓN VALLE DEL CAUCA -SECRETARIA DE SALUD","Gobernación del Valle","Contexto","25000000"
"2026-08-12 20:06:54","contratos","CO1.PCCNTR.9777986","2026-08-11","GOBERNACIÓN VALLE DEL CAUCA -SECRETARIA DE SALUD","Gobernación del Valle","Contexto","28840000"
"2026-08-12 20:06:54","contratos","CO1.PCCNTR.9780906","2026-08-10","SECRETARIA DE AMBIENTE Y DESARROLLO SOSTENIBLE","Gobernación del Valle","Contexto","5500000"
"2026-08-12 20:06:54","contratos","CO1.PCCNTR.9781708","2026-08-10","SANTIAGO DE CALI DISTRITO ESPECIAL - SECRETARIA DE SEGURIDAD Y JUSTICIA","Alcaldía de Cali","Contexto","3947000"
"2026-08-12 20:06:54","contratos","CO1.PCCNTR.9780350","2026-08-11","GOBERNACIÓN VALLE DEL CAUCA -SECRETARIA DE SALUD","Gobernación del Valle","Contexto","35000000"
"2026-08-12 20:06:54","contratos","CO1.PCCNTR.9782741","2026-08-10","SANTIAGO DE CALI DISTRITO ESPECIAL - SECRETARIA DE SEGURIDAD Y JUSTICIA","Alcaldía de Cali","Contexto","4805000"
"2026-08-12 20:06:54","contratos","CO1.PCCNTR.9788785","2026-08-10","Sena - Centro Agropecuario de Buga","Otras entidades del Valle","Contexto","19265833"
"2026-08-12 20:06:54","contratos","CO1.PCCNTR.9776594","2026-08-11","MUNICIPIO DE EL CERRITO.","Otras entidades del Valle","Contexto","14750000"
"2026-08-12 20:06:54","contratos","CO1.PCCNTR.9792174","2026-08-11","ALCALDIA MUNICIPIO DE JAMUNDI","Otras entidades del Valle","Contexto","19000000"
"2026-08-12 20:06:54","contratos","CO1.PCCNTR.9779330","2026-08-11","INSTITUTO MUNICIPAL DEL DEPORTE Y LA RECREACION DE PALMIRA","Otras entidades del Valle","Contexto","11600000"
"2026-08-12 20:06:54","contratos","CO1.PCCNTR.9775952","2026-08-11","BIBLIOTECA DEPARTAMENTAL JORGE GARCES BORRERO","Otras entidades del Valle","Contexto","22000000"
"2026-08-12 20:06:54","contratos","CO1.PCCNTR.9774331","2026-08-10","Sena - Centro Agropecuario de Buga","Otras entidades del Valle","Contexto","17528750"
"2026-08-12 20:06:54","contratos","CO1.PCCNTR.9792162","2026-08-11","MUNICIPIO DE PRADERA","Otras entidades del Valle","Contexto","650000"
"2026-08-12 20:06:54","contratos","CO1.PCCNTR.9776499","2026-08-11","GOBERNACIÓN VALLE DEL CAUCA -SECRETARIA DE SALUD","Gobernación del Valle","Contexto","20000000"
"2026-08-12 20:06:54","contratos","CO1.PCCNTR.9776345","2026-08-10","MUNICIPIO DE BUGALAGRANDE","Otras entidades del Valle","Contexto","48896330"
"2026-08-12 20:06:54","contratos","CO1.PCCNTR.9778843","2026-08-11","INSTITUTO MUNICIPAL DEL DEPORTE Y LA RECREACION DE PALMIRA","Otras entidades del Valle","Contexto","20000000"
"2026-08-12 20:06:54","contratos","CO1.PCCNTR.9790135","2026-08-10","ALCALDIA MUNICIPIO DE VILLAVICENCIO","Fuera del Valle","Otra urgencia","20000000"
"2026-08-12 20:06:54","contratos","CO1.PCCNTR.9776724","2026-08-11","ALCALDIA MUNICIPAL DE SAN PEDRO VALLE DEL CAUCA","Otras entidades del Valle","Contexto","11000000"
"2026-08-12 20:06:54","contratos","CO1.PCCNTR.9781237","2026-08-10","MUNICIPIO DE SAN JUAN BAUTISTA DE GUACARI2","Otras entidades del Valle","Contexto","10000000"
"2026-08-12 20:06:54","contratos","CO1.PCCNTR.9783245","2026-08-10","FISCALÍA GENERAL DE LA NACIÓN REGIONAL PACÍFICO","Otras entidades del Valle","Contexto","76854483"
"2026-08-12 20:06:54","contratos","CO1.PCCNTR.9778794","2026-08-11","ARMADA NACIONAL BASE NAVAL ARC MALAGA","Otras entidades del Valle","Contexto","335293197.39"
"2026-08-12 20:06:54","contratos","CO1.PCCNTR.9773085","2026-08-10","Sena - Centro Agropecuario de Buga","Otras entidades del Valle","Contexto","18634167"
"2026-08-12 20:06:54","contratos","CO1.PCCNTR.9756093","2026-08-11","HOSPITAL SAN RAFAEL EL CERRITO","Otras entidades del Valle","Contexto","20000000"
"2026-08-12 20:06:54","contratos","CO1.PCCNTR.9791643","2026-08-10","INSTITUTO DESCENTRALIZADO BUGA ABASTOS","Otras entidades del Valle","Contexto","8800000"
"2026-08-12 20:06:54","contratos","CO1.PCCNTR.9781566","2026-08-10","MUNICIPIO DE SAN JUAN BAUTISTA DE GUACARI2","Otras entidades del Valle","Contexto","171428286"
"2026-08-12 20:06:54","contratos","CO1.PCCNTR.9778428","2026-08-11","ALCALDIA MUNICIPAL DE SAN PEDRO VALLE DEL CAUCA","Otras entidades del Valle","Contexto","11500000"
"2026-08-12 20:06:54","contratos","CO1.PCCNTR.9788930","2026-08-10","Sena - Centro Agropecuario de Buga","Otras entidades del Valle","Contexto","19265833"
"2026-08-12 20:06:54","contratos","CO1.PCCNTR.9792587","2026-08-11","ALCALDIA MUNICIPIO DE JAMUNDI","Otras entidades del Valle","Contexto","25000000"
"2026-08-12 20:06:54","contratos","CO1.PCCNTR.9783444","2026-08-10","INSTITUTO DESCENTRALIZADO BUGA ABASTOS","Otras entidades del Valle","Contexto","6450000"
"2026-08-12 20:06:54","contratos","CO1.PCCNTR.9781394","2026-08-11","MUNICIPIO DE PRADERA","Otras entidades del Valle","Contexto","11250000"
"2026-08-12 20:06:54","contratos","CO1.PCCNTR.9780736","2026-08-10","SANTIAGO DE CALI DISTRITO ESPECIAL - SECRETARIA DE SEGURIDAD Y JUSTICIA","Alcaldía de Cali","Contexto","4805000"
"2026-08-12 20:06:54","contratos","CO1.PCCNTR.9778043","2026-08-10","SANTIAGO DE CALI DISTRITO ESPECIAL - SECRETARIA DE SEGURIDAD Y JUSTICIA","Alcaldía de Cali","Contexto","3947000"
"2026-08-12 20:06:54","contratos","CO1.PCCNTR.9772118","2026-08-10","PLANEACIÓN MUNICIPAL CALI**","Alcaldía de Cali","Contexto","167746950"
"2026-08-12 20:06:54","contratos","CO1.PCCNTR.9778227","2026-08-11","INSTITUTO MUNICIPAL DEL DEPORTE Y LA RECREACION DE PALMIRA","Otras entidades del Valle","Contexto","8000000"
"2026-08-12 20:06:54","contratos","CO1.PCCNTR.9792708","2026-08-11","ALCALDIA MUNICIPIO DE JAMUNDI","Otras entidades del Valle","Contexto","14000000"
"2026-08-12 20:06:54","contratos","CO1.PCCNTR.9787724","2026-08-10","Sena - Centro Agropecuario de Buga","Otras entidades del Valle","Contexto","249999992"
"2026-08-12 20:06:54","contratos","CO1.PCCNTR.9777935","2026-08-11","GOBERNACIÓN VALLE DEL CAUCA -SECRETARIA DE SALUD","Gobernación del Valle","Contexto","30000000"
"2026-08-12 20:06:54","contratos","CO1.PCCNTR.9755149","2026-08-11","INSTITUTO DEPARTAMENTAL DE BELLAS ARTES","Otras entidades del Valle","Contexto","11099413"
"2026-08-12 20:06:54","contratos","CO1.PCCNTR.9778869","2026-08-11","INSTITUTO MUNICIPAL DEL DEPORTE Y LA RECREACION DE PALMIRA","Otras entidades del Valle","Contexto","10000000"
"2026-08-12 20:06:54","contratos","CO1.PCCNTR.9774347","2026-08-10","Sena - Centro Agropecuario de Buga","Otras entidades del Valle","Contexto","17528750"
"2026-08-12 20:06:54","contratos","CO1.PCCNTR.9778546","2026-08-11","INSTITUTO MUNICIPAL DEL DEPORTE Y LA RECREACION DE PALMIRA","Otras entidades del Valle","Contexto","8800000"
"2026-08-12 20:06:54","contratos","CO1.PCCNTR.9778372","2026-08-11","INSTITUTO MUNICIPAL DEL DEPORTE Y LA RECREACION DE PALMIRA","Otras entidades del Valle","Contexto","8000000"
"2026-08-12 20:06:54","contratos","CO1.PCCNTR.9748669","2026-08-11","ARMADA NACIONAL BASE NAVAL ARC MALAGA","Otras entidades del Valle","Contexto","168991178"
"2026-08-12 20:06:54","contratos","CO1.PCCNTR.9780298","2026-08-10","MUNICIPIO DE SAN JUAN BAUTISTA DE GUACARI2","Otras entidades del Valle","Contexto","12520000"
"2026-08-12 20:06:54","contratos","CO1.PCCNTR.9778332","2026-08-11","INSTITUTO MUNICIPAL DEL DEPORTE Y LA RECREACION DE PALMIRA","Otras entidades del Valle","Contexto","11600000"
"2026-08-12 20:06:54","contratos","CO1.PCCNTR.9793263","2026-08-11","MUNICIPIO DE FLORIDA","Otras entidades del Valle","Contexto","15000000"
"2026-08-12 20:06:54","contratos","CO1.PCCNTR.9775703","2026-08-10","DEPARTAMENTO ADMINISTRATIVO NACIONAL DE ESTADISTICA-SUROCCIDENTE","Otras entidades del Valle","Contexto","6568500"
"2026-08-12 20:06:54","contratos","CO1.PCCNTR.9775280","2026-08-10","DEPARTAMENTO ADMINISTRATIVO NACIONAL DE ESTADISTICA-SUROCCIDENTE","Otras entidades del Valle","Contexto","6568500"
"2026-08-12 20:06:54","contratos","CO1.PCCNTR.9788913","2026-08-10","Sena - Centro Agropecuario de Buga","Otras entidades del Valle","Contexto","19265833"
"2026-08-12 20:06:54","contratos","CO1.PCCNTR.9784603","2026-08-11","ALCALDIA MUNICIPIO DE JAMUNDI","Otras entidades del Valle","Contexto","20000000"
"2026-08-12 20:06:54","contratos","CO1.PCCNTR.9782917","2026-08-11","MUNICIPIO DE PRADERA","Otras entidades del Valle","Contexto","23500000"
"2026-08-12 20:06:54","contratos","CO1.PCCNTR.9769486","2026-08-11","DISPENSARIO MEDICO DE CALI","Otras entidades del Valle","Contexto","11440000"
"2026-08-12 20:06:54","contratos","CO1.PCCNTR.9782550","2026-08-11","PERSONERIA MUNICIPAL DE YUMBO","Otras entidades del Valle","Contexto","7632000"
"2026-08-12 20:06:54","contratos","CO1.PCCNTR.9776791","2026-08-10","UNIDAD CENTRAL DEL VALLE DEL CAUCA","Otras entidades del Valle","Contexto","14634000"
"2026-08-12 20:06:54","contratos","CO1.PCCNTR.9777781","2026-08-10","DEPARTAMENTO ADMINISTRATIVO DE GESTION DEL MEDIO AMBIENTE DAGMA","Alcaldía de Cali","Contexto","5663000"
"2026-08-12 20:06:54","contratos","CO1.PCCNTR.9729806","2026-08-10","ALCALDIA MUNICIPIO DE JAMUNDI","Otras entidades del Valle","Contexto","448607805"
"2026-08-12 20:06:54","contratos","CO1.PCCNTR.9775862","2026-08-11","BIBLIOTECA DEPARTAMENTAL JORGE GARCES BORRERO","Otras entidades del Valle","Contexto","27500000"
"2026-08-12 20:06:54","contratos","CO1.PCCNTR.9781347","2026-08-10","SECRETARIA DE AMBIENTE Y DESARROLLO SOSTENIBLE","Gobernación del Valle","Contexto","6000000"
"2026-08-12 20:06:54","contratos","CO1.PCCNTR.9792762","2026-08-11","MUNICIPIO DE FLORIDA","Otras entidades del Valle","Contexto","9000000"
"2026-08-12 20:06:54","contratos","CO1.PCCNTR.9777784","2026-08-11","GOBERNACIÓN VALLE DEL CAUCA -SECRETARIA DE SALUD","Gobernación del Valle","Contexto","20000000"
"2026-08-12 20:06:54","contratos","CO1.PCCNTR.9777597","2026-08-11","GOBERNACIÓN VALLE DEL CAUCA -SECRETARIA DE SALUD","Gobernación del Valle","Contexto","30900000"
"2026-08-12 20:06:54","contratos","CO1.PCCNTR.9778268","2026-08-10","DEPARTAMENTO ADMINISTRATIVO DE GESTION DEL MEDIO AMBIENTE DAGMA","Alcaldía de Cali","Contexto","2792000"
"2026-08-12 20:06:54","contratos","CO1.PCCNTR.9773394","2026-08-10","Sena - Centro Agropecuario de Buga","Otras entidades del Valle","Contexto","18634167"
"2026-08-12 20:06:54","contratos","CO1.PCCNTR.9772925","2026-08-10","Sena - Centro Agropecuario de Buga","Otras entidades del Valle","Contexto","18634167"
"2026-08-12 20:06:54","contratos","CO1.PCCNTR.9777843","2026-08-11","GOBERNACIÓN VALLE DEL CAUCA -SECRETARIA DE SALUD","Gobernación del Valle","Contexto","20000000"
"2026-08-12 20:44:56","contratos","CO1.PCCNTR.9788942","2026-08-10","MUNICIPIO DE EL ROSAL","Fuera del Valle","Contexto","8000000"
"2026-08-12 21:24:48","procesos","CO1.REQ.10806866","2026-08-11","ALCALDIA DISTRITAL DE BUENAVENTURA-VALLE","Otras entidades del Valle","Contexto","13261250"
"2026-08-12 21:24:48","procesos","CO1.REQ.10834978","2026-08-11","RED DE SALUD DE LADERA EMPRESA SOCIAL DEL ESTADO","Otras entidades del Valle","Contexto","3649828"
"2026-08-12 21:24:48","procesos","CO1.REQ.10835087","2026-08-11","DISPENSARIO MEDICO DE CALI","Otras entidades del Valle","Contexto","27270000"
"2026-08-12 21:24:48","procesos","CO1.REQ.10831181","2026-08-11","HOSPITAL RAUL OREJUELA BUENO","Otras entidades del Valle","Contexto","5000000"
"2026-08-12 21:24:48","procesos","CO1.REQ.10822334","2026-08-11","MUNICIPIO DE YUMBO VALLE","Otras entidades del Valle","Contexto","10000000"
"2026-08-12 21:24:48","procesos","CO1.REQ.10834411","2026-08-11","INSTITUTO MUNICIPAL DE EDUCACION PARA EL TRABAJO Y DESARROLLO HUMANO DE YUMBO -IMETY-","Otras entidades del Valle","Contexto","8800000"
"2026-08-12 21:24:48","procesos","CO1.REQ.10833373","2026-08-11","INSTITUTO MUNICIPAL DE EDUCACION PARA EL TRABAJO Y DESARROLLO HUMANO DE YUMBO -IMETY-","Otras entidades del Valle","Contexto","8800000"
"2026-08-12 21:24:48","procesos","CO1.REQ.10837339","2026-08-11","RED DE SALUD DE LADERA EMPRESA SOCIAL DEL ESTADO","Otras entidades del Valle","Contexto","5600000"
"2026-08-12 21:24:48","procesos","CO1.REQ.10837180","2026-08-11","MUNICIPIO DE VERSALLES","Otras entidades del Valle","Contexto","17500000"
"2026-08-12 21:24:48","procesos","CO1.REQ.10829464","2026-08-10","INSTITUCION EDUCATIVA TECNICO INDUSTRIAL PEDRO ANTONIO MOLINA","Otras entidades del Valle","Contexto","13375000"
"2026-08-12 21:24:48","procesos","CO1.REQ.10836079","2026-08-11","IPC","Otras entidades del Valle","Contexto","8109536"
"2026-08-12 21:24:48","procesos","CO1.REQ.10831854","2026-08-11","MUNICIPIO DE YUMBO VALLE","Otras entidades del Valle","Contexto","8800000"
"2026-08-12 21:24:48","procesos","CO1.REQ.10830681","2026-08-11","DISPENSARIO MEDICO DE CALI","Otras entidades del Valle","Contexto","40905000"
"2026-08-12 21:24:48","procesos","CO1.REQ.10809988","2026-08-11","ESPY S.A. ESP**","Otras entidades del Valle","Contexto","20812000"
"2026-08-12 21:24:48","procesos","CO1.REQ.10807505","2026-08-11","ALCALDIA DISTRITAL DE BUENAVENTURA-VALLE","Otras entidades del Valle","Contexto","18565750"
"2026-08-12 21:24:48","procesos","CO1.REQ.10834359","2026-08-11","HOSPITAL RAUL OREJUELA BUENO","Otras entidades del Valle","Contexto","3500000"
"2026-08-12 21:24:48","procesos","CO1.REQ.10823635","2026-08-10","Sena - Centro Agropecuario de Buga","Otras entidades del Valle","Contexto","77063332"
"2026-08-12 21:24:48","procesos","CO1.REQ.10833959","2026-08-11","RED DE SALUD DE LADERA EMPRESA SOCIAL DEL ESTADO","Otras entidades del Valle","Contexto","3649828"
"2026-08-12 21:24:48","procesos","CO1.REQ.10833425","2026-08-11","RED DE SALUD DE LADERA EMPRESA SOCIAL DEL ESTADO","Otras entidades del Valle","Contexto","5600000"
"2026-08-12 21:24:48","procesos","CO1.REQ.10832402","2026-08-11","RED DE SALUD DE LADERA EMPRESA SOCIAL DEL ESTADO","Otras entidades del Valle","Contexto","2645000"
"2026-08-12 21:24:48","procesos","CO1.REQ.10826331","2026-08-10","RED DE SALUD DEL NORTE EMPRESA SOCIAL DEL ESTADO","Otras entidades del Valle","Contexto","20158600"
"2026-08-12 21:24:48","procesos","CO1.REQ.10837476","2026-08-11","INSTITUTO MUNICIPAL DEL DEPORTE Y LA RECREACION DE YUMBO","Otras entidades del Valle","Contexto","8000000"
"2026-08-12 21:24:48","procesos","CO1.REQ.10828843","2026-08-10","HOSPITAL RAUL OREJUELA BUENO","Otras entidades del Valle","Contexto","179999670"
"2026-08-12 21:24:48","procesos","CO1.REQ.10830916","2026-08-11","INSTITUCION EDUCATIVA ANTONIO NARIÑO","Otras entidades del Valle","Contexto","6000000"
"2026-08-12 21:24:48","procesos","CO1.REQ.10834353","2026-08-11","ALCALDIA DE ALCALA","Otras entidades del Valle","Contexto","20000000"
"2026-08-12 21:24:48","procesos","CO1.REQ.10825863","2026-08-10","ALCALDIA MUNICIPIO DE JAMUNDI","Otras entidades del Valle","Contexto","14000000"
"2026-08-12 21:24:48","procesos","CO1.REQ.10834059","2026-08-11","INSTITUCION EDUCATIVA INMACULADA CONCEPCION - CANDELARIA","Otras entidades del Valle","Contexto","31561300"
"2026-08-12 21:24:48","procesos","CO1.REQ.10835652","2026-08-11","RED DE SALUD DE LADERA EMPRESA SOCIAL DEL ESTADO","Otras entidades del Valle","Contexto","5600000"
"2026-08-12 21:24:48","procesos","CO1.REQ.10814889","2026-08-11","INSTITUTO MUNICIPAL DEL DEPORTE Y LA RECREACION DE PALMIRA","Otras entidades del Valle","Contexto","8800000"
"2026-08-12 21:24:48","procesos","CO1.REQ.10834776","2026-08-11","HOSPITAL RAUL OREJUELA BUENO","Otras entidades del Valle","Contexto","5000000"
"2026-08-12 21:24:48","procesos","CO1.REQ.10833775","2026-08-11","EMPRESAS MUNICIPALES DE CALI","Otras entidades del Valle","Contexto","24960000"
"2026-08-12 21:24:48","procesos","CO1.REQ.10835178","2026-08-11","MUNICIPIO DE FLORIDA","Otras entidades del Valle","Contexto","10000000"
"2026-08-12 21:24:48","procesos","CO1.REQ.10827235","2026-08-10","HOSPITAL SAN VICENTE FERRER ESE","Otras entidades del Valle","Contexto","8920000"
"2026-08-12 21:24:48","procesos","CO1.REQ.10815363","2026-08-11","ALCALDIA DISTRITAL DE BUENAVENTURA-VALLE","Otras entidades del Valle","Contexto","18565750"
"2026-08-12 21:24:48","procesos","CO1.REQ.10834860","2026-08-11","ALCALDIA MUNICIPIO DE JAMUNDI","Otras entidades del Valle","Contexto","22500000"
"2026-08-12 21:24:48","procesos","CO1.REQ.10831773","2026-08-11","MUNICIPIO DE YUMBO VALLE","Otras entidades del Valle","Contexto","16400000"
"2026-08-12 21:24:48","procesos","CO1.REQ.10827795","2026-08-10","HOSPITAL SAN VICENTE FERRER ESE","Otras entidades del Valle","Contexto","3200000"
"2026-08-12 21:24:48","procesos","CO1.REQ.10837116","2026-08-11","RED DE SALUD DE LADERA EMPRESA SOCIAL DEL ESTADO","Otras entidades del Valle","Contexto","6349980"
"2026-08-12 21:24:48","procesos","CO1.REQ.10831624","2026-08-11","MUNICIPIO DE FLORIDA","Otras entidades del Valle","Contexto","9000000"
"2026-08-12 21:24:48","procesos","CO1.REQ.10835897","2026-08-11","EMPRESA SOCIAL DEL ESTADO HOSPITAL BENJAMIN BARNEY GASCA","Otras entidades del Valle","Contexto","3100000"
"2026-08-12 21:24:48","procesos","CO1.REQ.10835580","2026-08-11","EMPRESA SOCIAL DEL ESTADO HOSPITAL BENJAMIN BARNEY GASCA","Otras entidades del Valle","Contexto","2100000"
"2026-08-12 21:24:48","procesos","CO1.REQ.10828901","2026-08-10","HOSPITAL SAN VICENTE FERRER ESE","Otras entidades del Valle","Contexto","2700000"
"2026-08-12 21:24:48","procesos","CO1.REQ.10816513","2026-08-11","ALCALDIA DISTRITAL DE BUENAVENTURA-VALLE","Otras entidades del Valle","Contexto","26522500"
"2026-08-12 21:24:48","procesos","CO1.REQ.10826878","2026-08-10","CENTRO DE DIAGNOSTICO AUTOMOTOR DE TULUA LIMITADA","Otras entidades del Valle","Contexto","3300000"
"2026-08-12 21:24:48","procesos","CO1.REQ.10827590","2026-08-10","HOSPITAL SAN VICENTE FERRER ESE","Otras entidades del Valle","Contexto","3744000"
"2026-08-12 21:24:48","procesos","CO1.REQ.10829281","2026-08-10","INSTITUTO DE FINANCIAMIENTO, PROMOCIÓN Y DESARROLLO DE TULUÁ","Otras entidades del Valle","Contexto","15250000"
"2026-08-12 21:24:48","procesos","CO1.REQ.10834102","2026-08-11","HOSPITAL KENNEDY ESE","Otras entidades del Valle","Contexto","34300000"
"2026-08-12 21:24:48","procesos","CO1.REQ.10837466","2026-08-11","RED DE SALUD DE LADERA EMPRESA SOCIAL DEL ESTADO","Otras entidades del Valle","Contexto","5600000"
"2026-08-12 21:24:48","procesos","CO1.REQ.10799484","2026-08-11","ESPY S.A. ESP**","Otras entidades del Valle","Contexto","8800000"
"2026-08-12 21:24:48","procesos","CO1.REQ.10832060","2026-08-11","INSTITUCION EDUCATIVA LICEO DEPARTAMENTAL*","Otras entidades del Valle","Contexto","14000000"
"2026-08-12 21:24:48","procesos","CO1.REQ.10834463","2026-08-11","RED DE SALUD DE LADERA EMPRESA SOCIAL DEL ESTADO","Otras entidades del Valle","Contexto","3649828"
"2026-08-12 21:24:48","procesos","CO1.REQ.10827911","2026-08-10","HOSPITAL SAN VICENTE FERRER ESE","Otras entidades del Valle","Contexto","4000000"
"2026-08-12 21:24:48","procesos","CO1.REQ.10827834","2026-08-10","HOSPITAL SAN VICENTE FERRER ESE","Otras entidades del Valle","Contexto","7900000"
"2026-08-12 21:24:48","procesos","CO1.REQ.10815993","2026-08-11","ALCALDIA DISTRITAL DE BUENAVENTURA-VALLE","Otras entidades del Valle","Contexto","21218000"
"2026-08-12 21:24:48","procesos","CO1.REQ.10832134","2026-08-11","HOSPITAL RAUL OREJUELA BUENO","Otras entidades del Valle","Contexto","5000000"
"2026-08-12 21:24:48","procesos","CO1.REQ.10831231","2026-08-11","HOSPITAL RAUL OREJUELA BUENO","Otras entidades del Valle","Contexto","3000000"
"2026-08-12 21:24:48","procesos","CO1.REQ.10816176","2026-08-11","ALCALDIA MUNICIPIO DE JAMUNDI","Otras entidades del Valle","Contexto","14000000"
"2026-08-12 21:24:48","procesos","CO1.REQ.10835241","2026-08-11","UNIAJC","Otras entidades del Valle","Contexto","333060797"
"2026-08-12 21:24:48","procesos","CO1.REQ.10837132","2026-08-11","RED DE SALUD DE LADERA EMPRESA SOCIAL DEL ESTADO","Otras entidades del Valle","Contexto","3649828"
"2026-08-12 21:24:48","procesos","CO1.REQ.10835343","2026-08-11","HOSPITAL HENRY VALENCIA OROZCO EMPRESA SOCIAL DEL ESTADO","Otras entidades del Valle","Contexto","476000"
"2026-08-12 21:24:48","procesos","CO1.REQ.10832651","2026-08-11","RED DE SALUD DE LADERA EMPRESA SOCIAL DEL ESTADO","Otras entidades del Valle","Contexto","2645000"
"2026-08-12 21:24:48","procesos","CO1.REQ.10836539","2026-08-11","ALCALDIA MUNICIPIO DE JAMUNDI","Otras entidades del Valle","Contexto","39000000"
"2026-08-12 21:24:48","procesos","CO1.REQ.10833982","2026-08-11","ALCALDIA MUNICIPIO DE JAMUNDI","Otras entidades del Valle","Contexto","20000000"
"2026-08-12 21:24:48","procesos","CO1.REQ.10801769","2026-08-11","UNIAJC","Otras entidades del Valle","Contexto","35100000"
"2026-08-12 21:24:48","procesos","CO1.REQ.10826540","2026-08-10","RED DE SALUD DEL NORTE EMPRESA SOCIAL DEL ESTADO","Otras entidades del Valle","Contexto","65499043"
"2026-08-12 21:24:48","procesos","CO1.REQ.10837090","2026-08-11","RED DE SALUD DE LADERA EMPRESA SOCIAL DEL ESTADO","Otras entidades del Valle","Contexto","1500000"
"2026-08-12 21:24:48","procesos","CO1.REQ.10837269","2026-08-11","RED DE SALUD DE LADERA EMPRESA SOCIAL DEL ESTADO","Otras entidades del Valle","Contexto","3649828"
"2026-08-12 21:24:48","procesos","CO1.REQ.10835325","2026-08-11","HOSPITAL RAUL OREJUELA BUENO","Otras entidades del Valle","Contexto","5000000"
"2026-08-12 21:24:48","procesos","CO1.REQ.10828031","2026-08-10","HOSPITAL SAN VICENTE FERRER ESE","Otras entidades del Valle","Contexto","6736343"
"2026-08-12 21:24:48","procesos","CO1.REQ.10832096","2026-08-11","INSTITUCION EDUCATIVA HUMBERTO JORDAN MAZUERA","Otras entidades del Valle","Contexto","15610000"
"2026-08-12 21:24:48","procesos","CO1.REQ.10833845","2026-08-11","RED DE SALUD DE LADERA EMPRESA SOCIAL DEL ESTADO","Otras entidades del Valle","Contexto","5600000"
"2026-08-12 21:24:48","procesos","CO1.REQ.10807210","2026-08-11","ALCALDIA DISTRITAL DE BUENAVENTURA-VALLE","Otras entidades del Valle","Contexto","21218000"
"2026-08-12 21:24:48","procesos","CO1.REQ.10833995","2026-08-11","HOSPITAL KENNEDY ESE","Otras entidades del Valle","Contexto","4000000"
"2026-08-12 21:24:48","procesos","CO1.REQ.10827675","2026-08-11","MUNICIPIO DE ABEJORRAL","Fuera del Valle","Contexto","102397328"
"2026-08-12 21:24:48","procesos","CO1.REQ.10835942","2026-08-11","GOBERNACION DEL AMAZONAS","Fuera del Valle","Contexto","183800000"
"2026-08-12 21:24:48","procesos","CO1.REQ.10836557","2026-08-11","MUNICIPIO DE PALESTINA CALDAS","Fuera del Valle","Alta","9734096"
"2026-08-12 21:24:48","procesos","CO1.REQ.10831326","2026-08-11","ALCALDIA DE CARACOLI","Fuera del Valle","Contexto","4300000"
"2026-08-12 21:24:48","procesos","CO1.REQ.10826566","2026-08-10","SECRETARIA DISTRITAL DE SEGURIDAD, CONVIVENCIA Y JUSTICIA","Fuera del Valle","Otra urgencia","26506956"
"2026-08-12 21:24:48","procesos","CO1.REQ.10825812","2026-08-10","MUNICIPIO DE EL ROSAL","Fuera del Valle","Contexto","8000000"
"2026-08-12 21:24:48","procesos","CO1.REQ.10822816","2026-08-10","CAJA DE LA VIVIENDA POPULAR//","Fuera del Valle","Contexto","40600000"
"2026-08-12 21:24:48","procesos","CO1.REQ.10827962","2026-08-10","HOSPITAL SAN VICENTE FERRER ESE","Otras entidades del Valle","Contexto","65000000"
"2026-08-12 21:24:48","procesos","CO1.REQ.10826782","2026-08-10","ALCALDIA MUNICIPIO DE VILLAVICENCIO","Fuera del Valle","Otra urgencia","20000000"
"2026-08-12 21:24:48","procesos","CO1.REQ.10830839","2026-08-11","SERVICIO GEOLOGICO COLOMBIANO**","Fuera del Valle","Otra urgencia","60729900"
"2026-08-12 21:24:48","procesos","CO1.REQ.10828254","2026-08-10","SERVICIO GEOLOGICO COLOMBIANO**","Fuera del Valle","Otra urgencia","38220000"
"2026-08-12 21:24:48","procesos","CO1.REQ.10837203","2026-08-11","MUNICIPIO DE PUERTO BERRIO","Fuera del Valle","Contexto","49000000"
"2026-08-12 21:24:48","procesos","CO1.REQ.10835389","2026-08-11","FONDO DE GESTION DEL RIESGO DE DESASTRES DEL DEPARTAMENTO DEL CASANARE","Fuera del Valle","Contexto","20407840"
"2026-08-12 21:24:48","procesos","CO1.REQ.10834942","2026-08-11","MUNICIPIO DE FRONTINO","Fuera del Valle","Otra urgencia","766099102"
"2026-08-12 21:24:48","procesos","CO1.REQ.10831279","2026-08-11","MUNICIPIO DE PALESTINA CALDAS","Fuera del Valle","Otra urgencia","6500000"
"2026-08-12 21:24:48","procesos","CO1.REQ.10820688","2026-08-11","DEPARTAMENTO DEL ATLANTICO**","Fuera del Valle","Contexto","100000000"
"2026-08-12 21:24:48","procesos","CO1.REQ.10825817","2026-08-10","INSTITUCION EDUCATIVA GENERAL JOSE MARIA CABAL","Otras entidades del Valle","Contexto","8700000"
"2026-08-12 21:24:48","procesos","CO1.REQ.10770081","2026-08-11","ESPY S.A. ESP**","Otras entidades del Valle","Contexto","186420471"
"2026-08-12 21:24:48","procesos","CO1.REQ.10828839","2026-08-10","HOSPITAL RAUL OREJUELA BUENO","Otras entidades del Valle","Contexto","12000000"
"2026-08-12 21:24:48","procesos","CO1.REQ.10834439","2026-08-11","INSTITUCION EDUCATIVA ALFONSO LOPEZ PUMAREJO..","Otras entidades del Valle","Contexto","4750000"
"2026-08-12 21:24:48","procesos","CO1.REQ.10815251","2026-08-11","INSTITUTO MUNICIPAL DEL DEPORTE Y LA RECREACION DE PALMIRA","Otras entidades del Valle","Contexto","8800000"
"2026-08-12 21:24:48","procesos","CO1.REQ.10815982","2026-08-11","COMPRADOR - EMPRESA CARTAGUEÑA DE DESARROLLO - EMCADE","Otras entidades del Valle","Contexto","1304288278"
"2026-08-12 21:24:48","procesos","CO1.REQ.10826431","2026-08-10","RED DE SALUD DEL NORTE EMPRESA SOCIAL DEL ESTADO","Otras entidades del Valle","Contexto","34399062"
"2026-08-12 21:24:48","procesos","CO1.REQ.10834305","2026-08-11","ALCALDIA DE ALCALA","Otras entidades del Valle","Contexto","20000000"
"2026-08-12 21:24:48","procesos","CO1.REQ.10837266","2026-08-11","RED DE SALUD DE LADERA EMPRESA SOCIAL DEL ESTADO","Otras entidades del Valle","Contexto","3649828"
"2026-08-12 21:24:48","procesos","CO1.REQ.10831838","2026-08-11","INSTITUCION EDUCATIVA LICEO DEPARTAMENTAL*","Otras entidades del Valle","Contexto","8285841"
"2026-08-12 21:24:48","procesos","CO1.REQ.10831373","2026-08-11","ALCALDIA MUNICIPIO DE JAMUNDI","Otras entidades del Valle","Contexto","25000000"
"2026-08-12 21:24:48","procesos","CO1.REQ.10790647","2026-08-10","HIDC","Otras entidades del Valle","Contexto","12417360"
"2026-08-12 21:24:48","procesos","CO1.REQ.10835617","2026-08-11","INSTITUTO MUNICIPAL DE EDUCACION PARA EL TRABAJO Y DESARROLLO HUMANO DE YUMBO -IMETY-","Otras entidades del Valle","Contexto","8800000"
"2026-08-12 21:24:48","procesos","CO1.REQ.10835456","2026-08-11","INSTITUTO MUNICIPAL DE EDUCACION PARA EL TRABAJO Y DESARROLLO HUMANO DE YUMBO -IMETY-","Otras entidades del Valle","Contexto","16400000"
"2026-08-12 21:24:48","procesos","CO1.REQ.10834700","2026-08-11","HOSPITAL RAUL OREJUELA BUENO","Otras entidades del Valle","Contexto","7000000"
"2026-08-12 21:24:48","procesos","CO1.REQ.10832668","2026-08-11","INSTITUCION EDUCATIVA JOSE MARIA CORDOBA.*","Otras entidades del Valle","Contexto","11995200"
"2026-08-12 21:24:48","procesos","CO1.REQ.10829171","2026-08-10","UNIDAD EJECUTORA DE SANEAMIENTO DEL VALLE DEL CAUCA","Otras entidades del Valle","Contexto","86414623"
"2026-08-12 21:24:48","procesos","CO1.REQ.10831850","2026-08-11","INSTITUCION EDUCATIVA LICEO DEPARTAMENTAL*","Otras entidades del Valle","Contexto","10999872"
"2026-08-12 21:24:48","procesos","CO1.REQ.10835114","2026-08-11","RED DE SALUD DE LADERA EMPRESA SOCIAL DEL ESTADO","Otras entidades del Valle","Contexto","3649828"
"2026-08-12 21:24:48","procesos","CO1.REQ.10832509","2026-08-11","RED DE SALUD DE LADERA EMPRESA SOCIAL DEL ESTADO","Otras entidades del Valle","Contexto","2645000"
"2026-08-12 21:24:48","procesos","CO1.REQ.10828665","2026-08-10","HOSPITAL SAN VICENTE FERRER ESE","Otras entidades del Valle","Contexto","5700000"
"2026-08-12 21:24:48","procesos","CO1.REQ.10833883","2026-08-11","ALCALDIA DE ALCALA","Otras entidades del Valle","Contexto","12500000"
"2026-08-12 21:24:48","procesos","CO1.REQ.10835480","2026-08-11","INSTITUCION EDUCATIVA ALFREDO BONILLA MONTAÑO","Otras entidades del Valle","Contexto","7500000"
"2026-08-12 21:24:48","procesos","CO1.REQ.10832892","2026-08-11","INSTITUCION EDUCATIVA LA ANUNCIACION","Otras entidades del Valle","Contexto","1987000"
"2026-08-12 21:24:48","procesos","CO1.REQ.10833108","2026-08-11","INSTITUCION EDUCATIVA CARLOS HOLMES TRUJILLO","Otras entidades del Valle","Contexto","21000000"
"2026-08-12 21:24:48","procesos","CO1.REQ.10832473","2026-08-11","INSTITUCION EDUCATIVA JOSE MARIA CORDOBA.*","Otras entidades del Valle","Contexto","4000000"
"2026-08-12 21:24:48","procesos","CO1.REQ.10832149","2026-08-11","MUNICIPIO DE FLORIDA","Otras entidades del Valle","Contexto","15000000"
"2026-08-12 21:24:48","procesos","CO1.REQ.10829451","2026-08-10","INSTITUTO DESCENTRALIZADO BUGA ABASTOS","Otras entidades del Valle","Contexto","8800000"
"2026-08-12 21:24:48","procesos","CO1.REQ.10829146","2026-08-10","HOSPITAL RAUL OREJUELA BUENO","Otras entidades del Valle","Contexto","179999820"
"2026-08-12 21:24:48","procesos","CO1.REQ.10836144","2026-08-11","E.S.E HOSPITAL LOCAL DE CANDELARIA VALLE","Otras entidades del Valle","Contexto","24333333"
"2026-08-12 21:24:48","procesos","CO1.REQ.10831619","2026-08-11","HOSPITAL RAUL OREJUELA BUENO","Otras entidades del Valle","Contexto","5000000"
"2026-08-12 21:24:48","procesos","CO1.REQ.10829465","2026-08-10","INSTITUTO DE FINANCIAMIENTO, PROMOCIÓN Y DESARROLLO DE TULUÁ","Otras entidades del Valle","Contexto","19850000"
"2026-08-12 21:24:48","procesos","CO1.REQ.10825913","2026-08-10","ESE CENTRO","Otras entidades del Valle","Contexto","6853328"
"2026-08-12 21:24:48","procesos","CO1.REQ.10833439","2026-08-11","Secretaría de Gobierno, Convivencia y Seguridad - Alcaldía de Tuluá","Otras entidades del Valle","Contexto","17490000"
"2026-08-12 21:24:48","procesos","CO1.REQ.10836661","2026-08-11","INSTITUTO MUNICIPAL DEL DEPORTE Y LA RECREACION DE YUMBO","Otras entidades del Valle","Contexto","8000000"
"2026-08-12 21:24:48","procesos","CO1.REQ.10829025","2026-08-10","E.S.E HOSPITAL DIVINO NIÑO","Otras entidades del Valle","Contexto","30000000"
"2026-08-12 21:24:48","procesos","CO1.REQ.10834118","2026-08-11","RED DE SALUD DE LADERA EMPRESA SOCIAL DEL ESTADO","Otras entidades del Valle","Contexto","3649828"
"2026-08-12 21:24:48","procesos","CO1.REQ.10834790","2026-08-11","INSTITUTO MUNICIPAL DE EDUCACION PARA EL TRABAJO Y DESARROLLO HUMANO DE YUMBO -IMETY-","Otras entidades del Valle","Contexto","18000000"
"2026-08-12 21:24:48","procesos","CO1.REQ.10835827","2026-08-11","FISCALÍA GENERAL DE LA NACIÓN REGIONAL PACÍFICO","Otras entidades del Valle","Contexto","0"
"2026-08-12 21:24:48","procesos","CO1.REQ.10829144","2026-08-10","UNIVERSIDAD DEL VALLE","Otras entidades del Valle","Contexto","726250000"
"2026-08-12 21:24:48","procesos","CO1.REQ.10829372","2026-08-10","INSTITUTO DE FINANCIAMIENTO, PROMOCIÓN Y DESARROLLO DE TULUÁ","Otras entidades del Valle","Contexto","19850000"
"2026-08-12 21:24:48","procesos","CO1.REQ.10837084","2026-08-11","RED DE SALUD DE LADERA EMPRESA SOCIAL DEL ESTADO","Otras entidades del Valle","Contexto","1500000"
"2026-08-12 21:24:48","procesos","CO1.REQ.10834955","2026-08-11","INSTITUTO DEPARTAMENTAL DE BELLAS ARTES","Otras entidades del Valle","Contexto","4491524"
"2026-08-12 21:24:48","procesos","CO1.REQ.10837340","2026-08-11","INSTITUCION EDUCATIVA TECNICO COMERCIAL HERNANDO NAVIA VARON","Otras entidades del Valle","Contexto","6000000"
"2026-08-12 21:24:48","procesos","CO1.REQ.10830831","2026-08-11","RED DE SALUD DEL NORTE EMPRESA SOCIAL DEL ESTADO","Otras entidades del Valle","Contexto","10000000"
"2026-08-12 21:24:48","procesos","CO1.REQ.10835891","2026-08-11","FISCALÍA GENERAL DE LA NACIÓN REGIONAL PACÍFICO","Otras entidades del Valle","Contexto","0"
"2026-08-12 21:24:48","procesos","CO1.REQ.10816602","2026-08-11","COMPRADOR - EMPRESA CARTAGUEÑA DE DESARROLLO - EMCADE","Otras entidades del Valle","Contexto","267022697"
"2026-08-12 21:24:48","procesos","CO1.REQ.10819033","2026-08-11","ALCALDIA MUNICIPIO DE JAMUNDI","Otras entidades del Valle","Contexto","22500000"
"2026-08-12 21:24:48","procesos","CO1.REQ.10822336","2026-08-11","MUNICIPIO DE YUMBO VALLE","Otras entidades del Valle","Contexto","10000000"
"2026-08-12 21:24:48","procesos","CO1.REQ.10836306","2026-08-11","INSTITUCION EDUCATIVA ALFREDO BONILLA MONTAÑO","Otras entidades del Valle","Contexto","35000000"
"2026-08-12 21:24:48","procesos","CO1.REQ.10835889","2026-08-11","INSTITUCION EDUCATIVA ALFREDO BONILLA MONTAÑO","Otras entidades del Valle","Contexto","8500000"
"2026-08-12 21:24:48","procesos","CO1.REQ.10837096","2026-08-11","RED DE SALUD DE LADERA EMPRESA SOCIAL DEL ESTADO","Otras entidades del Valle","Contexto","3649828"
"2026-08-12 21:24:48","procesos","CO1.REQ.10836731","2026-08-11","INSTITUCION EDUCATIVA LA ANUNCIACION","Otras entidades del Valle","Contexto","14300000"
"2026-08-12 21:24:48","procesos","CO1.REQ.10821932","2026-08-11","GOBERNACIÓN VALLE DEL CAUCA -SECRETARIA DE SALUD","Gobernación del Valle","Contexto","15000000"
"2026-08-12 21:24:48","procesos","CO1.REQ.10835762","2026-08-11","INSTITUTO MUNICIPAL DE EDUCACION PARA EL TRABAJO Y DESARROLLO HUMANO DE YUMBO -IMETY-","Otras entidades del Valle","Contexto","8000000"
"2026-08-12 21:24:48","procesos","CO1.REQ.10833392","2026-08-11","RED DE SALUD DE LADERA EMPRESA SOCIAL DEL ESTADO","Otras entidades del Valle","Contexto","5600000"
"2026-08-12 21:24:48","procesos","CO1.REQ.10811769","2026-08-11","IMVIYUMBO","Otras entidades del Valle","Contexto","16400000"
"2026-08-12 21:24:48","procesos","CO1.REQ.10829456","2026-08-10","ESAP TERRITORIAL VALLE DEL CAUCA","Otras entidades del Valle","Contexto","3741800"
"2026-08-12 21:24:48","procesos","CO1.REQ.10802963","2026-08-11","ALCALDIA MUNICIPAL DE BUGA","Otras entidades del Valle","Contexto","30000000"
"2026-08-12 21:24:48","procesos","CO1.REQ.10829141","2026-08-10","HOSPITAL RAUL OREJUELA BUENO","Otras entidades del Valle","Contexto","1968000"
"2026-08-12 21:24:48","procesos","CO1.REQ.10837078","2026-08-11","RED DE SALUD DE LADERA EMPRESA SOCIAL DEL ESTADO","Otras entidades del Valle","Contexto","1500000"
"2026-08-12 21:24:48","procesos","CO1.REQ.10835381","2026-08-11","RED DE SALUD DE LADERA EMPRESA SOCIAL DEL ESTADO","Otras entidades del Valle","Contexto","3649828"
"2026-08-12 21:24:48","procesos","CO1.REQ.10834227","2026-08-11","MUNICIPIO DE TORO","Otras entidades del Valle","Contexto","30102969"
"2026-08-12 21:24:48","procesos","CO1.REQ.10837331","2026-08-11","RED DE SALUD DE LADERA EMPRESA SOCIAL DEL ESTADO","Otras entidades del Valle","Contexto","1500000"
"2026-08-12 21:24:48","procesos","CO1.REQ.10829529","2026-08-10","INSTITUTO DE FINANCIAMIENTO, PROMOCIÓN Y DESARROLLO DE TULUÁ","Otras entidades del Valle","Contexto","19850000"
"2026-08-12 21:24:48","procesos","CO1.REQ.10819131","2026-08-11","UAEPA2","Alcaldía de Cali","Contexto","5810000"
"2026-08-12 21:24:48","procesos","CO1.REQ.10830527","2026-08-11","INSTITUCION EDUCATIVA ANTONIO NARIÑO","Otras entidades del Valle","Contexto","2000000"
"2026-08-12 21:24:48","procesos","CO1.REQ.10832014","2026-08-11","HOSPITAL RAUL OREJUELA BUENO","Otras entidades del Valle","Contexto","5000000"
"2026-08-12 21:24:48","procesos","CO1.REQ.10824856","2026-08-10","REGIONAL DE ASEGURAMIENTO EN SALUD No. 4","Otras entidades del Valle","Contexto","600000000"
"2026-08-12 21:24:48","procesos","CO1.REQ.10829466","2026-08-10","INSTITUCION EDUCATIVA TECNICO INDUSTRIAL PEDRO ANTONIO MOLINA","Otras entidades del Valle","Contexto","14712500"
"2026-08-12 21:24:48","procesos","CO1.REQ.10828008","2026-08-11","ALCALDIA MUNICIPIO DE JAMUNDI","Otras entidades del Valle","Contexto","19000000"
"2026-08-12 21:24:48","procesos","CO1.REQ.10835998","2026-08-11","INSTITUTO MUNICIPAL DEL DEPORTE Y LA RECREACION DE YUMBO","Otras entidades del Valle","Contexto","8000000"
"2026-08-12 21:24:48","procesos","CO1.REQ.10836876","2026-08-11","RED DE SALUD DE LADERA EMPRESA SOCIAL DEL ESTADO","Otras entidades del Valle","Contexto","3290000"
"2026-08-12 21:24:48","procesos","CO1.REQ.10830818","2026-08-11","POLICIA METROPOLITANA SANTIAGO DE CALI","Otras entidades del Valle","Contexto","0"
"2026-08-12 21:24:48","procesos","CO1.REQ.10829348","2026-08-10","INSTITUTO DE FINANCIAMIENTO, PROMOCIÓN Y DESARROLLO DE TULUÁ","Otras entidades del Valle","Contexto","19850000"
"2026-08-12 21:24:48","procesos","CO1.REQ.10829973","2026-08-11","HOSPITAL KENNEDY ESE","Otras entidades del Valle","Contexto","3510842"
"2026-08-12 21:24:48","procesos","CO1.REQ.10837734","2026-08-12","SANTIAGO DE CALI DISTRITO ESPECIAL - SECRETARIA DE GOBIERNO","Alcaldía de Cali","Contexto","24736000"
"2026-08-12 21:24:48","procesos","CO1.REQ.10800491","2026-08-10","SANTIAGO DE CALI DISTRITO ESPECIAL - SECRETARIA DE MOVILIDAD","Alcaldía de Cali","Contexto","6510000"
"2026-08-12 21:24:48","procesos","CO1.REQ.10819257","2026-08-11","GOBERNACIÓN VALLE DEL CAUCA -SECRETARIA DE SALUD","Gobernación del Valle","Contexto","50000000"
"2026-08-12 21:24:48","procesos","CO1.REQ.10821934","2026-08-11","GOBERNACIÓN VALLE DEL CAUCA -SECRETARIA DE SALUD","Gobernación del Valle","Contexto","23175000"
"2026-08-12 21:24:48","procesos","CO1.REQ.10819538","2026-08-11","GOBERNACIÓN VALLE DEL CAUCA -SECRETARIA DE SALUD","Gobernación del Valle","Contexto","35000000"
"2026-08-12 21:24:48","procesos","CO1.REQ.10819289","2026-08-11","GOBERNACIÓN VALLE DEL CAUCA -SECRETARIA DE SALUD","Gobernación del Valle","Contexto","20000000"
"2026-08-12 21:24:48","procesos","CO1.REQ.10832890","2026-08-11","SANTIAGO DE CALI DISTRITO ESPECIAL - UNIDAD ADMINISTRATIVA ESPECIAL DE SERVICIOS PUBLICOS","Alcaldía de Cali","Contexto","19735000"
"2026-08-12 21:24:48","procesos","CO1.REQ.10798506","2026-08-11","SANTIAGO DE CALI DISTRITO ESPECIAL - DEPARTAMENTO ADMINISTRATIVO DE CONTRATACION PUBLICA","Alcaldía de Cali","Contexto","9765000"
"2026-08-12 21:24:48","procesos","CO1.REQ.10830796","2026-08-11","SANTIAGO DE CALI DISTRITO ESPECIAL - SECRETARIA DE SEGURIDAD Y JUSTICIA","Alcaldía de Cali","Contexto","19220000"
"2026-08-12 21:24:48","procesos","CO1.REQ.10819599","2026-08-11","SANTIAGO DE CALI DISTRITO ESPECIAL - SECRETARIA DE SEGURIDAD Y JUSTICIA","Alcaldía de Cali","Contexto","3551000"
"2026-08-12 21:24:48","procesos","CO1.REQ.10835085","2026-08-11","SECRETARIA DE AMBIENTE Y DESARROLLO SOSTENIBLE","Gobernación del Valle","Contexto","5000000"
"2026-08-12 21:24:48","procesos","CO1.REQ.10813650","2026-08-11","SANTIAGO DE CALI DISTRITO ESPECIAL -DEPARTAMENTO ADMINISTRATIVO DE DESARROLLO E INNOVACION INSTITUCIONAL","Alcaldía de Cali","Contexto","10653000"
"2026-08-12 21:24:48","procesos","CO1.REQ.10812555","2026-08-11","SANTIAGO DE CALI DISTRITO ESPECIAL - DEPARTAMENTO ADMINISTRATIVO DE CONTRATACION PUBLICA","Alcaldía de Cali","Contexto","16989000"
"2026-08-12 21:24:48","procesos","CO1.REQ.10831237","2026-08-11","SANTIAGO DE CALI DISTRITO ESPECIAL - SECRETARIA DE SEGURIDAD Y JUSTICIA","Alcaldía de Cali","Contexto","19220000"
"2026-08-12 21:24:48","procesos","CO1.REQ.10820490","2026-08-11","SANTIAGO DE CALI DISTRITO ESPECIAL - SECRETARIA DE SEGURIDAD Y JUSTICIA","Alcaldía de Cali","Contexto","19220000"
"2026-08-12 21:24:48","procesos","CO1.REQ.10836303","2026-08-11","SECRETARIA DE AMBIENTE Y DESARROLLO SOSTENIBLE","Gobernación del Valle","Contexto","3500000"
"2026-08-12 21:24:48","procesos","CO1.REQ.10819626","2026-08-11","GOBERNACIÓN VALLE DEL CAUCA -SECRETARIA DE SALUD","Gobernación del Valle","Contexto","15000000"
"2026-08-12 21:24:48","procesos","CO1.REQ.10819563","2026-08-11","GOBERNACIÓN VALLE DEL CAUCA -SECRETARIA DE SALUD","Gobernación del Valle","Contexto","20000000"
"2026-08-12 21:24:48","procesos","CO1.REQ.10833313","2026-08-11","SECRETARIA DE AMBIENTE Y DESARROLLO SOSTENIBLE","Gobernación del Valle","Contexto","5000000"
"2026-08-12 21:24:48","procesos","CO1.REQ.10832139","2026-08-11","SANTIAGO DE CALI DISTRITO ESPECIAL- SECRETARIA DE TURISMO","Alcaldía de Cali","Contexto","14415000"
"2026-08-12 21:24:48","procesos","CO1.REQ.10820349","2026-08-11","DEPARTAMENTO ADMINISTRATIVO DE GESTION DEL MEDIO AMBIENTE DAGMA","Alcaldía de Cali","Contexto","16756000"
"2026-08-12 21:24:48","procesos","CO1.REQ.10833444","2026-08-11","SANTIAGO DE CALI DISTRITO ESPECIAL - UNIDAD ADMINISTRATIVA ESPECIAL DE SERVICIOS PUBLICOS","Alcaldía de Cali","Contexto","13960000"
"2026-08-12 21:24:48","procesos","CO1.REQ.10819323","2026-08-11","SANTIAGO DE CALI DISTRITO ESPECIAL - SECRETARIA DE BIENESTAR SOCIAL","Alcaldía de Cali","Contexto","11326000"
"2026-08-12 21:24:48","procesos","CO1.REQ.10816134","2026-08-11","SECRETARIA DE AMBIENTE Y DESARROLLO SOSTENIBLE","Gobernación del Valle","Contexto","6000000"
"2026-08-12 21:24:48","procesos","CO1.REQ.10812320","2026-08-10","SANTIAGO DE CALI DISTRITO ESPECIAL - SECRETARIA DE MOVILIDAD","Alcaldía de Cali","Contexto","9610000"
"2026-08-12 21:24:48","procesos","CO1.REQ.10818992","2026-08-11","UAEPA2","Alcaldía de Cali","Contexto","9610000"
"2026-08-12 21:24:48","procesos","CO1.REQ.10834427","2026-08-11","SANTIAGO DE CALI DISTRITO ESPECIAL - SECRETARIA DE MOVILIDAD","Alcaldía de Cali","Contexto","360966653"
"2026-08-12 21:24:48","procesos","CO1.REQ.10813707","2026-08-10","SANTIAGO DE CALI DISTRITO ESPECIAL - SECRETARIA DE MOVILIDAD","Alcaldía de Cali","Contexto","9610000"
"2026-08-12 21:24:48","procesos","CO1.REQ.10831132","2026-08-11","SANTIAGO DE CALI DISTRITO ESPECIAL - SECRETARIA DE BIENESTAR SOCIAL","Alcaldía de Cali","Contexto","11326000"
"2026-08-12 21:24:48","procesos","CO1.REQ.10810518","2026-08-10","PLANEACIÓN MUNICIPAL CALI**","Alcaldía de Cali","Contexto","19735000"
"2026-08-12 21:24:48","procesos","CO1.REQ.10832988","2026-08-11","SANTIAGO DE CALI DISTRITO ESPECIAL - UNIDAD ADMINISTRATIVA ESPECIAL DE SERVICIOS PUBLICOS","Alcaldía de Cali","Contexto","17755000"
"2026-08-12 21:24:48","procesos","CO1.REQ.10829802","2026-08-11","UAEPA2","Alcaldía de Cali","Contexto","9610000"
"2026-08-12 21:24:48","procesos","CO1.REQ.10800448","2026-08-11","PLANEACIÓN MUNICIPAL CALI**","Alcaldía de Cali","Contexto","14525000"
"2026-08-12 21:24:48","procesos","CO1.REQ.10832864","2026-08-11","SANTIAGO DE CALI DISTRITO ESPECIAL - UNIDAD ADMINISTRATIVA ESPECIAL DE SERVICIOS PUBLICOS","Alcaldía de Cali","Contexto","7102000"
"2026-08-12 21:24:48","procesos","CO1.REQ.10812695","2026-08-11","SANTIAGO DE CALI DISTRITO ESPECIAL - DEPARTAMENTO ADMINISTRATIVO DE CONTRATACION PUBLICA","Alcaldía de Cali","Contexto","21108000"
"2026-08-12 21:24:48","procesos","CO1.REQ.10829997","2026-08-11","SANTIAGO DE CALI DISTRITO ESPECIAL - SECRETARIA DE SEGURIDAD Y JUSTICIA","Alcaldía de Cali","Contexto","31304000"
"2026-08-12 21:24:48","procesos","CO1.REQ.10813776","2026-08-11","SANTIAGO DE CALI DISTRITO ESPECIAL -DEPARTAMENTO ADMINISTRATIVO DE DESARROLLO E INNOVACION INSTITUCIONAL","Alcaldía de Cali","Contexto","11841000"
"2026-08-12 21:24:48","procesos","CO1.REQ.10833253","2026-08-11","SANTIAGO DE CALI DISTRITO ESPECIAL - UNIDAD ADMINISTRATIVA ESPECIAL DE SERVICIOS PUBLICOS","Alcaldía de Cali","Contexto","4805000"
"2026-08-12 21:24:48","procesos","CO1.REQ.10833489","2026-08-11","RED DE SALUD DE LADERA EMPRESA SOCIAL DEL ESTADO","Otras entidades del Valle","Contexto","5600000"
"2026-08-12 21:24:48","procesos","CO1.REQ.10834268","2026-08-11","HOSPITAL RAUL OREJUELA BUENO","Otras entidades del Valle","Contexto","7000000"
"2026-08-12 21:24:48","procesos","CO1.REQ.10834746","2026-08-11","MUNICIPIO DE YUMBO VALLE","Otras entidades del Valle","Contexto","3989658204"
"2026-08-12 21:24:48","procesos","CO1.REQ.10833895","2026-08-11","RED DE SALUD DE LADERA EMPRESA SOCIAL DEL ESTADO","Otras entidades del Valle","Contexto","3649828"
"2026-08-12 21:24:48","procesos","CO1.REQ.10834329","2026-08-11","ALCALDIA DE ALCALA","Otras entidades del Valle","Contexto","12500000"
"2026-08-12 21:24:48","procesos","CO1.REQ.10835195","2026-08-11","INSTITUTO MUNICIPAL DE EDUCACION PARA EL TRABAJO Y DESARROLLO HUMANO DE YUMBO -IMETY-","Otras entidades del Valle","Contexto","16400000"
"2026-08-12 21:24:48","procesos","CO1.REQ.10834195","2026-08-11","COMPRADOR - EMPRESA CARTAGUEÑA DE DESARROLLO - EMCADE","Otras entidades del Valle","Contexto","119059500"
"2026-08-12 21:24:48","procesos","CO1.REQ.10834664","2026-08-11","IPS DEL MUNICIPIO DE CARTAGO E.S.E.","Otras entidades del Valle","Contexto","27500000"
"2026-08-12 21:24:48","procesos","CO1.REQ.10828021","2026-08-11","ALCALDIA MUNICIPIO DE JAMUNDI","Otras entidades del Valle","Contexto","25000000"
"2026-08-12 21:24:48","procesos","CO1.REQ.10822335","2026-08-11","MUNICIPIO DE YUMBO VALLE","Otras entidades del Valle","Contexto","10000000"
"2026-08-12 21:24:48","procesos","CO1.REQ.10836646","2026-08-11","MUNICIPIO DE VERSALLES","Otras entidades del Valle","Contexto","15000000"
"2026-08-12 21:24:48","procesos","CO1.REQ.10829043","2026-08-10","HOSPITAL RAUL OREJUELA BUENO","Otras entidades del Valle","Contexto","179999992"
"2026-08-12 21:24:48","procesos","CO1.REQ.10806789","2026-08-11","ALCALDIA DISTRITAL DE BUENAVENTURA-VALLE","Otras entidades del Valle","Contexto","26522500"
"2026-08-12 21:24:48","procesos","CO1.REQ.10837468","2026-08-11","RED DE SALUD DE LADERA EMPRESA SOCIAL DEL ESTADO","Otras entidades del Valle","Contexto","5600000"
"2026-08-12 21:24:48","procesos","CO1.REQ.10833328","2026-08-11","BENEFICENCIA DEL VALLE DEL CAUCA E.I.C.E","Otras entidades del Valle","Contexto","16000000"
"2026-08-12 21:24:48","procesos","CO1.REQ.10806875","2026-08-11","ALCALDIA DISTRITAL DE BUENAVENTURA-VALLE","Otras entidades del Valle","Contexto","18565750"
"2026-08-12 21:24:48","procesos","CO1.REQ.10832448","2026-08-11","RED DE SALUD DE LADERA EMPRESA SOCIAL DEL ESTADO","Otras entidades del Valle","Contexto","2645000"
"2026-08-12 21:24:48","procesos","CO1.REQ.10833970","2026-08-11","MUNICIPIO DE FLORIDA","Otras entidades del Valle","Contexto","6000000"
"2026-08-12 21:24:48","procesos","CO1.REQ.10831138","2026-08-11","MUNICIPIO DE FLORIDA","Otras entidades del Valle","Contexto","8000000"
"2026-08-12 21:24:48","procesos","CO1.REQ.10837207","2026-08-11","IE TABLONES","Otras entidades del Valle","Contexto","4998000"
"2026-08-12 21:24:48","procesos","CO1.REQ.10815051","2026-08-11","INSTITUTO MUNICIPAL DEL DEPORTE Y LA RECREACION DE PALMIRA","Otras entidades del Valle","Contexto","11600000"
"2026-08-12 21:24:48","procesos","CO1.REQ.10828831","2026-08-10","HOSPITAL RAUL OREJUELA BUENO","Otras entidades del Valle","Contexto","42257614"
"2026-08-12 21:24:48","procesos","CO1.REQ.10828030","2026-08-11","ALCALDIA MUNICIPIO DE JAMUNDI","Otras entidades del Valle","Contexto","17500000"
"2026-08-12 21:24:48","procesos","CO1.REQ.10822450","2026-08-11","MUNICIPIO DE YUMBO VALLE","Otras entidades del Valle","Contexto","8000000"
"2026-08-12 21:24:48","procesos","CO1.REQ.10828036","2026-08-10","INSTITUCION EDUCATIVA EVARISTO GARCIA -CALI","Otras entidades del Valle","Contexto","5411828"
"2026-08-12 21:24:48","procesos","CO1.REQ.10831588","2026-08-11","HOSPITAL RAUL OREJUELA BUENO","Otras entidades del Valle","Contexto","4300000"
"2026-08-12 21:24:48","procesos","CO1.REQ.10834200","2026-08-11","HOSPITAL RAUL OREJUELA BUENO","Otras entidades del Valle","Contexto","5000000"
"2026-08-12 21:24:48","procesos","CO1.REQ.10818809","2026-08-10","Departamento Administrativo de Planeación - Alcaldía de Tuluá","Otras entidades del Valle","Contexto","14310000"
"2026-08-12 21:24:48","procesos","CO1.REQ.10829063","2026-08-10","INSTITUTO DE FINANCIAMIENTO, PROMOCIÓN Y DESARROLLO DE TULUÁ","Otras entidades del Valle","Contexto","34987582"
"2026-08-12 21:24:48","procesos","CO1.REQ.10810696","2026-08-11","PERSONERIA DISTRITAL DE SANTIAGO DE CALI","Otras entidades del Valle","Contexto","289000"
"2026-08-12 21:24:48","procesos","CO1.REQ.10834663","2026-08-11","HOSPITAL RAUL OREJUELA BUENO","Otras entidades del Valle","Contexto","5000000"
"2026-08-12 21:24:48","procesos","CO1.REQ.10833950","2026-08-11","RED DE SALUD DE LADERA EMPRESA SOCIAL DEL ESTADO","Otras entidades del Valle","Contexto","3649828"
"2026-08-12 21:24:48","procesos","CO1.REQ.10831262","2026-08-11","HOSPITAL RAUL OREJUELA BUENO","Otras entidades del Valle","Contexto","2700000"
"2026-08-12 21:24:48","procesos","CO1.REQ.10825534","2026-08-10","ESE CENTRO","Otras entidades del Valle","Contexto","32829884"
"2026-08-12 21:24:48","procesos","CO1.REQ.10835314","2026-08-11","MUNICIPIO DE TORO","Otras entidades del Valle","Contexto","6900000"
"2026-08-12 21:24:48","procesos","CO1.REQ.10836434","2026-08-11","INSTITUTO MUNICIPAL DEL DEPORTE Y LA RECREACION DE YUMBO","Otras entidades del Valle","Contexto","8000000"
"2026-08-12 21:24:48","procesos","CO1.REQ.10828968","2026-08-10","HOSPITAL RAUL OREJUELA BUENO","Otras entidades del Valle","Contexto","110999603"
"2026-08-12 21:24:48","procesos","CO1.REQ.10830626","2026-08-11","HOSPITAL KENNEDY ESE","Otras entidades del Valle","Contexto","22800000"
"2026-08-12 21:24:48","procesos","CO1.REQ.10832025","2026-08-11","INSTITUCION EDUCATIVA JOSE MARIA CORDOBA.*","Otras entidades del Valle","Contexto","15714000"
"2026-08-12 21:24:48","procesos","CO1.REQ.10837473","2026-08-11","RED DE SALUD DE LADERA EMPRESA SOCIAL DEL ESTADO","Otras entidades del Valle","Contexto","3649828"
"2026-08-12 21:24:48","procesos","CO1.REQ.10835945","2026-08-11","E.S.E HOSPITAL LOCAL DE CANDELARIA VALLE","Otras entidades del Valle","Contexto","2243043"
"2026-08-12 21:24:48","procesos","CO1.REQ.10832539","2026-08-11","RED DE SALUD DE LADERA EMPRESA SOCIAL DEL ESTADO","Otras entidades del Valle","Contexto","2645000"
"2026-08-12 21:24:48","procesos","CO1.REQ.10833091","2026-08-11","INSTITUTO MUNICIPAL DE EDUCACION PARA EL TRABAJO Y DESARROLLO HUMANO DE YUMBO -IMETY-","Otras entidades del Valle","Contexto","8800000"
"2026-08-12 21:24:48","procesos","CO1.REQ.10837447","2026-08-11","RED DE SALUD DE LADERA EMPRESA SOCIAL DEL ESTADO","Otras entidades del Valle","Contexto","5600000"
"2026-08-12 21:24:48","procesos","CO1.REQ.10834682","2026-08-11","RED DE SALUD DE LADERA EMPRESA SOCIAL DEL ESTADO","Otras entidades del Valle","Contexto","3649828"
"2026-08-12 21:24:48","procesos","CO1.REQ.10826798","2026-08-10","HOSPITAL SAN VICENTE FERRER ESE","Otras entidades del Valle","Contexto","5355000"
"2026-08-12 21:24:48","procesos","CO1.REQ.10832863","2026-08-11","MUNICIPIO DE FLORIDA","Otras entidades del Valle","Contexto","8000000"
"2026-08-12 21:24:48","procesos","CO1.REQ.10836028","2026-08-11","INSTITUCION EDUCATIVA SAN JUAN BAUTISTA DE LA SALLE-CALI","Otras entidades del Valle","Contexto","3402000"
"2026-08-12 21:24:48","procesos","CO1.REQ.10837337","2026-08-11","Secretaría de Bienestar Social - Alcaldía de Tuluá","Otras entidades del Valle","Contexto","63520000"
"2026-08-12 21:24:48","procesos","CO1.REQ.10835603","2026-08-11","RED DE SALUD DE LADERA EMPRESA SOCIAL DEL ESTADO","Otras entidades del Valle","Contexto","5600000"
"2026-08-12 21:24:48","procesos","CO1.REQ.10834395","2026-08-11","INSTITUTO MUNICIPAL DE EDUCACION PARA EL TRABAJO Y DESARROLLO HUMANO DE YUMBO -IMETY-","Otras entidades del Valle","Contexto","8800000"
"2026-08-12 21:24:48","procesos","CO1.REQ.10801036","2026-08-11","IPS DEL MUNICIPIO DE CARTAGO E.S.E.","Otras entidades del Valle","Contexto","36970205"
"2026-08-12 21:24:48","procesos","CO1.REQ.10837259","2026-08-11","RED DE SALUD DE LADERA EMPRESA SOCIAL DEL ESTADO","Otras entidades del Valle","Contexto","5600000"
"2026-08-12 21:24:48","procesos","CO1.REQ.10835096","2026-08-11","HOSPITAL RAUL OREJUELA BUENO","Otras entidades del Valle","Contexto","4000000"
"2026-08-12 21:24:48","procesos","CO1.REQ.10829154","2026-08-10","REGION ADMINISTRATIVA DE PLANIFICACION RAP PACIFICO","Otras entidades del Valle","Contexto","111000000"
"2026-08-12 21:24:48","procesos","CO1.REQ.10827244","2026-08-10","HOSPITAL SAN VICENTE FERRER ESE","Otras entidades del Valle","Contexto","6240000"
"2026-08-12 21:24:48","procesos","CO1.REQ.10815341","2026-08-11","ALCALDIA DISTRITAL DE BUENAVENTURA-VALLE","Otras entidades del Valle","Contexto","18565750"
"2026-08-12 21:24:48","procesos","CO1.REQ.10828160","2026-08-11","ALCALDIA MUNICIPIO DE JAMUNDI","Otras entidades del Valle","Contexto","20000000"
"2026-08-12 21:24:48","procesos","CO1.REQ.10832351","2026-08-11","INSTITUCION EDUCATIVA JOSE MARIA CORDOBA.*","Otras entidades del Valle","Contexto","34500000"
"2026-08-12 21:24:48","procesos","CO1.REQ.10826410","2026-08-10","RED DE SALUD DEL NORTE EMPRESA SOCIAL DEL ESTADO","Otras entidades del Valle","Contexto","73780000"
"2026-08-12 21:24:48","procesos","CO1.REQ.10836851","2026-08-11","INSTITUTO MUNICIPAL DEL DEPORTE Y LA RECREACION DE YUMBO","Otras entidades del Valle","Contexto","10000000"
"2026-08-12 21:24:48","procesos","CO1.REQ.10834381","2026-08-11","MUNICIPIO DE FLORIDA","Otras entidades del Valle","Contexto","8000000"
"2026-08-12 21:24:48","procesos","CO1.REQ.10837294","2026-08-11","INSTITUTO MUNICIPAL DEL DEPORTE Y LA RECREACION DE YUMBO","Otras entidades del Valle","Contexto","10000000"
"2026-08-12 21:24:48","procesos","CO1.REQ.10827556","2026-08-10","HOSPITAL SAN VICENTE FERRER ESE","Otras entidades del Valle","Contexto","6480000"
"2026-08-12 21:24:48","procesos","CO1.REQ.10833947","2026-08-11","UNIVERSIDAD DEL VALLE","Otras entidades del Valle","Contexto","13000000"
"2026-08-12 21:24:48","procesos","CO1.REQ.10833877","2026-08-11","RED DE SALUD DE LADERA EMPRESA SOCIAL DEL ESTADO","Otras entidades del Valle","Contexto","5600000"
"2026-08-12 21:24:48","procesos","CO1.REQ.10811197","2026-08-11","ESE HOSPITAL PILOTO JAMUNDI","Otras entidades del Valle","Contexto","80000000"
"2026-08-12 21:24:48","procesos","CO1.REQ.10834738","2026-08-11","INSTITUTO MUNICIPAL DE VIVIENDA DE INTERES SOCIAL Y REFORMA URBANA DEL MUNICIPIO DE ZARZL","Otras entidades del Valle","Contexto","15000000"
"2026-08-12 21:24:48","procesos","CO1.REQ.10836056","2026-08-11","IPC","Otras entidades del Valle","Contexto","8109536"
"2026-08-12 21:24:48","procesos","CO1.REQ.10837488","2026-08-11","INSTITUTO MUNICIPAL DEL DEPORTE Y LA RECREACION DE YUMBO","Otras entidades del Valle","Contexto","8000000"
"2026-08-12 21:24:48","procesos","CO1.REQ.10801744","2026-08-10","ALCALDÍA MUNICIPIO DE PALMIRA","Otras entidades del Valle","Contexto","300000000"
"2026-08-12 21:24:48","procesos","CO1.REQ.10825653","2026-08-10","ESE CENTRO","Otras entidades del Valle","Contexto","9350400"
"2026-08-12 21:24:48","procesos","CO1.REQ.10830477","2026-08-11","RED DE SALUD DEL NORTE EMPRESA SOCIAL DEL ESTADO","Otras entidades del Valle","Contexto","16000000"
"2026-08-12 21:24:48","procesos","CO1.REQ.10822451","2026-08-11","MUNICIPIO DE YUMBO VALLE","Otras entidades del Valle","Contexto","8000000"
"2026-08-12 21:24:48","procesos","CO1.REQ.10822449","2026-08-11","MUNICIPIO DE YUMBO VALLE","Otras entidades del Valle","Contexto","10000000"
"2026-08-12 21:24:48","procesos","CO1.REQ.10832923","2026-08-11","INSTITUCION EDUCATIVA NORMAL SUPERIOR NUESTRA SEÑORA DE LAS MERCEDES","Otras entidades del Valle","Contexto","13000000"
"2026-08-12 21:24:48","procesos","CO1.REQ.10833125","2026-08-11","INSTITUCIÓN EDUCATIVA TÉCNICO DE COMERCIO SANTA  CECILIA","Otras entidades del Valle","Contexto","1150640"
"2026-08-12 21:24:48","procesos","CO1.REQ.10828107","2026-08-10","HOSPITAL SAN VICENTE FERRER ESE","Otras entidades del Valle","Contexto","2400000"
"2026-08-12 21:24:48","procesos","CO1.REQ.10832961","2026-08-11","ALCALDIA MUNICIPIO DE JAMUNDI","Otras entidades del Valle","Contexto","13800000"
"2026-08-12 21:24:48","procesos","CO1.REQ.10835731","2026-08-11","ALCALDIA MUNICIPAL DE BUGA","Otras entidades del Valle","Contexto","364905900"
"2026-08-13 12:15:19","contratos","CO1.PCCNTR.9788007","2026-08-10","UNGRD","UNGRD","Contexto","37866666.67"
"2026-08-13 12:15:19","secop1","26-4-14771586-13696239","2026-08-11","VALLE DEL CAUCA - CÁMARA DE COMERCIO DE CALI","Otras entidades del Valle","Contexto","170000000"
"2026-08-13 12:15:19","secop1","26-4-14771567-13696217","2026-08-11","VALLE DEL CAUCA - CÁMARA DE COMERCIO DE CALI","Otras entidades del Valle","Contexto","201853750"
"2026-08-13 12:15:19","secop1","26-12-14772512","2026-08-12","UNIDAD TÉCNICA PARA EL DESARROLLO PROFESIONAL - UTEDÉ","Otras entidades del Valle","Contexto","0"
"2026-08-13 12:15:19","secop1","26-13-14759556-13695279","2026-08-11","VALLE DEL CAUCA - ALCALDÍA MUNICIPIO DE EL ÁGUILA","Otras entidades del Valle","Alta","20000000"
"2026-08-13 12:15:19","secop1","26-4-14769289-13694316","2026-08-10","VALLE DEL CAUCA - CÁMARA DE COMERCIO DE PALMIRA","Otras entidades del Valle","Contexto","20398000"
"2026-08-13 12:15:19","secop1","26-13-14770049","2026-08-11","BOYACÁ - ALCALDÍA MUNICIPIO DE SAN JOSÉ DE PARE","Fuera del Valle","Contexto","0"
"2026-08-13 12:15:19","secop1","26-12-14769698","2026-08-10","CAUCA - ALCALDÍA MUNICIPIO DE GUAPI","Fuera del Valle","Otra urgencia","0"
"2026-08-13 12:15:19","secop1","26-9-510856-13696617","2026-08-10","PUTUMAYO - ALCALDÍA MUNICIPIO DE PUERTO GUZMÁN","Fuera del Valle","Contexto","94803333"
2026-08-14 13:57:44,contratos,CO1.PCCNTR.9798906,2026-08-12,DEPARTAMENTO ADMINISTRATIVO DE GESTION DEL MEDIO AMBIENTE DAGMA,Alcaldía de Cali,Contexto,6510000
2026-08-14 13:57:44,contratos,CO1.PCCNTR.9784413,2026-08-11,GOBERNACIÓN VALLE DEL CAUCA -SECRETARIA DE SALUD,Gobernación del Valle,Contexto,15000000
2026-08-14 13:57:44,contratos,CO1.PCCNTR.9792498,2026-08-12,SANTIAGO DE CALI DISTRITO ESPECIAL - SECRETARIA DE SEGURIDAD Y JUSTICIA,Alcaldía de Cali,Contexto,19220000
2026-08-14 13:57:44,contratos,CO1.PCCNTR.9795201,2026-08-11,GOBERNACIÓN VALLE DEL CAUCA -SECRETARIA DE SALUD,Gobernación del Valle,Contexto,50000000
2026-08-14 13:57:44,contratos,CO1.PCCNTR.9793615,2026-08-11,SANTIAGO DE CALI DISTRITO ESPECIAL- SECRETARIA DE TURISMO,Alcaldía de Cali,Contexto,14415000
2026-08-14 13:57:44,contratos,CO1.PCCNTR.9784324,2026-08-11,UAEPA2,Alcaldía de Cali,Contexto,7894000
2026-08-14 13:57:44,contratos,CO1.PCCNTR.9756116,2026-08-11,SANTIAGO DE CALI DISTRITO ESPECIAL - SECRETARIA DISTRITAL DE SALUD DE CALI,Alcaldía de Cali,Contexto,272365000
2026-08-14 13:57:44,contratos,CO1.PCCNTR.9781669,2026-08-11,SECRETARIA DE EDUCACION DE CALI,Alcaldía de Cali,Contexto,13960000
2026-08-14 13:57:44,contratos,CO1.PCCNTR.9779041,2026-08-12,PLANEACIÓN MUNICIPAL CALI**,Alcaldía de Cali,Contexto,10545000
2026-08-14 13:57:44,contratos,CO1.PCCNTR.9793375,2026-08-11,SANTIAGO DE CALI DISTRITO ESPECIAL - DEPARTAMENTO ADMINISTRATIVO DE CONTRATACION PUBLICA,Alcaldía de Cali,Contexto,21108000
2026-08-14 13:57:44,contratos,CO1.PCCNTR.9742242,2026-08-12,SANTIAGO DE CALI DISTRITO ESPECIAL - SECRETARIA DE BIENESTAR SOCIAL,Alcaldía de Cali,Contexto,7102000
2026-08-14 13:57:44,contratos,CO1.PCCNTR.9782898,2026-08-12,SANTIAGO DE CALI DISTRITO ESPECIAL - SECRETARIA DE BIENESTAR SOCIAL,Alcaldía de Cali,Contexto,14204000
2026-08-14 13:57:44,contratos,CO1.PCCNTR.9784414,2026-08-11,GOBERNACIÓN VALLE DEL CAUCA -SECRETARIA DE SALUD,Gobernación del Valle,Contexto,30000000
2026-08-14 13:57:44,contratos,CO1.PCCNTR.9780511,2026-08-12,SANTIAGO DE CALI DISTRITO ESPECIAL - SECRETARIA DEL DEPORTE Y LA RECREACIÓN,Alcaldía de Cali,Contexto,5584000
2026-08-14 13:57:44,contratos,CO1.PCCNTR.9780631,2026-08-11,SECRETARIA DE EDUCACION DE CALI,Alcaldía de Cali,Contexto,14204000
2026-08-14 13:57:44,contratos,CO1.PCCNTR.9780543,2026-08-11,SECRETARIA DE EDUCACION DE CALI,Alcaldía de Cali,Contexto,9084000
2026-08-14 13:57:44,contratos,CO1.PCCNTR.9793559,2026-08-11,SANTIAGO DE CALI DISTRITO ESPECIAL - DEPARTAMENTO ADMINISTRATIVO DE CONTRATACION PUBLICA,Alcaldía de Cali,Contexto,16989000
2026-08-14 13:57:44,contratos,CO1.PCCNTR.9780582,2026-08-12,GOBERNACIÓN VALLE DEL CAUCA -SECRETARIA DE SALUD,Gobernación del Valle,Contexto,15000000
2026-08-14 13:57:44,contratos,CO1.PCCNTR.9795587,2026-08-11,SECRETARIA DE AMBIENTE Y DESARROLLO SOSTENIBLE,Gobernación del Valle,Contexto,5000000
2026-08-14 13:57:44,contratos,CO1.PCCNTR.9795359,2026-08-12,GOBERNACIÓN VALLE DEL CAUCA -SECRETARIA DE SALUD,Gobernación del Valle,Contexto,35000000
2026-08-14 13:57:44,contratos,CO1.PCCNTR.9792428,2026-08-12,SANTIAGO DE CALI DISTRITO ESPECIAL - SECRETARIA DE SEGURIDAD Y JUSTICIA,Alcaldía de Cali,Contexto,19220000
2026-08-14 13:57:44,contratos,CO1.PCCNTR.9792481,2026-08-12,DEPARTAMENTO ADMINISTRATIVO DE GESTION DEL MEDIO AMBIENTE DAGMA,Alcaldía de Cali,Contexto,16756000
2026-08-14 13:57:44,contratos,CO1.PCCNTR.9795853,2026-08-11,SECRETARIA DE AMBIENTE Y DESARROLLO SOSTENIBLE,Gobernación del Valle,Contexto,3500000
2026-08-14 13:57:44,contratos,CO1.PCCNTR.9792199,2026-08-12,SANTIAGO DE CALI DISTRITO ESPECIAL - SECRETARIA DE SEGURIDAD Y JUSTICIA,Alcaldía de Cali,Contexto,19220000
2026-08-14 13:57:44,contratos,CO1.PCCNTR.9796245,2026-08-12,GOBERNACIÓN VALLE DEL CAUCA -SECRETARIA DE SALUD,Gobernación del Valle,Contexto,20000000
2026-08-14 13:57:44,contratos,CO1.PCCNTR.9785113,2026-08-11,GOBERNACIÓN VALLE DEL CAUCA -SECRETARIA DE SALUD,Gobernación del Valle,Contexto,50000000
2026-08-14 13:57:44,contratos,CO1.PCCNTR.9772605,2026-08-12,SANTIAGO DE CALI DISTRITO ESPECIAL - SECRETARIA DE SEGURIDAD Y JUSTICIA,Alcaldía de Cali,Contexto,11168000
2026-08-14 13:57:44,contratos,CO1.PCCNTR.9780961,2026-08-11,SECRETARIA DE EDUCACION DE CALI,Alcaldía de Cali,Contexto,9084000
2026-08-14 13:57:44,contratos,CO1.PCCNTR.9793771,2026-08-11,SECRETARIA DE AMBIENTE Y DESARROLLO SOSTENIBLE,Gobernación del Valle,Contexto,6000000
2026-08-14 13:57:44,contratos,CO1.PCCNTR.9784245,2026-08-12,DEPARTAMENTO ADMINISTRATIVO DE GESTION DEL MEDIO AMBIENTE DAGMA,Alcaldía de Cali,Contexto,3551000
2026-08-14 13:57:44,contratos,CO1.PCCNTR.9780074,2026-08-11,SECRETARIA DE EDUCACION DE CALI,Alcaldía de Cali,Contexto,8436000
2026-08-14 13:57:44,contratos,CO1.PCCNTR.9785705,2026-08-12,SANTIAGO DE CALI DISTRITO ESPECIAL - SECRETARIA DE BIENESTAR SOCIAL,Alcaldía de Cali,Contexto,16989000
2026-08-14 13:57:44,contratos,CO1.PCCNTR.9782108,2026-08-11,SANTIAGO DE CALI DISTRITO ESPECIAL - SECRETARIA DE GOBIERNO,Alcaldía de Cali,Contexto,64000000
2026-08-14 13:57:44,contratos,CO1.PCCNTR.9777077,2026-08-12,SANTIAGO DE CALI DISTRITO ESPECIAL - SECRETARIA DE SEGURIDAD Y JUSTICIA,Alcaldía de Cali,Contexto,3551000
2026-08-14 13:57:44,contratos,CO1.PCCNTR.9794372,2026-08-11,GOBERNACIÓN VALLE DEL CAUCA -SECRETARIA DE SALUD,Gobernación del Valle,Contexto,15000000
2026-08-14 13:57:44,contratos,CO1.PCCNTR.9786101,2026-08-12,SANTIAGO DE CALI DISTRITO ESPECIAL - SECRETARIA DE BIENESTAR SOCIAL,Alcaldía de Cali,Contexto,11326000
2026-08-14 13:57:44,contratos,CO1.PCCNTR.9785115,2026-08-11,GOBERNACIÓN VALLE DEL CAUCA -SECRETARIA DE SALUD,Gobernación del Valle,Contexto,30900000
2026-08-14 13:57:44,contratos,CO1.PCCNTR.9784504,2026-08-11,UAEPA2,Alcaldía de Cali,Contexto,7102000
2026-08-14 13:57:44,contratos,CO1.PCCNTR.9761664,2026-08-12,SANTIAGO DE CALI DISTRITO ESPECIAL - SECRETARIA DE SEGURIDAD Y JUSTICIA,Alcaldía de Cali,Contexto,19220000
2026-08-14 13:57:44,contratos,CO1.PCCNTR.9793094,2026-08-11,SANTIAGO DE CALI DISTRITO ESPECIAL - DEPARTAMENTO ADMINISTRATIVO DE CONTRATACION PUBLICA,Alcaldía de Cali,Contexto,9765000
2026-08-14 13:57:44,contratos,CO1.PCCNTR.9794595,2026-08-11,GOBERNACIÓN VALLE DEL CAUCA -SECRETARIA DE SALUD,Gobernación del Valle,Contexto,23175000
2026-08-14 13:57:44,contratos,CO1.PCCNTR.9781599,2026-08-11,SECRETARIA DE EDUCACION DE CALI,Alcaldía de Cali,Contexto,9084000
2026-08-14 13:57:44,contratos,CO1.PCCNTR.9780782,2026-08-12,SANTIAGO DE CALI DISTRITO ESPECIAL - SECRETARIA DE SEGURIDAD Y JUSTICIA,Alcaldía de Cali,Contexto,15788000
2026-08-14 13:57:44,contratos,CO1.PCCNTR.9780699,2026-08-11,GOBERNACIÓN VALLE DEL CAUCA -SECRETARIA DE SALUD,Gobernación del Valle,Contexto,30000000
2026-08-14 13:57:44,contratos,CO1.PCCNTR.9794369,2026-08-11,SECRETARIA DE AMBIENTE Y DESARROLLO SOSTENIBLE,Gobernación del Valle,Contexto,5000000
2026-08-14 13:57:44,contratos,CO1.PCCNTR.9793550,2026-08-12,SANTIAGO DE CALI DISTRITO ESPECIAL - SECRETARIA DE BIENESTAR SOCIAL,Alcaldía de Cali,Contexto,11326000
2026-08-14 13:57:44,contratos,CO1.PCCNTR.9782986,2026-08-12,SANTIAGO DE CALI DISTRITO ESPECIAL - SECRETARIA DE BIENESTAR SOCIAL,Alcaldía de Cali,Contexto,11326000
2026-08-14 13:57:44,contratos,CO1.PCCNTR.9784412,2026-08-12,GOBERNACIÓN VALLE DEL CAUCA -SECRETARIA DE SALUD,Gobernación del Valle,Contexto,17500000
2026-08-14 13:57:44,contratos,CO1.PCCNTR.9795670,2026-08-12,GOBERNACIÓN VALLE DEL CAUCA -SECRETARIA DE SALUD,Gobernación del Valle,Contexto,15000000
2026-08-14 13:57:44,contratos,CO1.PCCNTR.9776349,2026-08-11,MUNICIPIO DE YUMBO VALLE,Otras entidades del Valle,Contexto,16400000
2026-08-14 13:57:44,contratos,CO1.PCCNTR.9794479,2026-08-11,Departamento Administrativo de Planeación - Alcaldía de Tuluá,Otras entidades del Valle,Contexto,15880000
2026-08-14 13:57:44,contratos,CO1.PCCNTR.9793474,2026-08-11,ALCALDIA MUNICIPIO DE JAMUNDI,Otras entidades del Valle,Contexto,25000000
2026-08-14 13:57:44,contratos,CO1.PCCNTR.9795722,2026-08-12,ALCALDIA DISTRITAL DE BUENAVENTURA-VALLE,Otras entidades del Valle,Contexto,13261250
2026-08-14 13:57:44,contratos,CO1.PCCNTR.9797433,2026-08-11,INSTITUTO MUNICIPAL DEL DEPORTE Y LA RECREACION DE YUMBO,Otras entidades del Valle,Contexto,8000000
2026-08-14 13:57:44,contratos,CO1.PCCNTR.9792196,2026-08-11,ALCALDIA MUNICIPIO DE JAMUNDI,Otras entidades del Valle,Contexto,20000000
2026-08-14 13:57:44,contratos,CO1.PCCNTR.9743656,2026-08-11,RED DE SALUD DEL ORIENTE ESE,Otras entidades del Valle,Contexto,49365078
2026-08-14 13:57:44,contratos,CO1.PCCNTR.9794733,2026-08-11,INSTITUTO MUNICIPAL DE EDUCACION PARA EL TRABAJO Y DESARROLLO HUMANO DE YUMBO -IMETY-,Otras entidades del Valle,Contexto,8800000
2026-08-14 13:57:44,contratos,CO1.PCCNTR.9795554,2026-08-11,INSTITUTO MUNICIPAL DE EDUCACION PARA EL TRABAJO Y DESARROLLO HUMANO DE YUMBO -IMETY-,Otras entidades del Valle,Contexto,16400000
2026-08-14 13:57:44,contratos,CO1.PCCNTR.9793970,2026-08-12,ALCALDIA MUNICIPIO DE JAMUNDI,Otras entidades del Valle,Contexto,13800000
2026-08-14 13:57:44,contratos,CO1.PCCNTR.9793386,2026-08-11,MUNICIPIO DE YUMBO VALLE,Otras entidades del Valle,Contexto,453867438.71
2026-08-14 13:57:44,contratos,CO1.PCCNTR.9774492,2026-08-11,DEPARTAMENTO ADMINISTRATIVO NACIONAL DE ESTADISTICA-SUROCCIDENTE,Otras entidades del Valle,Contexto,9996000
2026-08-14 13:57:44,contratos,CO1.PCCNTR.9798232,2026-08-12,MUNICIPIO DE FLORIDA,Otras entidades del Valle,Contexto,8800000
2026-08-14 13:57:44,contratos,CO1.PCCNTR.9794019,2026-08-11,Departamento Administrativo de Planeación - Alcaldía de Tuluá,Otras entidades del Valle,Contexto,10464000
2026-08-14 13:57:44,contratos,CO1.PCCNTR.9798662,2026-08-12,MUNICIPIO DE FLORIDA,Otras entidades del Valle,Contexto,9000000
2026-08-14 13:57:44,contratos,CO1.PCCNTR.9793568,2026-08-11,ALCALDIA MUNICIPIO DE JAMUNDI,Otras entidades del Valle,Contexto,25000000
2026-08-14 13:57:44,contratos,CO1.PCCNTR.9793380,2026-08-12,BIBLIOTECA DEPARTAMENTAL JORGE GARCES BORRERO,Otras entidades del Valle,Contexto,17895145
2026-08-14 13:57:44,contratos,CO1.PCCNTR.9777744,2026-08-11,BIBLIOTECA DEPARTAMENTAL JORGE GARCES BORRERO,Otras entidades del Valle,Contexto,19750000
2026-08-14 13:57:44,contratos,CO1.PCCNTR.9794984,2026-08-11,INSTITUTO MUNICIPAL DE VIVIENDA DE INTERES SOCIAL Y REFORMA URBANA DEL MUNICIPIO DE ZARZL,Otras entidades del Valle,Contexto,15000000
2026-08-14 13:57:44,contratos,CO1.PCCNTR.9793390,2026-08-11,Departamento Administrativo de Planeación - Alcaldía de Tuluá,Otras entidades del Valle,Contexto,13080000
2026-08-14 13:57:44,contratos,CO1.PCCNTR.9779805,2026-08-12,ALCALDIA DISTRITAL DE BUENAVENTURA-VALLE,Otras entidades del Valle,Contexto,18565750
2026-08-14 13:57:44,contratos,CO1.PCCNTR.9794666,2026-08-11,ALCALDIA DE ALCALA,Otras entidades del Valle,Contexto,12500000
2026-08-14 13:57:44,contratos,CO1.PCCNTR.9796159,2026-08-12,ALCALDIA DISTRITAL DE BUENAVENTURA-VALLE,Otras entidades del Valle,Contexto,21218000
2026-08-14 13:57:44,contratos,CO1.PCCNTR.9795107,2026-08-11,ALCALDIA DE ALCALA,Otras entidades del Valle,Contexto,20000000
2026-08-14 13:57:44,contratos,CO1.PCCNTR.9793657,2026-08-11,Departamento Administrativo de Planeación - Alcaldía de Tuluá,Otras entidades del Valle,Contexto,13080000
2026-08-14 13:57:44,contratos,CO1.PCCNTR.9777762,2026-08-11,BIBLIOTECA DEPARTAMENTAL JORGE GARCES BORRERO,Otras entidades del Valle,Contexto,11100000
2026-08-14 13:57:44,contratos,CO1.PCCNTR.9794611,2026-08-11,"Secretaría de Gobierno, Convivencia y Seguridad - Alcaldía de Tuluá",Otras entidades del Valle,Contexto,17490000
2026-08-14 13:57:44,contratos,CO1.PCCNTR.9792322,2026-08-11,INSTITUTO MUNICIPAL DEL DEPORTE Y LA RECREACION DE PALMIRA,Otras entidades del Valle,Contexto,8800000
2026-08-14 13:57:44,contratos,CO1.PCCNTR.9799267,2026-08-12,RED DE SALUD DEL SURORIENTE EMPRESA SOCIAL DEL ESTADO,Otras entidades del Valle,Contexto,43120056
2026-08-14 13:57:44,contratos,CO1.PCCNTR.9776326,2026-08-11,MUNICIPIO DE YUMBO VALLE,Otras entidades del Valle,Contexto,10000000
2026-08-14 13:57:44,contratos,CO1.PCCNTR.9798222,2026-08-12,MUNICIPIO DE FLORIDA,Otras entidades del Valle,Contexto,9000000
2026-08-14 13:57:44,contratos,CO1.PCCNTR.9796537,2026-08-11,INSTITUTO MUNICIPAL DEL DEPORTE Y LA RECREACION DE YUMBO,Otras entidades del Valle,Contexto,8000000
2026-08-14 13:57:44,contratos,CO1.PCCNTR.9799139,2026-08-12,MUNICIPIO DE FLORIDA,Otras entidades del Valle,Contexto,10000000
2026-08-14 13:57:44,contratos,CO1.PCCNTR.9796896,2026-08-11,INSTITUTO MUNICIPAL DEL DEPORTE Y LA RECREACION DE YUMBO,Otras entidades del Valle,Contexto,10000000
2026-08-14 13:57:44,contratos,CO1.PCCNTR.9793017,2026-08-11,ALCALDIA MUNICIPIO DE JAMUNDI,Otras entidades del Valle,Contexto,17500000
2026-08-14 13:57:44,contratos,CO1.PCCNTR.9630712,2026-08-11,REGIONAL DE ASEGURAMIENTO EN SALUD No. 4,Otras entidades del Valle,Contexto,852000000
2026-08-14 13:57:44,contratos,CO1.PCCNTR.9798921,2026-08-12,HOSPITAL SAN RAFAEL EL CERRITO,Otras entidades del Valle,Contexto,9017058
2026-08-14 13:57:44,contratos,CO1.PCCNTR.9793617,2026-08-11,ALCALDIA MUNICIPIO DE JAMUNDI,Otras entidades del Valle,Contexto,25000000
2026-08-14 13:57:44,contratos,CO1.PCCNTR.9795087,2026-08-12,BIBLIOTECA DEPARTAMENTAL JORGE GARCES BORRERO,Otras entidades del Valle,Contexto,12050000
2026-08-14 13:57:44,contratos,CO1.PCCNTR.9756138,2026-08-12,HOSPITAL SAN RAFAEL EL CERRITO,Otras entidades del Valle,Contexto,200000000
2026-08-14 13:57:44,contratos,CO1.PCCNTR.9777858,2026-08-11,BIBLIOTECA DEPARTAMENTAL JORGE GARCES BORRERO,Otras entidades del Valle,Contexto,26000000
2026-08-14 13:57:44,contratos,CO1.PCCNTR.9793513,2026-08-11,Departamento Administrativo de Planeación - Alcaldía de Tuluá,Otras entidades del Valle,Contexto,19850000
2026-08-14 13:57:44,contratos,CO1.PCCNTR.9797001,2026-08-12,ALCALDIA MUNICIPIO DE JAMUNDI,Otras entidades del Valle,Contexto,39000000
2026-08-14 13:57:44,contratos,CO1.PCCNTR.9798822,2026-08-12,ALCALDIA DISTRITAL DE BUENAVENTURA-VALLE,Otras entidades del Valle,Contexto,31561775
2026-08-14 13:57:44,contratos,CO1.PCCNTR.9798220,2026-08-12,MUNICIPIO DE YUMBO VALLE,Otras entidades del Valle,Contexto,16400000
2026-08-14 13:57:44,contratos,CO1.PCCNTR.9779509,2026-08-11,INSTITUTO MUNICIPAL PARA EL DEPORTE Y LA RECREACION DE CANDELARIA,Otras entidades del Valle,Contexto,10500000
2026-08-14 13:57:44,contratos,CO1.PCCNTR.9794444,2026-08-11,Departamento Administrativo de Planeación - Alcaldía de Tuluá,Otras entidades del Valle,Contexto,8320000
2026-08-14 13:57:44,contratos,CO1.PCCNTR.9717804,2026-08-11,REGIONAL DE ASEGURAMIENTO EN SALUD No. 4,Otras entidades del Valle,Contexto,130000000
2026-08-14 13:57:44,contratos,CO1.PCCNTR.9798468,2026-08-12,MUNICIPIO DE FLORIDA,Otras entidades del Valle,Contexto,10000000
2026-08-14 13:57:44,contratos,CO1.PCCNTR.9795960,2026-08-11,ALCALDIA MUNICIPIO DE JAMUNDI,Otras entidades del Valle,Contexto,22500000
2026-08-14 13:57:44,contratos,CO1.PCCNTR.9798358,2026-08-12,METRO CALI S.A ACUERDO DE REESTRUCTURACION,Otras entidades del Valle,Contexto,29260000
2026-08-14 13:57:44,contratos,CO1.PCCNTR.9776909,2026-08-12,HOSPITAL SAN RAFAEL EL CERRITO,Otras entidades del Valle,Contexto,5600000
2026-08-14 13:57:44,contratos,CO1.PCCNTR.9776255,2026-08-12,ALCALDIA MUNICIPIO DE VIJES,Otras entidades del Valle,Contexto,49019042
2026-08-14 13:57:44,contratos,CO1.PCCNTR.9794037,2026-08-11,Departamento Administrativo de Planeación - Alcaldía de Tuluá,Otras entidades del Valle,Contexto,13080000
2026-08-14 13:57:44,contratos,CO1.PCCNTR.9793086,2026-08-11,Departamento Administrativo de Planeación - Alcaldía de Tuluá,Otras entidades del Valle,Contexto,14310000
2026-08-14 13:57:44,contratos,CO1.PCCNTR.9783874,2026-08-11,ALCALDIA MUNICIPIO DE JAMUNDI,Otras entidades del Valle,Contexto,18000000
2026-08-14 13:57:44,contratos,CO1.PCCNTR.9794109,2026-08-11,ALCALDIA MUNICIPIO DE JAMUNDI,Otras entidades del Valle,Contexto,22500000
2026-08-14 13:57:44,contratos,CO1.PCCNTR.9771854,2026-08-11,EMAVI,Otras entidades del Valle,Contexto,84000000
2026-08-14 13:57:44,contratos,CO1.PCCNTR.9796818,2026-08-11,INSTITUTO MUNICIPAL DEL DEPORTE Y LA RECREACION DE YUMBO,Otras entidades del Valle,Contexto,8000000
2026-08-14 13:57:44,contratos,CO1.PCCNTR.9795354,2026-08-12,MUNICIPIO DE FLORIDA,Otras entidades del Valle,Contexto,10000000
2026-08-14 13:57:44,contratos,CO1.PCCNTR.9795189,2026-08-11,INSTITUTO MUNICIPAL DE EDUCACION PARA EL TRABAJO Y DESARROLLO HUMANO DE YUMBO -IMETY-,Otras entidades del Valle,Contexto,16400000
2026-08-14 13:57:44,contratos,CO1.PCCNTR.9794711,2026-08-11,ALCALDIA DE ALCALA,Otras entidades del Valle,Contexto,12500000
2026-08-14 13:57:44,contratos,CO1.PCCNTR.9796929,2026-08-12,ALCALDIA MUNICIPIO DE JAMUNDI,Otras entidades del Valle,Contexto,19000000
2026-08-14 13:57:44,contratos,CO1.PCCNTR.9794586,2026-08-12,MUNICIPIO DE FLORIDA,Otras entidades del Valle,Contexto,6000000
2026-08-14 13:57:44,contratos,CO1.PCCNTR.9798219,2026-08-12,ALCALDIA MUNICIPIO DE JAMUNDI,Otras entidades del Valle,Contexto,27000000
2026-08-14 13:57:44,contratos,CO1.PCCNTR.9793636,2026-08-11,Departamento Administrativo de Planeación - Alcaldía de Tuluá,Otras entidades del Valle,Contexto,14310000
2026-08-14 13:57:44,contratos,CO1.PCCNTR.9795745,2026-08-11,INSTITUTO MUNICIPAL DE EDUCACION PARA EL TRABAJO Y DESARROLLO HUMANO DE YUMBO -IMETY-,Otras entidades del Valle,Contexto,8000000
2026-08-14 13:57:44,contratos,CO1.PCCNTR.9794152,2026-08-11,INSTITUTO MUNICIPAL DE EDUCACION PARA EL TRABAJO Y DESARROLLO HUMANO DE YUMBO -IMETY-,Otras entidades del Valle,Contexto,8800000
2026-08-14 13:57:44,contratos,CO1.PCCNTR.9793989,2026-08-11,Departamento Administrativo de Planeación - Alcaldía de Tuluá,Otras entidades del Valle,Contexto,10400000
2026-08-14 13:57:44,contratos,CO1.PCCNTR.9792114,2026-08-11,INSTITUTO MUNICIPAL DEL DEPORTE Y LA RECREACION DE PALMIRA,Otras entidades del Valle,Contexto,11600000
2026-08-14 13:57:44,contratos,CO1.PCCNTR.9798502,2026-08-12,MUNICIPIO DE YUMBO VALLE,Otras entidades del Valle,Media,8000000
2026-08-14 13:57:44,contratos,CO1.PCCNTR.9792591,2026-08-12,MUNICIPIO DE FLORIDA,Otras entidades del Valle,Contexto,8000000
2026-08-14 13:57:44,contratos,CO1.PCCNTR.9777739,2026-08-11,BIBLIOTECA DEPARTAMENTAL JORGE GARCES BORRERO,Otras entidades del Valle,Contexto,9636000
2026-08-14 13:57:44,contratos,CO1.PCCNTR.9781379,2026-08-12,MUNICIPIO DE TORO,Otras entidades del Valle,Contexto,8800000
2026-08-14 13:57:44,contratos,CO1.PCCNTR.9795063,2026-08-11,BIBLIOTECA DEPARTAMENTAL JORGE GARCES BORRERO,Otras entidades del Valle,Contexto,16060000
2026-08-14 13:57:44,contratos,CO1.PCCNTR.9795691,2026-08-11,BIBLIOTECA DEPARTAMENTAL JORGE GARCES BORRERO,Otras entidades del Valle,Contexto,16060000
2026-08-14 13:57:44,contratos,CO1.PCCNTR.9797447,2026-08-11,INSTITUTO MUNICIPAL DEL DEPORTE Y LA RECREACION DE YUMBO,Otras entidades del Valle,Contexto,10000000
2026-08-14 13:57:44,contratos,CO1.PCCNTR.9736563,2026-08-11,REGIONAL DE ASEGURAMIENTO EN SALUD No. 4,Otras entidades del Valle,Contexto,950693163.42
2026-08-14 13:57:44,contratos,CO1.PCCNTR.9794905,2026-08-11,ALCALDIA DE ALCALA,Otras entidades del Valle,Contexto,20000000
2026-08-14 13:57:44,contratos,CO1.PCCNTR.9794397,2026-08-11,Departamento Administrativo de Planeación - Alcaldía de Tuluá,Otras entidades del Valle,Contexto,8320000
2026-08-14 13:57:44,contratos,CO1.PCCNTR.9795778,2026-08-11,BIBLIOTECA DEPARTAMENTAL JORGE GARCES BORRERO,Otras entidades del Valle,Contexto,14316116
2026-08-14 13:57:44,contratos,CO1.PCCNTR.9795060,2026-08-11,MUNICIPIO DE FLORIDA,Otras entidades del Valle,Contexto,8000000
2026-08-14 13:57:44,contratos,CO1.PCCNTR.9793711,2026-08-11,Departamento Administrativo de Planeación - Alcaldía de Tuluá,Otras entidades del Valle,Contexto,14310000
2026-08-14 13:57:44,contratos,CO1.PCCNTR.9793569,2026-08-11,Departamento Administrativo de Planeación - Alcaldía de Tuluá,Otras entidades del Valle,Contexto,14310000
2026-08-14 13:57:44,contratos,CO1.PCCNTR.9793765,2026-08-11,Departamento Administrativo de Planeación - Alcaldía de Tuluá,Otras entidades del Valle,Contexto,10400000
2026-08-14 13:57:44,contratos,CO1.PCCNTR.9795293,2026-08-11,INSTITUTO MUNICIPAL DE EDUCACION PARA EL TRABAJO Y DESARROLLO HUMANO DE YUMBO -IMETY-,Otras entidades del Valle,Contexto,8800000
2026-08-14 13:57:44,contratos,CO1.PCCNTR.9795815,2026-08-11,BIBLIOTECA DEPARTAMENTAL JORGE GARCES BORRERO,Otras entidades del Valle,Contexto,16060000
2026-08-14 13:57:44,contratos,CO1.PCCNTR.9792224,2026-08-11,INSTITUTO MUNICIPAL DEL DEPORTE Y LA RECREACION DE PALMIRA,Otras entidades del Valle,Contexto,8800000
2026-08-14 13:57:44,contratos,CO1.PCCNTR.9793447,2026-08-11,MUNICIPIO DE YUMBO VALLE,Otras entidades del Valle,Contexto,8800000
2026-08-14 13:57:44,contratos,CO1.PCCNTR.9795675,2026-08-11,BIBLIOTECA DEPARTAMENTAL JORGE GARCES BORRERO,Otras entidades del Valle,Contexto,16060000
2026-08-14 13:57:44,contratos,CO1.PCCNTR.9795703,2026-08-11,BIBLIOTECA DEPARTAMENTAL JORGE GARCES BORRERO,Otras entidades del Valle,Contexto,16060000
2026-08-14 13:57:44,contratos,CO1.PCCNTR.9798122,2026-08-12,PERSONERIA EL CERRITO VALLE,Otras entidades del Valle,Contexto,4600000
2026-08-14 13:57:44,contratos,CO1.PCCNTR.9794101,2026-08-11,MUNICIPIO DE FLORIDA,Otras entidades del Valle,Contexto,8000000
2026-08-14 13:57:44,contratos,CO1.PCCNTR.9778583,2026-08-12,ALCALDIA DISTRITAL DE BUENAVENTURA-VALLE,Otras entidades del Valle,Contexto,8487200
2026-08-14 13:57:44,contratos,CO1.PCCNTR.9778592,2026-08-12,ALCALDIA DISTRITAL DE BUENAVENTURA-VALLE,Otras entidades del Valle,Contexto,11139450
2026-08-14 13:57:44,contratos,CO1.PCCNTR.9761885,2026-08-12,HOSPITAL SAN RAFAEL EL CERRITO,Otras entidades del Valle,Contexto,6000000
2026-08-14 13:57:44,contratos,CO1.PCCNTR.9777479,2026-08-11,BIBLIOTECA DEPARTAMENTAL JORGE GARCES BORRERO,Otras entidades del Valle,Contexto,7230000
2026-08-14 13:57:44,contratos,CO1.PCCNTR.9794471,2026-08-12,MUNICIPIO DE YUMBO VALLE,Otras entidades del Valle,Contexto,16400000
2026-08-14 13:57:44,contratos,CO1.PCCNTR.9763000,2026-08-12,CVC,Otras entidades del Valle,Contexto,35449344
2026-08-14 13:57:44,contratos,CO1.PCCNTR.9793963,2026-08-11,Departamento Administrativo de Planeación - Alcaldía de Tuluá,Otras entidades del Valle,Contexto,10400000
2026-08-14 13:57:44,contratos,CO1.PCCNTR.9793564,2026-08-11,BIBLIOTECA DEPARTAMENTAL JORGE GARCES BORRERO,Otras entidades del Valle,Contexto,16060000
2026-08-14 13:57:44,contratos,CO1.PCCNTR.9797809,2026-08-11,INSTITUTO MUNICIPAL DEL DEPORTE Y LA RECREACION DE YUMBO,Otras entidades del Valle,Contexto,8000000
2026-08-14 13:57:44,contratos,CO1.PCCNTR.9793980,2026-08-11,BENEFICENCIA DEL VALLE DEL CAUCA E.I.C.E,Otras entidades del Valle,Contexto,16000000
2026-08-14 13:57:44,contratos,CO1.PCCNTR.9779397,2026-08-12,ALCALDIA DISTRITAL DE BUENAVENTURA-VALLE,Otras entidades del Valle,Contexto,4060260
2026-08-14 13:57:44,contratos,CO1.PCCNTR.9795268,2026-08-12,MUNICIPIO DE TORO,Otras entidades del Valle,Contexto,6900000
2026-08-14 13:57:44,contratos,CO1.PCCNTR.9793578,2026-08-11,Departamento Administrativo de Planeación - Alcaldía de Tuluá,Otras entidades del Valle,Contexto,13080000
2026-08-14 13:57:44,contratos,CO1.PCCNTR.9789425,2026-08-11,EMAVI,Otras entidades del Valle,Contexto,20000000
2026-08-14 13:57:44,contratos,CO1.PCCNTR.9606523,2026-08-11,REGIONAL DE ASEGURAMIENTO EN SALUD No. 4,Otras entidades del Valle,Contexto,35000000
2026-08-14 13:57:44,contratos,CO1.PCCNTR.9795235,2026-08-12,ALCALDIA DISTRITAL DE BUENAVENTURA-VALLE,Otras entidades del Valle,Contexto,26522500
2026-08-14 13:57:44,contratos,CO1.PCCNTR.9794189,2026-08-11,INSTITUTO MUNICIPAL DE EDUCACION PARA EL TRABAJO Y DESARROLLO HUMANO DE YUMBO -IMETY-,Otras entidades del Valle,Contexto,8800000
2026-08-14 13:57:44,contratos,CO1.PCCNTR.9795053,2026-08-11,MUNICIPIO DE TORO,Otras entidades del Valle,Contexto,30102969
2026-08-14 13:57:44,contratos,CO1.PCCNTR.9794787,2026-08-11,INSTITUTO MUNICIPAL DE EDUCACION PARA EL TRABAJO Y DESARROLLO HUMANO DE YUMBO -IMETY-,Otras entidades del Valle,Contexto,18000000
2026-08-14 13:57:44,contratos,CO1.PCCNTR.9777943,2026-08-11,BIBLIOTECA DEPARTAMENTAL JORGE GARCES BORRERO,Otras entidades del Valle,Contexto,10500000
2026-08-14 13:57:44,contratos,CO1.PCCNTR.9798418,2026-08-12,PERSONERIA EL CERRITO VALLE,Otras entidades del Valle,Contexto,2500000
2026-08-14 13:57:44,contratos,CO1.PCCNTR.9798533,2026-08-12,MUNICIPIO DE FLORIDA,Otras entidades del Valle,Contexto,8000000
2026-08-14 13:57:44,contratos,CO1.PCCNTR.9798053,2026-08-12,MUNICIPIO DE YUMBO VALLE,Otras entidades del Valle,Contexto,8000000
2026-08-14 13:57:44,contratos,CO1.PCCNTR.9795057,2026-08-11,INSTITUTO MUNICIPAL DE EDUCACION PARA EL TRABAJO Y DESARROLLO HUMANO DE YUMBO -IMETY-,Otras entidades del Valle,Contexto,16400000
2026-08-14 13:57:44,contratos,CO1.PCCNTR.9796465,2026-08-11,INSTITUTO MUNICIPAL DEL DEPORTE Y LA RECREACION DE YUMBO,Otras entidades del Valle,Contexto,8000000
2026-08-14 13:57:44,contratos,CO1.PCCNTR.9795488,2026-08-11,MUNICIPIO DE FRONTINO,Fuera del Valle,Otra urgencia,766099102
2026-08-14 13:57:44,contratos,CO1.PCCNTR.9682520,2026-08-11,GOBERNACION DEL AMAZONAS,Fuera del Valle,Contexto,250285100
2026-08-14 13:57:44,contratos,CO1.PCCNTR.9796661,2026-08-11,MUNICIPIO DE PALESTINA CALDAS,Fuera del Valle,Alta,9734096
2026-08-14 13:57:44,contratos,CO1.PCCNTR.9795717,2026-08-12,FONDO DE GESTION DEL RIESGO DE DESASTRES DEL DEPARTAMENTO DEL CASANARE,Fuera del Valle,Contexto,20407840
2026-08-14 13:57:44,procesos,CO1.REQ.10839006,2026-08-12,DEPARTAMENTO DEL VALLE DEL CAUCA - SECRETARIA DE TURISMO,Gobernación del Valle,Contexto,7700000
2026-08-14 13:57:44,procesos,CO1.REQ.10838071,2026-08-12,SANTIAGO DE CALI DISTRITO ESPECIAL - SECRETARIA DE BIENESTAR SOCIAL,Alcaldía de Cali,Contexto,8376000
2026-08-14 13:57:44,procesos,CO1.REQ.10829803,2026-08-12,UAEPA2,Alcaldía de Cali,Contexto,9610000
2026-08-14 13:57:44,procesos,CO1.REQ.10840310,2026-08-12,DEPARTAMENTO DEL VALLE DEL CAUCA - SECRETARIA DE TURISMO,Gobernación del Valle,Contexto,3000000
2026-08-14 13:57:44,procesos,CO1.REQ.10831233,2026-08-12,UAEPA2,Alcaldía de Cali,Contexto,5584000
2026-08-14 13:57:44,procesos,CO1.REQ.10820251,2026-08-12,GOBERNACIÓN VALLE DEL CAUCA -SECRETARIA DE SALUD,Gobernación del Valle,Contexto,22500000
2026-08-14 13:57:44,procesos,CO1.REQ.10820702,2026-08-12,GOBERNACIÓN VALLE DEL CAUCA -SECRETARIA DE SALUD,Gobernación del Valle,Contexto,35000000
2026-08-14 13:57:44,procesos,CO1.REQ.10839649,2026-08-12,DEPARTAMENTO DEL VALLE DEL CAUCA - SECRETARIA DE TURISMO,Gobernación del Valle,Contexto,7000000
2026-08-14 13:57:44,procesos,CO1.REQ.10838273,2026-08-12,SANTIAGO DE CALI DISTRITO ESPECIAL - SECRETARIA DEL DEPORTE Y LA RECREACIÓN,Alcaldía de Cali,Contexto,14204000
2026-08-14 13:57:44,procesos,CO1.REQ.10820370,2026-08-12,GOBERNACIÓN VALLE DEL CAUCA -SECRETARIA DE SALUD,Gobernación del Valle,Contexto,25000000
2026-08-14 13:57:44,procesos,CO1.REQ.10838449,2026-08-12,DEPARTAMENTO DEL VALLE DEL CAUCA - SECRETARIA DE TURISMO,Gobernación del Valle,Contexto,7700000
2026-08-14 13:57:44,procesos,CO1.REQ.10838703,2026-08-12,SANTIAGO DE CALI DISTRITO ESPECIAL - SECRETARIA DEL DEPORTE Y LA RECREACIÓN,Alcaldía de Cali,Contexto,9084000
2026-08-14 13:57:44,procesos,CO1.REQ.10838832,2026-08-12,SANTIAGO DE CALI DISTRITO ESPECIAL - SECRETARIA DEL DEPORTE Y LA RECREACIÓN,Alcaldía de Cali,Contexto,27252000
2026-08-14 13:57:44,procesos,CO1.REQ.10829962,2026-08-12,UAEPA2,Alcaldía de Cali,Contexto,7894000
2026-08-14 13:57:44,procesos,CO1.REQ.10819901,2026-08-12,GOBERNACIÓN VALLE DEL CAUCA -SECRETARIA DE SALUD,Gobernación del Valle,Contexto,30000000
2026-08-14 13:57:44,procesos,CO1.REQ.10838643,2026-08-12,SANTIAGO DE CALI DISTRITO ESPECIAL - SECRETARIA DEL DEPORTE Y LA RECREACIÓN,Alcaldía de Cali,Contexto,7102000
2026-08-14 13:57:44,procesos,CO1.REQ.10684480,2026-08-12,SANTIAGO DE CALI  DISTRITO ESPECIAL - SECRETARIA DE CULTURA,Alcaldía de Cali,Contexto,8376000
2026-08-14 13:57:44,procesos,CO1.REQ.10820705,2026-08-12,GOBERNACIÓN VALLE DEL CAUCA -SECRETARIA DE SALUD,Gobernación del Valle,Contexto,20000000
2026-08-14 13:57:44,procesos,CO1.REQ.10840134,2026-08-12,DEPARTAMENTO DEL VALLE DEL CAUCA - SECRETARIA DE TURISMO,Gobernación del Valle,Contexto,4000000
2026-08-14 13:57:44,procesos,CO1.REQ.10838615,2026-08-12,SANTIAGO DE CALI DISTRITO ESPECIAL - SECRETARIA DEL DEPORTE Y LA RECREACIÓN,Alcaldía de Cali,Contexto,9084000
2026-08-14 13:57:44,procesos,CO1.REQ.10820345,2026-08-12,GOBERNACIÓN VALLE DEL CAUCA -SECRETARIA DE SALUD,Gobernación del Valle,Contexto,20000000
2026-08-14 13:57:44,procesos,CO1.REQ.10838074,2026-08-12,SANTIAGO DE CALI DISTRITO ESPECIAL - SECRETARIA DEL DEPORTE Y LA RECREACIÓN,Alcaldía de Cali,Contexto,8436000
2026-08-14 13:57:44,procesos,CO1.REQ.10838147,2026-08-12,SANTIAGO DE CALI DISTRITO ESPECIAL - SECRETARIA DEL DEPORTE Y LA RECREACIÓN,Alcaldía de Cali,Contexto,14072000
2026-08-14 13:57:44,procesos,CO1.REQ.10820708,2026-08-12,GOBERNACIÓN VALLE DEL CAUCA -SECRETARIA DE SALUD,Gobernación del Valle,Contexto,15000000
2026-08-14 13:57:44,procesos,CO1.REQ.10809547,2026-08-12,SANTIAGO DE CALI DISTRITO ESPECIAL - SECRETARIA DE DESARROLLO ECONOMICO,Alcaldía de Cali,Contexto,10653000
2026-08-14 13:57:44,procesos,CO1.REQ.10839342,2026-08-12,DEPARTAMENTO ADMINISTRATIVO DE GESTION DEL MEDIO AMBIENTE DAGMA,Alcaldía de Cali,Contexto,6510000
2026-08-14 13:57:44,procesos,CO1.REQ.10820541,2026-08-12,GOBERNACIÓN VALLE DEL CAUCA -SECRETARIA DE SALUD,Gobernación del Valle,Contexto,12500000
2026-08-14 13:57:44,procesos,CO1.REQ.10820523,2026-08-12,SANTIAGO DE CALI DISTRITO ESPECIAL - SECRETARIA DEL DEPORTE Y LA RECREACIÓN,Alcaldía de Cali,Contexto,22336000
2026-08-14 13:57:44,procesos,CO1.REQ.10820661,2026-08-12,GOBERNACIÓN VALLE DEL CAUCA -SECRETARIA DE SALUD,Gobernación del Valle,Contexto,17500000
2026-08-14 13:57:44,procesos,CO1.REQ.10820427,2026-08-12,SANTIAGO DE CALI DISTRITO ESPECIAL - SECRETARIA DEL DEPORTE Y LA RECREACIÓN,Alcaldía de Cali,Contexto,9084000
2026-08-14 13:57:44,procesos,CO1.REQ.10820014,2026-08-12,SANTIAGO DE CALI DISTRITO ESPECIAL - SECRETARIA DE BIENESTAR SOCIAL,Alcaldía de Cali,Contexto,23478000
2026-08-14 13:57:44,procesos,CO1.REQ.10837374,2026-08-12,SECRETARIA DE EDUCACION DE CALI,Alcaldía de Cali,Contexto,28144000
2026-08-14 13:57:44,procesos,CO1.REQ.10840450,2026-08-12,SANTIAGO DE CALI DISTRITO ESPECIAL - SECRETARIA DE SEGURIDAD Y JUSTICIA,Alcaldía de Cali,Contexto,11168000
2026-08-14 13:57:44,procesos,CO1.REQ.10838080,2026-08-12,SANTIAGO DE CALI DISTRITO ESPECIAL - SECRETARIA DEL DEPORTE Y LA RECREACIÓN,Alcaldía de Cali,Contexto,18168000
2026-08-14 13:57:44,procesos,CO1.REQ.10836380,2026-08-12,SANTIAGO DE CALI DISTRITO ESPECIAL - SECRETARIA DE DESARROLLO ECONOMICO,Alcaldía de Cali,Contexto,1420354601
2026-08-14 13:57:44,procesos,CO1.REQ.10840340,2026-08-12,DEPARTAMENTO DEL VALLE DEL CAUCA - SECRETARIA DE TURISMO,Gobernación del Valle,Contexto,6000000
2026-08-14 13:57:44,procesos,CO1.REQ.10820607,2026-08-12,SANTIAGO DE CALI DISTRITO ESPECIAL - SECRETARIA DEL DEPORTE Y LA RECREACIÓN,Alcaldía de Cali,Contexto,7102000
2026-08-14 13:57:44,procesos,CO1.REQ.10840349,2026-08-12,DEPARTAMENTO DEL VALLE DEL CAUCA - SECRETARIA DE TURISMO,Gobernación del Valle,Contexto,7700000
2026-08-14 13:57:44,procesos,CO1.REQ.10831285,2026-08-12,UAEPA2,Alcaldía de Cali,Contexto,5584000
2026-08-14 13:57:44,procesos,CO1.REQ.10686863,2026-08-12,SANTIAGO DE CALI DISTRITO ESPECIAL - SECRETARIA DE DESARROLLO ECONOMICO,Alcaldía de Cali,Contexto,10653000
2026-08-14 13:57:44,procesos,CO1.REQ.10840162,2026-08-12,UNIDAD CENTRAL DEL VALLE DEL CAUCA,Otras entidades del Valle,Contexto,8000000
2026-08-14 13:57:44,procesos,CO1.REQ.10841297,2026-08-12,HOSPITAL HENRY VALENCIA OROZCO EMPRESA SOCIAL DEL ESTADO,Otras entidades del Valle,Contexto,31430
2026-08-14 13:57:44,procesos,CO1.REQ.10816383,2026-08-12,ALCALDIA DISTRITAL DE BUENAVENTURA-VALLE,Otras entidades del Valle,Contexto,18565750
2026-08-14 13:57:44,procesos,CO1.REQ.10839223,2026-08-12,HOSPITAL RAUL OREJUELA BUENO,Otras entidades del Valle,Contexto,4300000
2026-08-14 13:57:44,procesos,CO1.REQ.10808112,2026-08-12,ALCALDIA MUNICIPAL DE YOTOCO,Otras entidades del Valle,Contexto,16350000
2026-08-14 13:57:44,procesos,CO1.REQ.10839551,2026-08-12,ALCALDÍA MUNICIPIO DE PALMIRA,Otras entidades del Valle,Contexto,14000000
2026-08-14 13:57:44,procesos,CO1.REQ.10838411,2026-08-12,MUNICIPIO DE FLORIDA,Otras entidades del Valle,Contexto,8800000
2026-08-14 13:57:44,procesos,CO1.REQ.10816969,2026-08-12,ALCALDIA DISTRITAL DE BUENAVENTURA-VALLE,Otras entidades del Valle,Contexto,21218000
2026-08-14 13:57:44,procesos,CO1.REQ.10811252,2026-08-12,ALCALDIA DISTRITAL DE BUENAVENTURA-VALLE,Otras entidades del Valle,Contexto,8487200
2026-08-14 13:57:44,procesos,CO1.REQ.10839254,2026-08-12,EMPRESAS MUNICIPALES DE TULUA E.S.P.,Otras entidades del Valle,Contexto,78000000
2026-08-14 13:57:44,procesos,CO1.REQ.10840547,2026-08-12,ALCALDÍA MUNICIPIO DE PALMIRA,Otras entidades del Valle,Contexto,10000000
2026-08-14 13:57:44,procesos,CO1.REQ.10838609,2026-08-12,MUNICIPIO DE OBANDO VALLE,Otras entidades del Valle,Contexto,11500000
2026-08-14 13:57:44,procesos,CO1.REQ.10819232,2026-08-12,ALCALDIA MUNICIPAL DE YOTOCO,Otras entidades del Valle,Contexto,10399500
2026-08-14 13:57:44,procesos,CO1.REQ.10844945,2026-08-12,MUNICIPIO DE CARTAGO,Otras entidades del Valle,Contexto,210000000
2026-08-14 13:57:44,procesos,CO1.REQ.10838988,2026-08-12,EMPRESA SOCIAL DEL ESTADO HOSPITAL BENJAMIN BARNEY GASCA,Otras entidades del Valle,Contexto,2240000
2026-08-14 13:57:44,procesos,CO1.REQ.10815912,2026-08-12,ALCALDIA DISTRITAL DE BUENAVENTURA-VALLE,Otras entidades del Valle,Contexto,18565750
2026-08-14 13:57:44,procesos,CO1.REQ.10838327,2026-08-12,PERSONERIA EL CERRITO VALLE,Otras entidades del Valle,Contexto,2500000
2026-08-14 13:57:44,procesos,CO1.REQ.10810447,2026-08-12,ALCALDIA MUNICIPAL DE YOTOCO,Otras entidades del Valle,Contexto,9200000
2026-08-14 13:57:44,procesos,CO1.REQ.10840550,2026-08-12,MUNICIPIO DE YUMBO VALLE,Otras entidades del Valle,Contexto,16400000
2026-08-14 13:57:44,procesos,CO1.REQ.10817154,2026-08-12,ALCALDIA DISTRITAL DE BUENAVENTURA-VALLE,Otras entidades del Valle,Contexto,10609000
2026-08-14 13:57:44,procesos,CO1.REQ.10817720,2026-08-12,ALCALDIA DISTRITAL DE BUENAVENTURA-VALLE,Otras entidades del Valle,Contexto,13261250
2026-08-14 13:57:44,procesos,CO1.REQ.10839905,2026-08-12,HOSPITAL RAUL OREJUELA BUENO,Otras entidades del Valle,Contexto,7000000
2026-08-14 13:57:44,procesos,CO1.REQ.10839057,2026-08-12,UNIVERSIDAD DEL VALLE,Otras entidades del Valle,Contexto,22113040
2026-08-14 13:57:44,procesos,CO1.REQ.10810592,2026-08-12,ALCALDIA DISTRITAL DE BUENAVENTURA-VALLE,Otras entidades del Valle,Contexto,31561775
2026-08-14 13:57:44,procesos,CO1.REQ.10817232,2026-08-12,ALCALDIA DISTRITAL DE BUENAVENTURA-VALLE,Otras entidades del Valle,Contexto,10609000
2026-08-14 13:57:44,procesos,CO1.REQ.10811621,2026-08-12,ALCALDIA MUNICIPAL DE YOTOCO,Otras entidades del Valle,Contexto,13625000
2026-08-14 13:57:44,procesos,CO1.REQ.10789498,2026-08-12,MUNICIPIO DE ZARZAL,Otras entidades del Valle,Contexto,130203588
2026-08-14 13:57:44,procesos,CO1.REQ.10840521,2026-08-12,ALCALDÍA MUNICIPIO DE PALMIRA,Otras entidades del Valle,Contexto,14000000
2026-08-14 13:57:44,procesos,CO1.REQ.10838049,2026-08-12,MUNICIPIO DE YUMBO VALLE,Otras entidades del Valle,Contexto,16400000
2026-08-14 13:57:44,procesos,CO1.REQ.10819823,2026-08-12,HOSPITAL MUNICIPAL LUIS ABLANQUE DE LA PLATA EMPRESA SOCIAL DEL ESTADO,Otras entidades del Valle,Contexto,114512148
2026-08-14 13:57:44,procesos,CO1.REQ.10839957,2026-08-12,MUNICIPIO DE CALIMA EL DARIEN VALLE,Otras entidades del Valle,Contexto,10083330
2026-08-14 13:57:44,procesos,CO1.REQ.10838767,2026-08-12,UNIAJC,Otras entidades del Valle,Contexto,583574725
2026-08-14 13:57:44,procesos,CO1.REQ.10817249,2026-08-12,ALCALDIA DISTRITAL DE BUENAVENTURA-VALLE,Otras entidades del Valle,Contexto,21218000
2026-08-14 13:57:44,procesos,CO1.REQ.10813204,2026-08-12,ALCALDIA DISTRITAL DE BUENAVENTURA-VALLE,Otras entidades del Valle,Contexto,14852600
2026-08-14 13:57:44,procesos,CO1.REQ.10839003,2026-08-12,EMPRESA SOCIAL DEL ESTADO HOSPITAL BENJAMIN BARNEY GASCA,Otras entidades del Valle,Contexto,2240000
2026-08-14 13:57:44,procesos,CO1.REQ.10840230,2026-08-12,MUNICIPIO DE CALIMA EL DARIEN VALLE,Otras entidades del Valle,Contexto,9166665
2026-08-14 13:57:44,procesos,CO1.REQ.10838119,2026-08-12,ALCALDIA MUNICIPIO DE JAMUNDI,Otras entidades del Valle,Contexto,27000000
2026-08-14 13:57:44,procesos,CO1.REQ.10833355,2026-08-12,MUNICIPIO DE YUMBO VALLE,Otras entidades del Valle,Contexto,8000000
2026-08-14 13:57:44,procesos,CO1.REQ.10839268,2026-08-12,HOSPITAL RAUL OREJUELA BUENO,Otras entidades del Valle,Contexto,4500000
2026-08-14 13:57:44,procesos,CO1.REQ.10818879,2026-08-12,ALCALDIA MUNICIPAL DE YOTOCO,Otras entidades del Valle,Contexto,10399500
2026-08-14 13:57:44,procesos,CO1.REQ.10816141,2026-08-12,ALCALDIA DISTRITAL DE BUENAVENTURA-VALLE,Otras entidades del Valle,Contexto,10609000
2026-08-14 13:57:44,procesos,CO1.REQ.10810616,2026-08-12,ALCALDIA DISTRITAL DE BUENAVENTURA-VALLE,Otras entidades del Valle,Contexto,13261250
2026-08-14 13:57:44,procesos,CO1.REQ.10815187,2026-08-12,ALCALDIA DISTRITAL DE BUENAVENTURA-VALLE,Otras entidades del Valle,Contexto,13261250
2026-08-14 13:57:44,procesos,CO1.REQ.10838562,2026-08-12,EMPRESA SOCIAL DEL ESTADO HOSPITAL BENJAMIN BARNEY GASCA,Otras entidades del Valle,Contexto,2240000
2026-08-14 13:57:44,procesos,CO1.REQ.10840204,2026-08-12,ALCALDÍA MUNICIPIO DE PALMIRA,Otras entidades del Valle,Contexto,14000000
2026-08-14 13:57:44,procesos,CO1.REQ.10839546,2026-08-12,CVC,Otras entidades del Valle,Contexto,13950000
2026-08-14 13:57:44,procesos,CO1.REQ.10819703,2026-08-12,HOSPITAL MUNICIPAL LUIS ABLANQUE DE LA PLATA EMPRESA SOCIAL DEL ESTADO,Otras entidades del Valle,Contexto,53895000
2026-08-14 13:57:44,procesos,CO1.REQ.10839039,2026-08-12,HOSPITAL RAUL OREJUELA BUENO,Otras entidades del Valle,Contexto,5000000
2026-08-14 13:57:44,procesos,CO1.REQ.10834085,2026-08-12,METRO CALI S.A ACUERDO DE REESTRUCTURACION,Otras entidades del Valle,Contexto,29260000
2026-08-14 13:57:44,procesos,CO1.REQ.10839776,2026-08-12,ALCALDIA DISTRITAL DE BUENAVENTURA-VALLE,Otras entidades del Valle,Contexto,18565750
2026-08-14 13:57:44,procesos,CO1.REQ.10839455,2026-08-12,HOSPITAL SAN RAFAEL EL CERRITO,Otras entidades del Valle,Contexto,9017058
2026-08-14 13:57:44,procesos,CO1.REQ.10840220,2026-08-12,EMPRESAS MUNICIPALES DE TULUA E.S.P.,Otras entidades del Valle,Contexto,8666666
2026-08-14 13:57:44,procesos,CO1.REQ.10839559,2026-08-12,ALCALDIA MUNICIPAL DE SAN PEDRO VALLE DEL CAUCA,Otras entidades del Valle,Contexto,24000000
2026-08-14 13:57:44,procesos,CO1.REQ.10838963,2026-08-12,HOSPITAL RAUL OREJUELA BUENO,Otras entidades del Valle,Contexto,6000000
2026-08-14 13:57:44,procesos,CO1.REQ.10840149,2026-08-12,MUNICIPIO DE FLORIDA,Otras entidades del Valle,Contexto,10000000
2026-08-14 13:57:44,procesos,CO1.REQ.10833089,2026-08-12,ALCALDIA DISTRITAL DE BUENAVENTURA-VALLE,Otras entidades del Valle,Contexto,10609000
2026-08-14 13:57:44,procesos,CO1.REQ.10840095,2026-08-12,MUNICIPIO DE YUMBO VALLE,Otras entidades del Valle,Contexto,8800000
2026-08-14 13:57:44,procesos,CO1.REQ.10839078,2026-08-12,HOSPITAL RAUL OREJUELA BUENO,Otras entidades del Valle,Contexto,2900000
2026-08-14 13:57:44,procesos,CO1.REQ.10838044,2026-08-12,ALCALDIA MUNICIPIO DE JAMUNDI,Otras entidades del Valle,Contexto,30000000
2026-08-14 13:57:44,procesos,CO1.REQ.10809635,2026-08-12,ALCALDIA MUNICIPAL DE YOTOCO,Otras entidades del Valle,Contexto,9200000
2026-08-14 13:57:44,procesos,CO1.REQ.10834131,2026-08-12,ALCALDIA MUNICIPIO DE JAMUNDI,Otras entidades del Valle,Contexto,15000000
2026-08-14 13:57:44,procesos,CO1.REQ.10840253,2026-08-12,MUNICIPIO DE CALIMA EL DARIEN VALLE,Otras entidades del Valle,Contexto,9166665
2026-08-14 13:57:44,procesos,CO1.REQ.10840343,2026-08-12,HOSPITAL RAUL OREJUELA BUENO,Otras entidades del Valle,Contexto,5000000
2026-08-14 13:57:44,procesos,CO1.REQ.10839799,2026-08-12,HOSPITAL RAUL OREJUELA BUENO,Otras entidades del Valle,Contexto,3000000
2026-08-14 13:57:44,procesos,CO1.REQ.10817239,2026-08-12,ALCALDIA DISTRITAL DE BUENAVENTURA-VALLE,Otras entidades del Valle,Contexto,10609000
2026-08-14 13:57:44,procesos,CO1.REQ.10837613,2026-08-12,ALCALDIA DISTRITAL DE BUENAVENTURA-VALLE,Otras entidades del Valle,Contexto,6090390
2026-08-14 13:57:44,procesos,CO1.REQ.10840332,2026-08-12,CVC,Otras entidades del Valle,Contexto,13950000
2026-08-14 13:57:44,procesos,CO1.REQ.10839669,2026-08-12,ALCALDÍA MUNICIPIO DE PALMIRA,Otras entidades del Valle,Contexto,10000000
2026-08-14 13:57:44,procesos,CO1.REQ.10839083,2026-08-12,EMPRESA SOCIAL DEL ESTADO HOSPITAL BENJAMIN BARNEY GASCA,Otras entidades del Valle,Contexto,2387000
2026-08-14 13:57:44,procesos,CO1.REQ.10839872,2026-08-12,RED DE SALUD DEL SURORIENTE EMPRESA SOCIAL DEL ESTADO,Otras entidades del Valle,Contexto,43120056
2026-08-14 13:57:44,procesos,CO1.REQ.10840276,2026-08-12,MUNICIPIO DE CALIMA EL DARIEN VALLE,Otras entidades del Valle,Contexto,9166665
2026-08-14 13:57:44,procesos,CO1.REQ.10839510,2026-08-12,INSTITUCION EDUCATIVA SAN JUAN BAUTISTA DE LA SALLE-CALI,Otras entidades del Valle,Contexto,10000000
2026-08-14 13:57:44,procesos,CO1.REQ.10838881,2026-08-12,DIMAR - GRUPO INTENDENCIA REGIONAL PACIFICO,Otras entidades del Valle,Contexto,14265000
2026-08-14 13:57:44,procesos,CO1.REQ.10814268,2026-08-12,ALCALDIA DISTRITAL DE BUENAVENTURA-VALLE,Otras entidades del Valle,Contexto,8487200
2026-08-14 13:57:44,procesos,CO1.REQ.10818952,2026-08-12,ALCALDIA MUNICIPIO DE JAMUNDI,Otras entidades del Valle,Contexto,21000000
2026-08-14 13:57:44,procesos,CO1.REQ.10820029,2026-08-12,HOSPITAL MUNICIPAL LUIS ABLANQUE DE LA PLATA EMPRESA SOCIAL DEL ESTADO,Otras entidades del Valle,Contexto,20190240
2026-08-14 13:57:44,procesos,CO1.REQ.10806936,2026-08-12,ALCALDIA DISTRITAL DE BUENAVENTURA-VALLE,Otras entidades del Valle,Contexto,18565750
2026-08-14 13:57:44,procesos,CO1.REQ.10836050,2026-08-12,UNIAJC,Otras entidades del Valle,Contexto,1347000000
2026-08-14 13:57:44,procesos,CO1.REQ.10839058,2026-08-12,MUNICIPIO DE FLORIDA,Otras entidades del Valle,Contexto,9000000
2026-08-14 13:57:44,procesos,CO1.REQ.10838238,2026-08-12,MUNICIPIO DE FLORIDA,Otras entidades del Valle,Contexto,9000000
2026-08-14 13:57:44,procesos,CO1.REQ.10840112,2026-08-12,CVC,Otras entidades del Valle,Contexto,13950000
2026-08-14 13:57:44,procesos,CO1.REQ.10816315,2026-08-12,ALCALDIA DISTRITAL DE BUENAVENTURA-VALLE,Otras entidades del Valle,Contexto,18565750
2026-08-14 13:57:44,procesos,CO1.REQ.10839807,2026-08-12,MUNICIPIO DE FLORIDA,Otras entidades del Valle,Contexto,10000000
2026-08-14 13:57:44,procesos,CO1.REQ.10811097,2026-08-12,ALCALDIA DISTRITAL DE BUENAVENTURA-VALLE,Otras entidades del Valle,Contexto,8487200
2026-08-14 13:57:44,procesos,CO1.REQ.10815945,2026-08-12,ALCALDIA DISTRITAL DE BUENAVENTURA-VALLE,Otras entidades del Valle,Contexto,10609000
2026-08-14 13:57:44,procesos,CO1.REQ.10819874,2026-08-13,HOSPITAL MUNICIPAL LUIS ABLANQUE DE LA PLATA EMPRESA SOCIAL DEL ESTADO,Otras entidades del Valle,Contexto,19356974
2026-08-14 13:57:44,procesos,CO1.REQ.10836560,2026-08-12,ALCALDIA DISTRITAL DE BUENAVENTURA-VALLE,Otras entidades del Valle,Contexto,7426300
2026-08-14 13:57:44,procesos,CO1.REQ.10839990,2026-08-12,ALCALDIA DISTRITAL DE BUENAVENTURA-VALLE,Otras entidades del Valle,Contexto,18565750
2026-08-14 13:57:44,procesos,CO1.REQ.10817207,2026-08-12,ALCALDIA DISTRITAL DE BUENAVENTURA-VALLE,Otras entidades del Valle,Contexto,26522500
2026-08-14 13:57:44,procesos,CO1.REQ.10807067,2026-08-12,ALCALDIA DISTRITAL DE BUENAVENTURA-VALLE,Otras entidades del Valle,Contexto,18565750
2026-08-14 13:57:44,procesos,CO1.REQ.10838198,2026-08-12,INSTITUTO DEPARTAMENTAL DE BELLAS ARTES,Otras entidades del Valle,Contexto,29353333
2026-08-14 13:57:44,procesos,CO1.REQ.10835400,2026-08-12,CVC,Otras entidades del Valle,Contexto,13950000
2026-08-14 13:57:44,procesos,CO1.REQ.10816567,2026-08-12,ALCALDIA DISTRITAL DE BUENAVENTURA-VALLE,Otras entidades del Valle,Contexto,18565750
2026-08-14 13:57:44,procesos,CO1.REQ.10836023,2026-08-12,ALCALDIA DISTRITAL DE BUENAVENTURA-VALLE,Otras entidades del Valle,Contexto,21218000
2026-08-14 13:57:44,procesos,CO1.REQ.10838184,2026-08-12,MUNICIPIO DE YUMBO VALLE,Otras entidades del Valle,Contexto,8000000
2026-08-14 13:57:44,procesos,CO1.REQ.10838721,2026-08-12,CVC,Otras entidades del Valle,Contexto,13950000
2026-08-14 13:57:44,procesos,CO1.REQ.10833044,2026-08-12,UNIAJC,Otras entidades del Valle,Contexto,6959420000
2026-08-14 13:57:44,procesos,CO1.REQ.10810394,2026-08-12,ALCALDIA DISTRITAL DE BUENAVENTURA-VALLE,Otras entidades del Valle,Contexto,18565750
2026-08-14 13:57:44,procesos,CO1.REQ.10817273,2026-08-12,ALCALDIA DISTRITAL DE BUENAVENTURA-VALLE,Otras entidades del Valle,Contexto,18565750
2026-08-14 13:57:44,procesos,CO1.REQ.10837730,2026-08-12,ALCALDIA DISTRITAL DE BUENAVENTURA-VALLE,Otras entidades del Valle,Contexto,6365400
2026-08-14 13:57:44,procesos,CO1.REQ.10834246,2026-08-12,SOCIEDAD DE ACUEDUCTOS Y ALCANTARILLADOS DEL VALLE DEL CAUCA S.A. - E.S.P.,Otras entidades del Valle,Contexto,214992439
2026-08-14 13:57:44,procesos,CO1.REQ.10818477,2026-08-12,ALCALDIA MUNICIPAL DE YOTOCO,Otras entidades del Valle,Contexto,10399500
2026-08-14 13:57:44,procesos,CO1.REQ.10838264,2026-08-12,Concejo Munnicipal de Yotoco,Otras entidades del Valle,Contexto,8000000
2026-08-14 13:57:44,procesos,CO1.REQ.10838783,2026-08-12,MUNICIPIO DE FLORIDA,Otras entidades del Valle,Contexto,8000000
2026-08-14 13:57:44,procesos,CO1.REQ.10838549,2026-08-12,SOCIEDAD DE ACUEDUCTOS Y ALCANTARILLADOS DEL VALLE DEL CAUCA S.A. - E.S.P.,Otras entidades del Valle,Contexto,159907972
2026-08-14 13:57:44,procesos,CO1.REQ.10845335,2026-08-12,UNIVERSIDAD DEL VALLE,Otras entidades del Valle,Contexto,7000000
2026-08-14 13:57:44,procesos,CO1.REQ.10817257,2026-08-12,ALCALDIA DISTRITAL DE BUENAVENTURA-VALLE,Otras entidades del Valle,Contexto,18565750
2026-08-14 13:57:44,procesos,CO1.REQ.10839871,2026-08-12,ALCALDÍA MUNICIPIO DE PALMIRA,Otras entidades del Valle,Contexto,12000000
2026-08-14 13:57:44,procesos,CO1.REQ.10816882,2026-08-12,ALCALDIA DISTRITAL DE BUENAVENTURA-VALLE,Otras entidades del Valle,Contexto,10609000
2026-08-14 13:57:44,procesos,CO1.REQ.10839241,2026-08-12,EMPRESA SOCIAL DEL ESTADO HOSPITAL BENJAMIN BARNEY GASCA,Otras entidades del Valle,Contexto,4000000
2026-08-14 13:57:44,procesos,CO1.REQ.10840154,2026-08-12,HOSPITAL RAUL OREJUELA BUENO,Otras entidades del Valle,Contexto,5000000
2026-08-14 13:57:44,procesos,CO1.REQ.10838094,2026-08-12,PERSONERIA EL CERRITO VALLE,Otras entidades del Valle,Contexto,4600000
2026-08-14 13:57:44,procesos,CO1.REQ.10792545,2026-08-12,HIDC,Otras entidades del Valle,Contexto,17395670
2026-08-14 13:57:44,procesos,CO1.REQ.10817189,2026-08-12,ALCALDIA DISTRITAL DE BUENAVENTURA-VALLE,Otras entidades del Valle,Contexto,13261250
2026-08-14 13:57:44,procesos,CO1.REQ.10817355,2026-08-12,ALCALDIA DISTRITAL DE BUENAVENTURA-VALLE,Otras entidades del Valle,Contexto,10609000
2026-08-14 13:57:44,procesos,CO1.REQ.10838633,2026-08-12,MUNICIPIO DE FLORIDA,Otras entidades del Valle,Contexto,10000000
2026-08-14 13:57:44,procesos,CO1.REQ.10817021,2026-08-12,ALCALDIA DISTRITAL DE BUENAVENTURA-VALLE,Otras entidades del Valle,Contexto,18565750
2026-08-14 13:57:44,procesos,CO1.REQ.10839531,2026-08-12,ALCALDIA MUNICIPIO DE JAMUNDI,Otras entidades del Valle,Contexto,22800000
2026-08-14 13:57:44,procesos,CO1.REQ.10816558,2026-08-12,ALCALDIA DISTRITAL DE BUENAVENTURA-VALLE,Otras entidades del Valle,Contexto,21218000
2026-08-14 13:57:44,procesos,CO1.REQ.10810642,2026-08-12,ALCALDIA DISTRITAL DE BUENAVENTURA-VALLE,Otras entidades del Valle,Contexto,13261250
2026-08-14 13:57:44,procesos,CO1.REQ.10838278,2026-08-12,MUNICIPIO DE PUERTO TEJADA,Fuera del Valle,Contexto,391962222
2026-08-14 13:57:44,procesos,CO1.REQ.10839227,2026-08-12,INSTITUTO DE INVESTIGACION DE RECURSOS BIOLOGICOS ALEXANDER VON HUMBOLDT,Fuera del Valle,Contexto,20315000
2026-08-14 13:57:44,procesos,CO1.REQ.10840024,2026-08-12,AGENCIA PARA LA INFRAESTRUCTURA DEL META,Fuera del Valle,Otra urgencia,18553976646
2026-08-14 13:57:44,procesos,CO1.REQ.10839413,2026-08-12,ALCALDIA MUNICIPIO DE BOSCONIA,Fuera del Valle,Contexto,316133336
2026-08-14 13:57:44,procesos,CO1.REQ.10838034,2026-08-12,INSTITUCIÓN EDUCATIVA DEPARTAMENTAL RURAL SILVIA COTES DE BISWELL,Fuera del Valle,Otra urgencia,995000
2026-08-14 13:57:44,procesos,CO1.REQ.10835173,2026-08-12,CAJA DE LA VIVIENDA POPULAR//,Fuera del Valle,Contexto,25566667
2026-08-14 13:57:44,secop1,26-4-14773831-13698695,2026-08-10,VALLE DEL CAUCA - CÁMARA DE COMERCIO DE PALMIRA,Otras entidades del Valle,Contexto,103384100
2026-08-14 13:57:44,secop1,26-12-14773349,2026-08-13,VALLE DEL CAUCA - ALCALDÍA MUNICIPIO DE EL CAIRO,Otras entidades del Valle,Alta,0
2026-08-14 13:57:44,secop1,26-12-14773130-13697910,2026-08-06,VALLE DEL CAUCA - ALCALDÍA MUNICIPIO DE EL ÁGUILA,Otras entidades del Valle,Contexto,18000000
2026-08-14 13:57:44,secop1,26-4-14773722-13698638,2026-08-11,VALLE DEL CAUCA - CAMARA DE COMERCIO DE CARTAGO,Otras entidades del Valle,Contexto,11200000
2026-08-14 13:57:44,secop1,26-12-14772512-13697761,2026-08-13,UNIDAD TÉCNICA PARA EL DESARROLLO PROFESIONAL - UTEDÉ,Otras entidades del Valle,Contexto,114000000
2026-08-14 13:57:44,secop1,26-13-14762060-13698152,2026-08-10,VALLE DEL CAUCA - ALCALDÍA MUNICIPIO DE BOLÍVAR,Otras entidades del Valle,Contexto,49018466
2026-08-14 13:57:44,secop1,26-12-14772819-13697548,2026-08-06,MAGDALENA - ALCALDÍA MUNICIPIO DE ARIGUANÍ,Fuera del Valle,Contexto,70000000
2026-08-14 13:57:44,secop1,26-12-14773776,2026-08-13,ANTIOQUIA - ALCALDÍA MUNICIPIO DE ARBOLETES,Fuera del Valle,Otra urgencia,0
2026-08-14 13:57:44,secop1,26-12-14773730,2026-08-13,ANTIOQUIA - ALCALDÍA MUNICIPIO DE ARBOLETES,Fuera del Valle,Otra urgencia,0
2026-08-14 13:57:44,secop1,26-12-14773799,2026-08-13,ANTIOQUIA - ALCALDÍA MUNICIPIO DE ARBOLETES,Fuera del Valle,Otra urgencia,0
2026-08-14 13:57:44,secop1,26-12-14773191-13697970,2026-08-11,BOYACÁ - ALCALDÍA MUNICIPIO DE PÁEZ,Fuera del Valle,Contexto,29391215
2026-08-14 13:57:44,secop1,26-12-14769698-13698796,2026-08-03,CAUCA - ALCALDÍA MUNICIPIO DE GUAPI,Fuera del Valle,Contexto,171999994
2026-08-14 13:57:44,secop1,26-12-14773295-13698110,2026-07-08,NARIÑO - ALCALDÍA MUNICIPIO DE LEIVA,Fuera del Valle,Contexto,35000000
2026-08-15 11:25:34,contratos,CO1.PCCNTR.9807923,2026-08-13,GOBERNACION DEL VALLE DEL CAUCA - DADI,Gobernación del Valle,Contexto,6000000
2026-08-15 11:25:34,contratos,CO1.PCCNTR.9807040,2026-08-13,DEPARTAMENTO DEL VALLE DEL CAUCA - OFICINA PARA LA TRANSPARENCIA DE LA GESTIÓN PÚBLICA,Gobernación del Valle,Contexto,6000000
2026-08-15 11:25:34,contratos,CO1.PCCNTR.9798296,2026-08-12,SANTIAGO DE CALI DISTRITO ESPECIAL - SECRETARIA DEL DEPORTE Y LA RECREACIÓN,Alcaldía de Cali,Contexto,11168000
2026-08-15 11:25:34,contratos,CO1.PCCNTR.9669822,2026-08-12,SANTIAGO DE CALI DISTRITO ESPECIAL - UNIDAD ADMINISTRATIVA ESPECIAL DE SERVICIOS PUBLICOS,Alcaldía de Cali,Contexto,354103255
2026-08-15 11:25:34,contratos,CO1.PCCNTR.9775497,2026-08-13,GOBERNACIÓN VALLE DEL CAUCA -SECRETARIA DE SALUD,Gobernación del Valle,Contexto,25000000
2026-08-15 11:25:34,contratos,CO1.PCCNTR.9810138,2026-08-13,SANTIAGO DE CALI DISTRITO ESPECIAL - SECRETARIA DE VIVIENDA SOCIAL Y HABITAT,Alcaldía de Cali,Contexto,9610000
2026-08-15 11:25:34,contratos,CO1.PCCNTR.9798103,2026-08-12,GOBERNACIÓN VALLE DEL CAUCA -SECRETARIA DE SALUD,Gobernación del Valle,Contexto,17500000
2026-08-15 11:25:34,contratos,CO1.PCCNTR.9787404,2026-08-13,SANTIAGO DE CALI DISTRITO ESPECIAL - SECRETARÍA DE PAZ Y CULTURA CIUDADANA,Alcaldía de Cali,Contexto,5584000
2026-08-15 11:25:34,contratos,CO1.PCCNTR.9800767,2026-08-12,SANTIAGO DE CALI DISTRITO ESPECIAL - UNIDAD ADMINISTRATIVA ESPECIAL DE SERVICIOS PUBLICOS,Alcaldía de Cali,Contexto,5584000
2026-08-15 11:25:34,contratos,CO1.PCCNTR.9799192,2026-08-12,DEPARTAMENTO DEL VALLE DEL CAUCA - SECRETARIA DE TURISMO,Gobernación del Valle,Contexto,4000000
2026-08-15 11:25:34,contratos,CO1.PCCNTR.9786524,2026-08-12,SANTIAGO DE CALI DISTRITO ESPECIAL - SECRETARIA DE BIENESTAR SOCIAL,Alcaldía de Cali,Contexto,6510000
2026-08-15 11:25:34,contratos,CO1.PCCNTR.9800011,2026-08-12,DEPARTAMENTO DEL VALLE DEL CAUCA - SECRETARIA DE TURISMO,Gobernación del Valle,Contexto,3000000
2026-08-15 11:25:34,contratos,CO1.PCCNTR.9785429,2026-08-13,SANTIAGO DE CALI DISTRITO ESPECIAL - SECRETARIA DEL DEPORTE Y LA RECREACIÓN,Alcaldía de Cali,Contexto,4542000
2026-08-15 11:25:34,contratos,CO1.PCCNTR.9806747,2026-08-13,DEPARTAMENTO DEL VALLE DEL CAUCA - OFICINA PARA LA TRANSPARENCIA DE LA GESTIÓN PÚBLICA,Gobernación del Valle,Contexto,2500000
2026-08-15 11:25:34,contratos,CO1.PCCNTR.9785433,2026-08-13,SANTIAGO DE CALI DISTRITO ESPECIAL - SECRETARIA DEL DEPORTE Y LA RECREACIÓN,Alcaldía de Cali,Contexto,9084000
2026-08-15 11:25:34,contratos,CO1.PCCNTR.9781110,2026-08-12,SANTIAGO DE CALI DISTRITO ESPECIAL - UNIDAD ADMINISTRATIVA ESPECIAL DE SERVICIOS PUBLICOS,Alcaldía de Cali,Contexto,7102000
2026-08-15 11:25:34,contratos,CO1.PCCNTR.9784410,2026-08-12,GOBERNACIÓN VALLE DEL CAUCA -SECRETARIA DE SALUD,Gobernación del Valle,Contexto,17500000
2026-08-15 11:25:34,contratos,CO1.PCCNTR.9774565,2026-08-12,SANTIAGO DE CALI DISTRITO ESPECIAL - SECRETARIA DE SEGURIDAD Y JUSTICIA,Alcaldía de Cali,Contexto,2792000
2026-08-15 11:25:34,contratos,CO1.PCCNTR.9805294,2026-08-13,PLANEACIÓN MUNICIPAL CALI**,Alcaldía de Cali,Contexto,39130000
2026-08-15 11:25:34,contratos,CO1.PCCNTR.9792240,2026-08-12,SANTIAGO DE CALI DISTRITO ESPECIAL -DEPARTAMENTO ADMINISTRATIVO DE DESARROLLO E INNOVACION INSTITUCIONAL,Alcaldía de Cali,Contexto,10653000
2026-08-15 11:25:34,contratos,CO1.PCCNTR.9805401,2026-08-13,PLANEACIÓN MUNICIPAL CALI**,Alcaldía de Cali,Contexto,28315000
2026-08-15 11:25:34,contratos,CO1.PCCNTR.9808476,2026-08-13,GOBERNACION DEL VALLE DEL CAUCA - DADI,Gobernación del Valle,Contexto,3000000
2026-08-15 11:25:34,contratos,CO1.PCCNTR.9777598,2026-08-13,SANTIAGO DE CALI DISTRITO ESPECIAL - SECRETARÍA DE PAZ Y CULTURA CIUDADANA,Alcaldía de Cali,Contexto,15652000
2026-08-15 11:25:34,contratos,CO1.PCCNTR.9770441,2026-08-13,SANTIAGO DE CALI DISTRITO ESPECIAL - SECRETARIA DE MOVILIDAD,Alcaldía de Cali,Contexto,7102000
2026-08-15 11:25:34,contratos,CO1.PCCNTR.9777508,2026-08-13,GOBERNACIÓN VALLE DEL CAUCA -SECRETARIA DE SALUD,Gobernación del Valle,Contexto,35000000
2026-08-15 11:25:34,contratos,CO1.PCCNTR.9735852,2026-08-13,PLANEACIÓN MUNICIPAL CALI**,Alcaldía de Cali,Contexto,35180000
2026-08-15 11:25:34,contratos,CO1.PCCNTR.9809758,2026-08-14,GOBERNACIÓN VALLE DEL CAUCA -SECRETARIA DE SALUD,Gobernación del Valle,Contexto,15000000
2026-08-15 11:25:34,contratos,CO1.PCCNTR.9799462,2026-08-13,SANTIAGO DE CALI  DISTRITO ESPECIAL - SECRETARIA DE CULTURA,Alcaldía de Cali,Contexto,8376000
2026-08-15 11:25:34,contratos,CO1.PCCNTR.9798314,2026-08-12,GOBERNACIÓN VALLE DEL CAUCA -SECRETARIA DE SALUD,Gobernación del Valle,Contexto,25000000
2026-08-15 11:25:34,contratos,CO1.PCCNTR.9784194,2026-08-12,UAEPA2,Alcaldía de Cali,Media,5584000
2026-08-15 11:25:34,contratos,CO1.PCCNTR.9808153,2026-08-13,GOBERNACION DEL VALLE DEL CAUCA - DADI,Gobernación del Valle,Contexto,5000000
2026-08-15 11:25:34,contratos,CO1.PCCNTR.9799469,2026-08-12,DEPARTAMENTO DEL VALLE DEL CAUCA - SECRETARIA DE TURISMO,Gobernación del Valle,Contexto,6000000
2026-08-15 11:25:34,contratos,CO1.PCCNTR.9809604,2026-08-13,GOBERNACION DEL VALLE DEL CAUCA - DADI,Gobernación del Valle,Contexto,6500000
2026-08-15 11:25:34,contratos,CO1.PCCNTR.9798006,2026-08-12,GOBERNACIÓN VALLE DEL CAUCA -SECRETARIA DE SALUD,Gobernación del Valle,Contexto,20000000
2026-08-15 11:25:34,contratos,CO1.PCCNTR.9798801,2026-08-12,SANTIAGO DE CALI DISTRITO ESPECIAL - SECRETARIA DEL DEPORTE Y LA RECREACIÓN,Alcaldía de Cali,Contexto,11168000
2026-08-15 11:25:34,contratos,CO1.PCCNTR.9795677,2026-08-12,UAEPA2,Alcaldía de Cali,Contexto,9610000
2026-08-15 11:25:34,contratos,CO1.PCCNTR.9780767,2026-08-12,SANTIAGO DE CALI DISTRITO ESPECIAL - SECRETARIA DE SEGURIDAD Y JUSTICIA,Alcaldía de Cali,Contexto,3947000
2026-08-15 11:25:34,contratos,CO1.PCCNTR.9808860,2026-08-13,GOBERNACION DEL VALLE DEL CAUCA - DADI,Gobernación del Valle,Contexto,6000000
2026-08-15 11:25:34,contratos,CO1.PCCNTR.9810886,2026-08-14,GOBERNACIÓN VALLE DEL CAUCA -SECRETARIA DE SALUD,Gobernación del Valle,Contexto,30000000
2026-08-15 11:25:34,contratos,CO1.PCCNTR.9806722,2026-08-13,GOBERNACIÓN VALLE DEL CAUCA -SECRETARIA DE SALUD,Gobernación del Valle,Contexto,15000000
2026-08-15 11:25:34,contratos,CO1.PCCNTR.9803367,2026-08-13,SANTIAGO DE CALI DISTRITO ESPECIAL - SECRETARIA DE MOVILIDAD,Alcaldía de Cali,Contexto,5584000
2026-08-15 11:25:34,contratos,CO1.PCCNTR.9805081,2026-08-14,PLANEACIÓN MUNICIPAL CALI**,Alcaldía de Cali,Contexto,19735000
2026-08-15 11:25:34,contratos,CO1.PCCNTR.9784208,2026-08-12,SANTIAGO DE CALI DISTRITO ESPECIAL - SECRETARIA DE BIENESTAR SOCIAL,Alcaldía de Cali,Contexto,10653000
2026-08-15 11:25:34,contratos,CO1.PCCNTR.9777894,2026-08-13,SANTIAGO DE CALI DISTRITO ESPECIAL - SECRETARIA DE MOVILIDAD,Alcaldía de Cali,Contexto,9610000
2026-08-15 11:25:34,contratos,CO1.PCCNTR.9798059,2026-08-12,GOBERNACIÓN VALLE DEL CAUCA -SECRETARIA DE SALUD,Gobernación del Valle,Contexto,22500000
2026-08-15 11:25:34,contratos,CO1.PCCNTR.9780134,2026-08-13,GOBERNACIÓN VALLE DEL CAUCA -SECRETARIA DE SALUD,Gobernación del Valle,Contexto,30900000
2026-08-15 11:25:34,contratos,CO1.PCCNTR.9811810,2026-08-14,SECRETARIA DE PAZ TERRITORIAL Y RECONCILIACIÓN,Gobernación del Valle,Contexto,7700000
2026-08-15 11:25:34,contratos,CO1.PCCNTR.9808812,2026-08-13,GOBERNACION DEL VALLE DEL CAUCA - DADI,Gobernación del Valle,Contexto,4000000
2026-08-15 11:25:34,contratos,CO1.PCCNTR.9808935,2026-08-14,SANTIAGO DE CALI DISTRITO ESPECIAL - SECRETARIA DISTRITAL DE SALUD DE CALI,Alcaldía de Cali,Contexto,19220000
2026-08-15 11:25:34,contratos,CO1.PCCNTR.9785801,2026-08-12,SANTIAGO DE CALI DISTRITO ESPECIAL - SECRETARIA DE BIENESTAR SOCIAL,Alcaldía de Cali,Contexto,12494000
2026-08-15 11:25:34,contratos,CO1.PCCNTR.9722134,2026-08-13,SANTIAGO DE CALI DISTRITO ESPECIAL - SECRETARIA DE MOVILIDAD,Alcaldía de Cali,Contexto,9610000
2026-08-15 11:25:34,contratos,CO1.PCCNTR.9803016,2026-08-13,SANTIAGO DE CALI DISTRITO ESPECIAL - SECRETARIA DE MOVILIDAD,Alcaldía de Cali,Contexto,9610000
2026-08-15 11:25:34,contratos,CO1.PCCNTR.9808166,2026-08-13,GOBERNACION DEL VALLE DEL CAUCA - DADI,Gobernación del Valle,Contexto,4000000
2026-08-15 11:25:34,contratos,CO1.PCCNTR.9807259,2026-08-13,DEPARTAMENTO DEL VALLE DEL CAUCA - OFICINA PARA LA TRANSPARENCIA DE LA GESTIÓN PÚBLICA,Gobernación del Valle,Contexto,6000000
2026-08-15 11:25:34,contratos,CO1.PCCNTR.9798704,2026-08-12,SANTIAGO DE CALI DISTRITO ESPECIAL - SECRETARIA DEL DEPORTE Y LA RECREACIÓN,Alcaldía de Cali,Contexto,11326000
2026-08-15 11:25:34,contratos,CO1.PCCNTR.9806137,2026-08-13,DEPARTAMENTO DEL VALLE DEL CAUCA - OFICINA PARA LA TRANSPARENCIA DE LA GESTIÓN PÚBLICA,Gobernación del Valle,Contexto,6000000
2026-08-15 11:25:34,contratos,CO1.PCCNTR.9803917,2026-08-14,SANTIAGO DE CALI DISTRITO ESPECIAL - SECRETARIA DE BIENESTAR SOCIAL,Alcaldía de Cali,Contexto,23478000
2026-08-15 11:25:34,contratos,CO1.PCCNTR.9805234,2026-08-13,SANTIAGO DE CALI DISTRITO ESPECIAL - SECRETARIA DE GOBIERNO,Alcaldía de Cali,Contexto,10653000
2026-08-15 11:25:34,contratos,CO1.PCCNTR.9786326,2026-08-12,SANTIAGO DE CALI DISTRITO ESPECIAL - SECRETARIA DE BIENESTAR SOCIAL,Alcaldía de Cali,Contexto,8376000
2026-08-15 11:25:34,contratos,CO1.PCCNTR.9770603,2026-08-13,SANTIAGO DE CALI DISTRITO ESPECIAL - SECRETARIA DISTRITAL DE SALUD DE CALI,Alcaldía de Cali,Contexto,364371273
2026-08-15 11:25:34,contratos,CO1.PCCNTR.9806287,2026-08-13,DEPARTAMENTO DEL VALLE DEL CAUCA - OFICINA PARA LA TRANSPARENCIA DE LA GESTIÓN PÚBLICA,Gobernación del Valle,Contexto,7700000
2026-08-15 11:25:34,contratos,CO1.PCCNTR.9785021,2026-08-13,GOBERNACIÓN VALLE DEL CAUCA -SECRETARIA DE SALUD,Gobernación del Valle,Contexto,15000000
2026-08-15 11:25:34,contratos,CO1.PCCNTR.9808827,2026-08-14,GOBERNACIÓN VALLE DEL CAUCA -SECRETARIA DE SALUD,Gobernación del Valle,Contexto,20600000
2026-08-15 11:25:34,contratos,CO1.PCCNTR.9804907,2026-08-14,PLANEACIÓN MUNICIPAL CALI**,Alcaldía de Cali,Contexto,31235000
2026-08-15 11:25:34,contratos,CO1.PCCNTR.9803249,2026-08-13,PLANEACIÓN MUNICIPAL CALI**,Alcaldía de Cali,Contexto,19735000
2026-08-15 11:25:34,contratos,CO1.PCCNTR.9776612,2026-08-12,SANTIAGO DE CALI DISTRITO ESPECIAL - UNIDAD ADMINISTRATIVA ESPECIAL DE SERVICIOS PUBLICOS,Alcaldía de Cali,Contexto,28315000
2026-08-15 11:25:34,contratos,CO1.PCCNTR.9776747,2026-08-12,SANTIAGO DE CALI DISTRITO ESPECIAL - UNIDAD ADMINISTRATIVA ESPECIAL DE SERVICIOS PUBLICOS,Alcaldía de Cali,Contexto,24025000
2026-08-15 11:25:34,contratos,CO1.PCCNTR.9794405,2026-08-12,SANTIAGO DE CALI DISTRITO ESPECIAL - UNIDAD ADMINISTRATIVA ESPECIAL DE SERVICIOS PUBLICOS,Alcaldía de Cali,Contexto,17755000
2026-08-15 11:25:34,contratos,CO1.PCCNTR.9810803,2026-08-14,GOBERNACIÓN VALLE DEL CAUCA -SECRETARIA DE SALUD,Gobernación del Valle,Contexto,30000000
2026-08-15 11:25:34,contratos,CO1.PCCNTR.9804988,2026-08-13,PLANEACIÓN MUNICIPAL CALI**,Alcaldía de Cali,Contexto,31235000
2026-08-15 11:25:34,contratos,CO1.PCCNTR.9806138,2026-08-13,GOBERNACIÓN VALLE DEL CAUCA -SECRETARIA DE SALUD,Gobernación del Valle,Contexto,35000000
2026-08-15 11:25:34,contratos,CO1.PCCNTR.9792897,2026-08-13,SANTIAGO DE CALI DISTRITO ESPECIAL - SECRETARIA DISTRITAL DE SALUD DE CALI,Alcaldía de Cali,Contexto,134586000
2026-08-15 11:25:34,contratos,CO1.PCCNTR.9804760,2026-08-13,PLANEACIÓN MUNICIPAL CALI**,Alcaldía de Cali,Contexto,19735000
2026-08-15 11:25:34,contratos,CO1.PCCNTR.9807617,2026-08-13,SECRETARIA DE AMBIENTE Y DESARROLLO SOSTENIBLE,Gobernación del Valle,Contexto,3500000
2026-08-15 11:25:34,contratos,CO1.PCCNTR.9800255,2026-08-12,DEPARTAMENTO DEL VALLE DEL CAUCA - SECRETARIA DE TURISMO,Gobernación del Valle,Contexto,6000000
2026-08-15 11:25:34,contratos,CO1.PCCNTR.9796137,2026-08-13,GOBERNACIÓN VALLE DEL CAUCA -SECRETARIA DE SALUD,Gobernación del Valle,Contexto,20000000
2026-08-15 11:25:34,contratos,CO1.PCCNTR.9798320,2026-08-12,GOBERNACIÓN VALLE DEL CAUCA -SECRETARIA DE SALUD,Gobernación del Valle,Contexto,35000000
2026-08-15 11:25:34,contratos,CO1.PCCNTR.9735768,2026-08-13,PLANEACIÓN MUNICIPAL CALI**,Alcaldía de Cali,Contexto,19735000
2026-08-15 11:25:34,contratos,CO1.PCCNTR.9774722,2026-08-12,SANTIAGO DE CALI DISTRITO ESPECIAL - SECRETARIA DE BIENESTAR SOCIAL,Alcaldía de Cali,Contexto,9610000
2026-08-15 11:25:34,contratos,CO1.PCCNTR.9764281,2026-08-13,SANTIAGO DE CALI DISTRITO ESPECIAL - SECRETARIA DE MOVILIDAD,Alcaldía de Cali,Contexto,4542000
2026-08-15 11:25:34,contratos,CO1.PCCNTR.9771832,2026-08-13,SANTIAGO DE CALI DISTRITO ESPECIAL - SECRETARIA DE MOVILIDAD,Alcaldía de Cali,Contexto,9610000
2026-08-15 11:25:34,contratos,CO1.PCCNTR.9785216,2026-08-12,GOBERNACIÓN VALLE DEL CAUCA -SECRETARIA DE SALUD,Gobernación del Valle,Contexto,35000000
2026-08-15 11:25:34,contratos,CO1.PCCNTR.9799570,2026-08-12,DEPARTAMENTO DEL VALLE DEL CAUCA - SECRETARIA DE TURISMO,Gobernación del Valle,Contexto,7700000
2026-08-15 11:25:34,contratos,CO1.PCCNTR.9805250,2026-08-14,SANTIAGO DE CALI DISTRITO ESPECIAL - SECRETARÍA DE PAZ Y CULTURA CIUDADANA,Alcaldía de Cali,Contexto,11326000
2026-08-15 11:25:34,contratos,CO1.PCCNTR.9770317,2026-08-14,SANTIAGO DE CALI DISTRITO ESPECIAL - SECRETARIA DISTRITAL DE SALUD DE CALI,Alcaldía de Cali,Contexto,14204000
2026-08-15 11:25:34,contratos,CO1.PCCNTR.9794007,2026-08-12,SANTIAGO DE CALI DISTRITO ESPECIAL - UNIDAD ADMINISTRATIVA ESPECIAL DE SERVICIOS PUBLICOS,Alcaldía de Cali,Contexto,7102000
2026-08-15 11:25:34,contratos,CO1.PCCNTR.9781357,2026-08-12,SANTIAGO DE CALI DISTRITO ESPECIAL - UNIDAD ADMINISTRATIVA ESPECIAL DE SERVICIOS PUBLICOS,Alcaldía de Cali,Contexto,7894000
2026-08-15 11:25:34,contratos,CO1.PCCNTR.9785128,2026-08-12,SANTIAGO DE CALI DISTRITO ESPECIAL - SECRETARIA DE BIENESTAR SOCIAL,Alcaldía de Cali,Contexto,8376000
2026-08-15 11:25:34,contratos,CO1.PCCNTR.9765920,2026-08-13,SANTIAGO DE CALI DISTRITO ESPECIAL - SECRETARIA DE BIENESTAR SOCIAL,Alcaldía de Cali,Contexto,1904285907
2026-08-15 11:25:34,contratos,CO1.PCCNTR.9785201,2026-08-13,SANTIAGO DE CALI DISTRITO ESPECIAL - SECRETARÍA DE PAZ Y CULTURA CIUDADANA,Alcaldía de Cali,Contexto,11326000
2026-08-15 11:25:34,contratos,CO1.PCCNTR.9803547,2026-08-14,SECRETARIA DE EDUCACION DE CALI,Alcaldía de Cali,Contexto,28144000
2026-08-15 11:25:34,contratos,CO1.PCCNTR.9773948,2026-08-12,SANTIAGO DE CALI DISTRITO ESPECIAL - SECRETARIA DE MOVILIDAD,Alcaldía de Cali,Contexto,5584000
2026-08-15 11:25:34,contratos,CO1.PCCNTR.9798266,2026-08-12,SANTIAGO DE CALI DISTRITO ESPECIAL - SECRETARIA DEL DEPORTE Y LA RECREACIÓN,Alcaldía de Cali,Contexto,7102000
2026-08-15 11:25:34,contratos,CO1.PCCNTR.9779592,2026-08-13,SANTIAGO DE CALI DISTRITO ESPECIAL - SECRETARIA DE MOVILIDAD,Alcaldía de Cali,Contexto,5584000
2026-08-15 11:25:34,contratos,CO1.PCCNTR.9798529,2026-08-13,SANTIAGO DE CALI DISTRITO ESPECIAL - SECRETARIA DEL DEPORTE Y LA RECREACIÓN,Alcaldía de Cali,Contexto,9084000
2026-08-15 11:25:34,contratos,CO1.PCCNTR.9770653,2026-08-13,SANTIAGO DE CALI DISTRITO ESPECIAL - SECRETARIA DE MOVILIDAD,Alcaldía de Cali,Contexto,9610000
2026-08-15 11:25:34,contratos,CO1.PCCNTR.9768213,2026-08-13,SANTIAGO DE CALI DISTRITO ESPECIAL - SECRETARIA DE MOVILIDAD,Alcaldía de Cali,Contexto,4218000
2026-08-15 11:25:34,contratos,CO1.PCCNTR.9720933,2026-08-13,SANTIAGO DE CALI DISTRITO ESPECIAL - SECRETARIA DE MOVILIDAD,Alcaldía de Cali,Contexto,14072000
2026-08-15 11:25:34,contratos,CO1.PCCNTR.9799953,2026-08-12,DEPARTAMENTO DEL VALLE DEL CAUCA - SECRETARIA DE TURISMO,Gobernación del Valle,Contexto,2500000
2026-08-15 11:25:34,contratos,CO1.PCCNTR.9804356,2026-08-13,SANTIAGO DE CALI DISTRITO ESPECIAL -DEPARTAMENTO ADMINISTRATIVO DE DESARROLLO E INNOVACION INSTITUCIONAL,Alcaldía de Cali,Contexto,10653000
2026-08-15 11:25:34,contratos,CO1.PCCNTR.9807939,2026-08-13,SECRETARIA DE AMBIENTE Y DESARROLLO SOSTENIBLE,Gobernación del Valle,Contexto,2500000
2026-08-15 11:25:34,contratos,CO1.PCCNTR.9806989,2026-08-14,DEPARTAMENTO DEL VALLE DEL CAUCA - OFICINA PARA LA TRANSPARENCIA DE LA GESTIÓN PÚBLICA,Gobernación del Valle,Contexto,3500000
2026-08-15 11:25:34,contratos,CO1.PCCNTR.9786218,2026-08-12,SANTIAGO DE CALI DISTRITO ESPECIAL - SECRETARIA DE BIENESTAR SOCIAL,Alcaldía de Cali,Contexto,16989000
2026-08-15 11:25:34,contratos,CO1.PCCNTR.9801314,2026-08-13,DEPARTAMENTO ADMINISTRATIVO DE GESTION DEL MEDIO AMBIENTE DAGMA,Alcaldía de Cali,Contexto,4805000
2026-08-15 11:25:34,contratos,CO1.PCCNTR.9799614,2026-08-12,DEPARTAMENTO DEL VALLE DEL CAUCA - SECRETARIA DE TURISMO,Gobernación del Valle,Contexto,7700000
2026-08-15 11:25:34,contratos,CO1.PCCNTR.9808967,2026-08-13,GOBERNACION DEL VALLE DEL CAUCA - DADI,Gobernación del Valle,Contexto,7000000
2026-08-15 11:25:34,contratos,CO1.PCCNTR.9804741,2026-08-14,SECRETARIA DE EDUCACION DE CALI,Alcaldía de Cali,Contexto,28315000
2026-08-15 11:25:34,contratos,CO1.PCCNTR.9806248,2026-08-14,DEPARTAMENTO DEL VALLE DEL CAUCA - OFICINA PARA LA TRANSPARENCIA DE LA GESTIÓN PÚBLICA,Gobernación del Valle,Contexto,6000000
2026-08-15 11:25:34,contratos,CO1.PCCNTR.9779601,2026-08-12,SANTIAGO DE CALI DISTRITO ESPECIAL - SECRETARIA DEL DEPORTE Y LA RECREACIÓN,Alcaldía de Cali,Contexto,9084000
2026-08-15 11:25:34,contratos,CO1.PCCNTR.9805158,2026-08-13,SANTIAGO DE CALI DISTRITO ESPECIAL - SECRETARIA DE GOBIERNO,Alcaldía de Cali,Contexto,37104000
2026-08-15 11:25:34,contratos,CO1.PCCNTR.9810707,2026-08-14,GOBERNACIÓN VALLE DEL CAUCA -SECRETARIA DE SALUD,Gobernación del Valle,Contexto,35000000
2026-08-15 11:25:34,contratos,CO1.PCCNTR.9805072,2026-08-13,SECRETARIA DE AMBIENTE Y DESARROLLO SOSTENIBLE,Gobernación del Valle,Contexto,299728383
2026-08-15 11:25:34,contratos,CO1.PCCNTR.9784132,2026-08-12,SANTIAGO DE CALI DISTRITO ESPECIAL - SECRETARIA DE BIENESTAR SOCIAL,Alcaldía de Cali,Contexto,16989000
2026-08-15 11:25:34,contratos,CO1.PCCNTR.9779629,2026-08-13,SANTIAGO DE CALI DISTRITO ESPECIAL - SECRETARIA DE MOVILIDAD,Alcaldía de Cali,Contexto,11326000
2026-08-15 11:25:34,contratos,CO1.PCCNTR.9799555,2026-08-12,DEPARTAMENTO DEL VALLE DEL CAUCA - SECRETARIA DE TURISMO,Gobernación del Valle,Contexto,7000000
2026-08-15 11:25:34,contratos,CO1.PCCNTR.9799518,2026-08-12,DEPARTAMENTO DEL VALLE DEL CAUCA - SECRETARIA DE TURISMO,Gobernación del Valle,Contexto,6000000
2026-08-15 11:25:34,contratos,CO1.PCCNTR.9798003,2026-08-12,GOBERNACIÓN VALLE DEL CAUCA -SECRETARIA DE SALUD,Gobernación del Valle,Contexto,20000000
2026-08-15 11:25:34,contratos,CO1.PCCNTR.9805091,2026-08-13,PLANEACIÓN MUNICIPAL CALI**,Alcaldía de Cali,Contexto,31235000
2026-08-15 11:25:34,contratos,CO1.PCCNTR.9770331,2026-08-13,SANTIAGO DE CALI DISTRITO ESPECIAL - SECRETARIA DE MOVILIDAD,Alcaldía de Cali,Contexto,9610000
2026-08-15 11:25:34,contratos,CO1.PCCNTR.9805186,2026-08-13,GOBERNACION DEL VALLE DEL CAUCA - DADI,Gobernación del Valle,Contexto,3500000
2026-08-15 11:25:34,contratos,CO1.PCCNTR.9797920,2026-08-12,SANTIAGO DE CALI DISTRITO ESPECIAL - SECRETARIA DE GOBIERNO,Alcaldía de Cali,Contexto,24736000
2026-08-15 11:25:34,contratos,CO1.PCCNTR.9791656,2026-08-12,PLANEACIÓN MUNICIPAL CALI**,Alcaldía de Cali,Contexto,19735000
2026-08-15 11:25:34,contratos,CO1.PCCNTR.9812153,2026-08-14,SECRETARIA DE PAZ TERRITORIAL Y RECONCILIACIÓN,Gobernación del Valle,Contexto,5000000
2026-08-15 11:25:34,contratos,CO1.PCCNTR.9785101,2026-08-13,SANTIAGO DE CALI DISTRITO ESPECIAL - SECRETARÍA DE PAZ Y CULTURA CIUDADANA,Alcaldía de Cali,Contexto,11326000
2026-08-15 11:25:34,contratos,CO1.PCCNTR.9778724,2026-08-12,GOBERNACIÓN VALLE DEL CAUCA -SECRETARIA DE SALUD,Gobernación del Valle,Contexto,35000000
2026-08-15 11:25:34,contratos,CO1.PCCNTR.9776104,2026-08-13,SANTIAGO DE CALI DISTRITO ESPECIAL - SECRETARIA DE MOVILIDAD,Alcaldía de Cali,Contexto,7102000
2026-08-15 11:25:34,contratos,CO1.PCCNTR.9784051,2026-08-14,SANTIAGO DE CALI DISTRITO ESPECIAL - SECRETARIA DE BIENESTAR SOCIAL,Alcaldía de Cali,Contexto,7894000
2026-08-15 11:25:34,contratos,CO1.PCCNTR.9735757,2026-08-12,PLANEACIÓN MUNICIPAL CALI**,Alcaldía de Cali,Contexto,35180000
2026-08-15 11:25:34,contratos,CO1.PCCNTR.9801627,2026-08-13,SANTIAGO DE CALI DISTRITO ESPECIAL - SECRETARIA DEL DEPORTE Y LA RECREACIÓN,Alcaldía de Cali,Contexto,9084000
2026-08-15 11:25:34,contratos,CO1.PCCNTR.9805915,2026-08-13,GOBERNACION DEL VALLE DEL CAUCA - DADI,Gobernación del Valle,Contexto,5000000
2026-08-15 11:25:34,contratos,CO1.PCCNTR.9785706,2026-08-12,SANTIAGO DE CALI DISTRITO ESPECIAL - SECRETARIA DE BIENESTAR SOCIAL,Alcaldía de Cali,Contexto,7102000
2026-08-15 11:25:34,contratos,CO1.PCCNTR.9809972,2026-08-13,SANTIAGO DE CALI DISTRITO ESPECIAL - SECRETARIA DE VIVIENDA SOCIAL Y HABITAT,Alcaldía de Cali,Contexto,15652000
2026-08-15 11:25:34,contratos,CO1.PCCNTR.9777573,2026-08-13,SANTIAGO DE CALI DISTRITO ESPECIAL - SECRETARIA DEL DEPORTE Y LA RECREACIÓN,Alcaldía de Cali,Contexto,11326000
2026-08-15 11:25:34,contratos,CO1.PCCNTR.9810115,2026-08-13,SANTIAGO DE CALI DISTRITO ESPECIAL - SECRETARIA DE BIENESTAR SOCIAL,Alcaldía de Cali,Contexto,25134000
2026-08-15 11:25:34,contratos,CO1.PCCNTR.9802592,2026-08-12,SANTIAGO DE CALI DISTRITO ESPECIAL - DEPARTAMENTO ADMINISTRATIVO DE CONTRATACION PUBLICA,Alcaldía de Cali,Contexto,16989000
2026-08-15 11:25:34,contratos,CO1.PCCNTR.9811743,2026-08-14,SECRETARIA DE PAZ TERRITORIAL Y RECONCILIACIÓN,Gobernación del Valle,Contexto,5000000
2026-08-15 11:25:34,contratos,CO1.PCCNTR.9777047,2026-08-13,GOBERNACIÓN VALLE DEL CAUCA -SECRETARIA DE SALUD,Gobernación del Valle,Contexto,15000000
2026-08-15 11:25:34,contratos,CO1.PCCNTR.9802977,2026-08-12,SANTIAGO DE CALI DISTRITO ESPECIAL - DEPARTAMENTO ADMINISTRATIVO DE CONTRATACION PUBLICA,Alcaldía de Cali,Contexto,31304000
2026-08-15 11:25:34,contratos,CO1.PCCNTR.9782859,2026-08-13,SANTIAGO DE CALI DISTRITO ESPECIAL - SECRETARÍA DE PAZ Y CULTURA CIUDADANA,Alcaldía de Cali,Contexto,12494000
2026-08-15 11:25:34,contratos,CO1.PCCNTR.9801383,2026-08-12,SANTIAGO DE CALI DISTRITO ESPECIAL - UNIDAD ADMINISTRATIVA ESPECIAL DE SERVICIOS PUBLICOS,Alcaldía de Cali,Contexto,24025000
2026-08-15 11:25:34,contratos,CO1.PCCNTR.9806903,2026-08-13,DEPARTAMENTO DEL VALLE DEL CAUCA - OFICINA PARA LA TRANSPARENCIA DE LA GESTIÓN PÚBLICA,Gobernación del Valle,Contexto,4000000
2026-08-15 11:25:34,contratos,CO1.PCCNTR.9782324,2026-08-13,PLANEACIÓN MUNICIPAL CALI**,Alcaldía de Cali,Contexto,19735000
2026-08-15 11:25:34,contratos,CO1.PCCNTR.9805796,2026-08-13,DEPARTAMENTO ADMINISTRATIVO DE GESTION DEL MEDIO AMBIENTE DAGMA,Alcaldía de Cali,Contexto,4542000
2026-08-15 11:25:34,contratos,CO1.PCCNTR.9757525,2026-08-13,SANTIAGO DE CALI DISTRITO ESPECIAL - SECRETARIA DISTRITAL DE SALUD DE CALI,Alcaldía de Cali,Contexto,19220000
2026-08-15 11:25:34,contratos,CO1.PCCNTR.9799487,2026-08-12,DEPARTAMENTO DEL VALLE DEL CAUCA - SECRETARIA DE TURISMO,Gobernación del Valle,Contexto,7700000
2026-08-15 11:25:34,contratos,CO1.PCCNTR.9800139,2026-08-13,SANTIAGO DE CALI DISTRITO ESPECIAL - SECRETARIA DEL DEPORTE Y LA RECREACIÓN,Alcaldía de Cali,Contexto,7102000
2026-08-15 11:25:34,contratos,CO1.PCCNTR.9805369,2026-08-13,GOBERNACION DEL VALLE DEL CAUCA - DADI,Gobernación del Valle,Contexto,7700000
2026-08-15 11:25:34,contratos,CO1.PCCNTR.9810807,2026-08-14,GOBERNACIÓN VALLE DEL CAUCA -SECRETARIA DE SALUD,Gobernación del Valle,Contexto,20000000
2026-08-15 11:25:34,contratos,CO1.PCCNTR.9798523,2026-08-13,SANTIAGO DE CALI DISTRITO ESPECIAL - SECRETARIA DEL DEPORTE Y LA RECREACIÓN,Alcaldía de Cali,Contexto,9084000
2026-08-15 11:25:34,contratos,CO1.PCCNTR.9778339,2026-08-12,GOBERNACIÓN VALLE DEL CAUCA -SECRETARIA DE SALUD,Gobernación del Valle,Contexto,35000000
2026-08-15 11:25:34,contratos,CO1.PCCNTR.9801387,2026-08-13,SANTIAGO DE CALI DISTRITO ESPECIAL - SECRETARIA DEL DEPORTE Y LA RECREACIÓN,Alcaldía de Cali,Contexto,11326000
2026-08-15 11:25:34,contratos,CO1.PCCNTR.9735054,2026-08-13,SANTIAGO DE CALI DISTRITO ESPECIAL - SECRETARIA DE BIENESTAR SOCIAL,Alcaldía de Cali,Contexto,8376000
2026-08-15 11:25:34,contratos,CO1.PCCNTR.9799924,2026-08-12,DEPARTAMENTO DEL VALLE DEL CAUCA - SECRETARIA DE TURISMO,Gobernación del Valle,Contexto,10000000
2026-08-15 11:25:34,contratos,CO1.PCCNTR.9806234,2026-08-13,SANTIAGO DE CALI DISTRITO ESPECIAL - SECRETARIA DE BIENESTAR SOCIAL,Alcaldía de Cali,Contexto,23478000
2026-08-15 11:25:34,contratos,CO1.PCCNTR.9780444,2026-08-12,SANTIAGO DE CALI DISTRITO ESPECIAL - UNIDAD ADMINISTRATIVA ESPECIAL DE SERVICIOS PUBLICOS,Alcaldía de Cali,Contexto,6510000
2026-08-15 11:25:34,contratos,CO1.PCCNTR.9793000,2026-08-13,SANTIAGO DE CALI DISTRITO ESPECIAL - SECRETARIA DISTRITAL DE SALUD DE CALI,Alcaldía de Cali,Contexto,308783000
2026-08-15 11:25:34,contratos,CO1.PCCNTR.9793220,2026-08-13,SANTIAGO DE CALI DISTRITO ESPECIAL - SECRETARIA DE SEGURIDAD Y JUSTICIA,Alcaldía de Cali,Contexto,3551000
2026-08-15 11:25:34,contratos,CO1.PCCNTR.9798033,2026-08-12,GOBERNACIÓN VALLE DEL CAUCA -SECRETARIA DE SALUD,Gobernación del Valle,Contexto,12500000
2026-08-15 11:25:34,contratos,CO1.PCCNTR.9782006,2026-08-12,SANTIAGO DE CALI DISTRITO ESPECIAL - SECRETARIA DE BIENESTAR SOCIAL,Alcaldía de Cali,Contexto,18741000
2026-08-15 11:25:34,contratos,CO1.PCCNTR.9792358,2026-08-13,SANTIAGO DE CALI DISTRITO ESPECIAL -DEPARTAMENTO ADMINISTRATIVO DE DESARROLLO E INNOVACION INSTITUCIONAL,Alcaldía de Cali,Contexto,11841000
2026-08-15 11:25:34,contratos,CO1.PCCNTR.9799477,2026-08-12,DEPARTAMENTO DEL VALLE DEL CAUCA - SECRETARIA DE TURISMO,Gobernación del Valle,Contexto,5000000
2026-08-15 11:25:34,contratos,CO1.PCCNTR.9807965,2026-08-13,SECRETARIA DE AMBIENTE Y DESARROLLO SOSTENIBLE,Gobernación del Valle,Contexto,2500000
2026-08-15 11:25:34,contratos,CO1.PCCNTR.9807808,2026-08-13,DEPARTAMENTO DEL VALLE DEL CAUCA - OFICINA PARA LA TRANSPARENCIA DE LA GESTIÓN PÚBLICA,Gobernación del Valle,Contexto,7000000
2026-08-15 11:25:34,contratos,CO1.PCCNTR.9803438,2026-08-12,SANTIAGO DE CALI DISTRITO ESPECIAL - DEPARTAMENTO ADMINISTRATIVO DE CONTRATACION PUBLICA,Alcaldía de Cali,Contexto,31304000
2026-08-15 11:25:34,contratos,CO1.PCCNTR.9774460,2026-08-13,GOBERNACIÓN VALLE DEL CAUCA -SECRETARIA DE SALUD,Gobernación del Valle,Contexto,20000000
2026-08-15 11:25:34,contratos,CO1.PCCNTR.9798200,2026-08-13,SANTIAGO DE CALI DISTRITO ESPECIAL - SECRETARIA DEL DEPORTE Y LA RECREACIÓN,Alcaldía de Cali,Contexto,14072000
2026-08-15 11:25:34,contratos,CO1.PCCNTR.9808383,2026-08-13,GOBERNACION DEL VALLE DEL CAUCA - DADI,Gobernación del Valle,Contexto,6500000
2026-08-15 11:25:34,contratos,CO1.PCCNTR.9809839,2026-08-14,SANTIAGO DE CALI DISTRITO ESPECIAL - SECRETARIA DISTRITAL DE SALUD DE CALI,Alcaldía de Cali,Contexto,19220000
2026-08-15 11:25:34,contratos,CO1.PCCNTR.9747295,2026-08-13,SANTIAGO DE CALI DISTRITO ESPECIAL - SECRETARIA DE MOVILIDAD,Alcaldía de Cali,Contexto,7102000
2026-08-15 11:25:34,contratos,CO1.PCCNTR.9770501,2026-08-13,SANTIAGO DE CALI DISTRITO ESPECIAL - SECRETARIA DE MOVILIDAD,Alcaldía de Cali,Contexto,7102000
2026-08-15 11:25:34,contratos,CO1.PCCNTR.9785306,2026-08-12,GOBERNACIÓN VALLE DEL CAUCA -SECRETARIA DE SALUD,Gobernación del Valle,Contexto,30000000
2026-08-15 11:25:34,contratos,CO1.PCCNTR.9794061,2026-08-12,SANTIAGO DE CALI DISTRITO ESPECIAL - UNIDAD ADMINISTRATIVA ESPECIAL DE SERVICIOS PUBLICOS,Alcaldía de Cali,Contexto,13960000
2026-08-15 11:25:34,contratos,CO1.PCCNTR.9799977,2026-08-12,DEPARTAMENTO DEL VALLE DEL CAUCA - SECRETARIA DE TURISMO,Gobernación del Valle,Contexto,2500000
2026-08-15 11:25:34,contratos,CO1.PCCNTR.9803369,2026-08-12,SANTIAGO DE CALI DISTRITO ESPECIAL - DEPARTAMENTO ADMINISTRATIVO DE CONTRATACION PUBLICA,Alcaldía de Cali,Contexto,10653000
2026-08-15 11:25:34,contratos,CO1.PCCNTR.9799205,2026-08-12,DEPARTAMENTO DEL VALLE DEL CAUCA - SECRETARIA DE TURISMO,Gobernación del Valle,Contexto,7000000
2026-08-15 11:25:34,contratos,CO1.PCCNTR.9804994,2026-08-13,PLANEACIÓN MUNICIPAL CALI**,Alcaldía de Cali,Contexto,14525000
2026-08-15 11:25:34,contratos,CO1.PCCNTR.9770682,2026-08-13,SANTIAGO DE CALI DISTRITO ESPECIAL - SECRETARIA DE MOVILIDAD,Alcaldía de Cali,Contexto,11326000
2026-08-15 11:25:34,contratos,CO1.PCCNTR.9783250,2026-08-12,SANTIAGO DE CALI DISTRITO ESPECIAL - SECRETARIA DE BIENESTAR SOCIAL,Alcaldía de Cali,Contexto,16989000
2026-08-15 11:25:34,contratos,CO1.PCCNTR.9798267,2026-08-12,DEPARTAMENTO DEL VALLE DEL CAUCA - SECRETARIA DE TURISMO,Gobernación del Valle,Contexto,7700000
2026-08-15 11:25:34,contratos,CO1.PCCNTR.9798264,2026-08-12,DEPARTAMENTO DEL VALLE DEL CAUCA - SECRETARIA DE TURISMO,Gobernación del Valle,Contexto,7700000
2026-08-15 11:25:34,contratos,CO1.PCCNTR.9798042,2026-08-12,GOBERNACIÓN VALLE DEL CAUCA -SECRETARIA DE SALUD,Gobernación del Valle,Contexto,30000000
2026-08-15 11:25:34,contratos,CO1.PCCNTR.9778610,2026-08-13,SANTIAGO DE CALI DISTRITO ESPECIAL- UNIDAD ADMINISTRATIVA ESPECIAL DE GESTION DE BIENES Y SERVICIOS - CALI,Alcaldía de Cali,Contexto,15788000
2026-08-15 11:25:34,contratos,CO1.PCCNTR.9770563,2026-08-13,SANTIAGO DE CALI DISTRITO ESPECIAL - SECRETARIA DE MOVILIDAD,Alcaldía de Cali,Contexto,7894000
2026-08-15 11:25:34,contratos,CO1.PCCNTR.9780316,2026-08-12,DEPARTAMENTO ADMINISTRATIVO DE GESTION DEL MEDIO AMBIENTE DAGMA,Alcaldía de Cali,Contexto,2756911880
2026-08-15 11:25:34,contratos,CO1.PCCNTR.9794153,2026-08-12,SANTIAGO DE CALI DISTRITO ESPECIAL - UNIDAD ADMINISTRATIVA ESPECIAL DE SERVICIOS PUBLICOS,Alcaldía de Cali,Contexto,4805000
2026-08-15 11:25:34,contratos,CO1.PCCNTR.9799466,2026-08-12,DEPARTAMENTO DEL VALLE DEL CAUCA - SECRETARIA DE TURISMO,Gobernación del Valle,Contexto,7700000
2026-08-15 11:25:34,contratos,CO1.PCCNTR.9798532,2026-08-12,PLANEACIÓN MUNICIPAL CALI**,Alcaldía de Cali,Contexto,14525000
2026-08-15 11:25:34,contratos,CO1.PCCNTR.9763331,2026-08-13,SANTIAGO DE CALI DISTRITO ESPECIAL - SECRETARIA DE MOVILIDAD,Alcaldía de Cali,Contexto,5584000
2026-08-15 11:25:34,contratos,CO1.PCCNTR.9809261,2026-08-13,GOBERNACION DEL VALLE DEL CAUCA - DADI,Gobernación del Valle,Contexto,5000000
2026-08-15 11:25:34,contratos,CO1.PCCNTR.9799788,2026-08-14,SANTIAGO DE CALI DISTRITO ESPECIAL - SECRETARIA DE DESARROLLO ECONOMICO,Alcaldía de Cali,Contexto,10653000
2026-08-15 11:25:34,contratos,CO1.PCCNTR.9800986,2026-08-13,SANTIAGO DE CALI DISTRITO ESPECIAL - SECRETARIA DEL DEPORTE Y LA RECREACIÓN,Alcaldía de Cali,Contexto,9084000
2026-08-15 11:25:34,contratos,CO1.PCCNTR.9803687,2026-08-14,SECRETARIA DE EDUCACION DE CALI,Alcaldía de Cali,Contexto,19220000
2026-08-15 11:25:34,contratos,CO1.PCCNTR.9800994,2026-08-13,SANTIAGO DE CALI DISTRITO ESPECIAL - SECRETARIA DEL DEPORTE Y LA RECREACIÓN,Alcaldía de Cali,Contexto,9084000
2026-08-15 11:25:34,contratos,CO1.PCCNTR.9778565,2026-08-12,SANTIAGO DE CALI DISTRITO ESPECIAL - SECRETARIA DE BIENESTAR SOCIAL,Alcaldía de Cali,Contexto,11326000
2026-08-15 11:25:34,contratos,CO1.PCCNTR.9781244,2026-08-12,SANTIAGO DE CALI DISTRITO ESPECIAL - UNIDAD ADMINISTRATIVA ESPECIAL DE SERVICIOS PUBLICOS,Alcaldía de Cali,Contexto,7102000
2026-08-15 11:25:34,contratos,CO1.PCCNTR.9805547,2026-08-13,GOBERNACIÓN VALLE DEL CAUCA -SECRETARIA DE SALUD,Gobernación del Valle,Contexto,35000000
2026-08-15 11:25:34,contratos,CO1.PCCNTR.9803253,2026-08-13,PLANEACIÓN MUNICIPAL CALI**,Alcaldía de Cali,Contexto,28144000
2026-08-15 11:25:34,contratos,CO1.PCCNTR.9762841,2026-08-13,SANTIAGO DE CALI DISTRITO ESPECIAL - SECRETARIA DE MOVILIDAD,Alcaldía de Cali,Contexto,9610000
2026-08-15 11:25:34,contratos,CO1.PCCNTR.9802925,2026-08-13,DEPARTAMENTO ADMINISTRATIVO DE GESTION DEL MEDIO AMBIENTE DAGMA,Alcaldía de Cali,Contexto,6247000
2026-08-15 11:25:34,contratos,CO1.PCCNTR.9802597,2026-08-12,SANTIAGO DE CALI DISTRITO ESPECIAL - DEPARTAMENTO ADMINISTRATIVO DE CONTRATACION PUBLICA,Alcaldía de Cali,Contexto,31304000
2026-08-15 11:25:34,contratos,CO1.PCCNTR.9769433,2026-08-13,SANTIAGO DE CALI DISTRITO ESPECIAL - SECRETARIA DE MOVILIDAD,Alcaldía de Cali,Contexto,9610000
2026-08-15 11:25:34,contratos,CO1.PCCNTR.9803029,2026-08-14,SANTIAGO DE CALI DISTRITO ESPECIAL - SECRETARIA DE BIENESTAR SOCIAL,Alcaldía de Cali,Contexto,11841000
2026-08-15 11:25:34,contratos,CO1.PCCNTR.9798902,2026-08-12,SANTIAGO DE CALI DISTRITO ESPECIAL - SECRETARIA DEL DEPORTE Y LA RECREACIÓN,Alcaldía de Cali,Contexto,14204000
2026-08-15 11:25:34,contratos,CO1.PCCNTR.9805100,2026-08-13,GOBERNACION DEL VALLE DEL CAUCA - DADI,Gobernación del Valle,Contexto,6000000
2026-08-15 11:25:34,contratos,CO1.PCCNTR.9809545,2026-08-13,GOBERNACION DEL VALLE DEL CAUCA - DADI,Gobernación del Valle,Contexto,2500000
2026-08-15 11:25:34,contratos,CO1.PCCNTR.9806532,2026-08-13,GOBERNACION DEL VALLE DEL CAUCA - DADI,Gobernación del Valle,Contexto,7700000
2026-08-15 11:25:34,contratos,CO1.PCCNTR.9775687,2026-08-12,SANTIAGO DE CALI DISTRITO ESPECIAL - SECRETARIA DE BIENESTAR SOCIAL,Alcaldía de Cali,Contexto,5584000
2026-08-15 11:25:34,contratos,CO1.PCCNTR.9808817,2026-08-13,GOBERNACION DEL VALLE DEL CAUCA - DADI,Gobernación del Valle,Contexto,6000000
2026-08-15 11:25:34,contratos,CO1.PCCNTR.9798048,2026-08-13,GOBERNACIÓN VALLE DEL CAUCA -SECRETARIA DE SALUD,Gobernación del Valle,Contexto,15000000
2026-08-15 11:25:34,contratos,CO1.PCCNTR.9785223,2026-08-12,SANTIAGO DE CALI DISTRITO ESPECIAL - SECRETARIA DISTRITAL DE SALUD DE CALI,Alcaldía de Cali,Contexto,11168000
2026-08-15 11:25:34,contratos,CO1.PCCNTR.9782882,2026-08-12,SANTIAGO DE CALI DISTRITO ESPECIAL - SECRETARIA DE BIENESTAR SOCIAL,Alcaldía de Cali,Contexto,7102000
2026-08-15 11:25:34,contratos,CO1.PCCNTR.9807400,2026-08-13,SECRETARIA DE AMBIENTE Y DESARROLLO SOSTENIBLE,Gobernación del Valle,Contexto,6000000
2026-08-15 11:25:34,contratos,CO1.PCCNTR.9810910,2026-08-14,SECRETARIA DE EDUCACION DE CALI,Alcaldía de Cali,Contexto,19220000
2026-08-15 11:25:34,contratos,CO1.PCCNTR.9799827,2026-08-12,DEPARTAMENTO DEL VALLE DEL CAUCA - SECRETARIA DE TURISMO,Gobernación del Valle,Contexto,6000000
2026-08-15 11:25:34,contratos,CO1.PCCNTR.9798181,2026-08-13,SANTIAGO DE CALI DISTRITO ESPECIAL - SECRETARIA DEL DEPORTE Y LA RECREACIÓN,Alcaldía de Cali,Contexto,8436000
2026-08-15 11:25:34,contratos,CO1.PCCNTR.9799506,2026-08-12,DEPARTAMENTO DEL VALLE DEL CAUCA - SECRETARIA DE TURISMO,Gobernación del Valle,Contexto,3000000
2026-08-15 11:25:34,contratos,CO1.PCCNTR.9779323,2026-08-12,GOBERNACIÓN VALLE DEL CAUCA -SECRETARIA DE SALUD,Gobernación del Valle,Contexto,35000000
2026-08-15 11:25:34,contratos,CO1.PCCNTR.9807534,2026-08-14,PLANEACIÓN MUNICIPAL CALI**,Alcaldía de Cali,Contexto,28315000
2026-08-15 11:25:34,contratos,CO1.PCCNTR.9799705,2026-08-13,BIBLIOTECA DEPARTAMENTAL JORGE GARCES BORRERO,Descentralizadas de la Gobernación,Contexto,15800000
2026-08-15 11:25:34,contratos,CO1.PCCNTR.9809000,2026-08-13,ALCALDIA MUNICIPIO DE JAMUNDI,Otras entidades del Valle,Contexto,19000000
2026-08-15 11:25:34,contratos,CO1.PCCNTR.9805600,2026-08-13,CVC,Otras entidades del Valle,Contexto,12600000
2026-08-15 11:25:34,contratos,CO1.PCCNTR.9783502,2026-08-13,CENTRO DE DIAGNOSTICO AUTOMOTOR DEL VALLE LIMITADA,Otras entidades del Valle,Contexto,10134200
2026-08-15 11:25:34,contratos,CO1.PCCNTR.9811944,2026-08-14,MUNICIPIO DE BUGALAGRANDE,Otras entidades del Valle,Contexto,14994000
2026-08-15 11:25:34,contratos,CO1.PCCNTR.9800801,2026-08-13,INSTITUTO DEPARTAMENTAL DE BELLAS ARTES,Descentralizadas de la Gobernación,Contexto,22256000
2026-08-15 11:25:34,contratos,CO1.PCCNTR.9799931,2026-08-13,Secretaría de Hacienda - Alcaldía de Tuluá,Otras entidades del Valle,Contexto,19850000
2026-08-15 11:25:34,contratos,CO1.PCCNTR.9783827,2026-08-12,ALCALDIA MUNICIPAL DE YOTOCO,Otras entidades del Valle,Contexto,10399500
2026-08-15 11:25:34,contratos,CO1.PCCNTR.9802193,2026-08-13,BENEFICENCIA DEL VALLE DEL CAUCA E.I.C.E,Descentralizadas de la Gobernación,Contexto,100000000
2026-08-15 11:25:34,contratos,CO1.PCCNTR.9804961,2026-08-13,MUNICIPIO DE YUMBO VALLE,Otras entidades del Valle,Contexto,16400000
2026-08-15 11:25:34,contratos,CO1.PCCNTR.9783710,2026-08-12,CENTRO DE DIAGNOSTICO AUTOMOTOR DEL VALLE LIMITADA,Otras entidades del Valle,Contexto,8550730
2026-08-15 11:25:34,contratos,CO1.PCCNTR.9805240,2026-08-13,MUNICIPIO DE FLORIDA,Otras entidades del Valle,Contexto,15000000
2026-08-15 11:25:34,contratos,CO1.PCCNTR.9792511,2026-08-13,MUNICIPIO DE YUMBO VALLE,Otras entidades del Valle,Contexto,8000000
2026-08-15 11:25:34,contratos,CO1.PCCNTR.9798688,2026-08-13,EMPRESA SOCIAL DEL ESTADO HOSPITAL BENJAMIN BARNEY GASCA,Otras entidades del Valle,Contexto,2387000
2026-08-15 11:25:34,contratos,CO1.PCCNTR.9805164,2026-08-13,INSTITUTO MUNICIPAL DEL DEPORTE Y LA RECREACION DE YUMBO,Otras entidades del Valle,Contexto,10000000
2026-08-15 11:25:34,contratos,CO1.PCCNTR.9808932,2026-08-13,BENEFICENCIA DEL VALLE DEL CAUCA E.I.C.E,Descentralizadas de la Gobernación,Contexto,17500000
2026-08-15 11:25:34,contratos,CO1.PCCNTR.9811276,2026-08-14,ALCALDIA MUNICIPAL DE ANDALUCIA VALLE DEL CAUCA,Otras entidades del Valle,Contexto,9600000
2026-08-15 11:25:34,contratos,CO1.PCCNTR.9801935,2026-08-13,INSTITUTO DEPARTAMENTAL DE BELLAS ARTES,Descentralizadas de la Gobernación,Contexto,22113330
2026-08-15 11:25:34,contratos,CO1.PCCNTR.9807942,2026-08-13,MUNICIPIO DE BUGALAGRANDE,Otras entidades del Valle,Contexto,12155000
2026-08-15 11:25:34,contratos,CO1.PCCNTR.9807553,2026-08-13,SISTEMA INTEGRADO DE TRANSPORTE REGIONAL EN EL GRAN VALLE SOCIEDAD POR ACCIONES SIMPLIFICADA,Otras entidades del Valle,Contexto,7000000
2026-08-15 11:25:34,contratos,CO1.PCCNTR.9800411,2026-08-12,MUNICIPIO DE FLORIDA,Otras entidades del Valle,Contexto,6000000
2026-08-15 11:25:34,contratos,CO1.PCCNTR.9808947,2026-08-13,MUNICIPIO DE BUGALAGRANDE,Otras entidades del Valle,Contexto,20625000
2026-08-15 11:25:34,contratos,CO1.PCCNTR.9772082,2026-08-14,CVC,Otras entidades del Valle,Contexto,20000000
2026-08-15 11:25:34,contratos,CO1.PCCNTR.9797806,2026-08-13,Secretaría de Bienestar Social - Alcaldía de Tuluá,Otras entidades del Valle,Contexto,15880000
2026-08-15 11:25:34,contratos,CO1.PCCNTR.9803421,2026-08-14,BIBLIOTECA DEPARTAMENTAL JORGE GARCES BORRERO,Descentralizadas de la Gobernación,Contexto,14550000
2026-08-15 11:25:34,contratos,CO1.PCCNTR.9802007,2026-08-14,ALCALDIA DISTRITAL DE BUENAVENTURA-VALLE,Otras entidades del Valle,Contexto,18565750
2026-08-15 11:25:34,contratos,CO1.PCCNTR.9808740,2026-08-13,MUNICIPIO DE CARTAGO,Otras entidades del Valle,Contexto,13500000
2026-08-15 11:25:34,contratos,CO1.PCCNTR.9804461,2026-08-13,Secretaría Privada - Alcaldía de Tuluá,Otras entidades del Valle,Contexto,16000000
2026-08-15 11:25:34,contratos,CO1.PCCNTR.9810336,2026-08-13,INSTITUTO MUNICIPAL DEL DEPORTE Y LA RECREACION DE YUMBO,Otras entidades del Valle,Contexto,8800000
2026-08-15 11:25:34,contratos,CO1.PCCNTR.9809090,2026-08-13,ALCALDÍA MUNICIPIO DE PALMIRA,Otras entidades del Valle,Contexto,8100000
2026-08-15 11:25:34,contratos,CO1.PCCNTR.9803102,2026-08-12,CONCEJO MUNICIPAL DE PALMIRA,Otras entidades del Valle,Contexto,4000000
2026-08-15 11:25:34,contratos,CO1.PCCNTR.9798197,2026-08-13,EMPRESA SOCIAL DEL ESTADO HOSPITAL BENJAMIN BARNEY GASCA,Otras entidades del Valle,Contexto,2240000
2026-08-15 11:25:34,contratos,CO1.PCCNTR.9808529,2026-08-13,IPC,Otras entidades del Valle,Contexto,5231958
2026-08-15 11:25:34,contratos,CO1.PCCNTR.9803223,2026-08-13,Secretaría de Bienestar Social - Alcaldía de Tuluá,Otras entidades del Valle,Contexto,112200000
2026-08-15 11:25:34,contratos,CO1.PCCNTR.9799806,2026-08-12,HOSPITAL SAN RAFAEL EL CERRITO,Otras entidades del Valle,Contexto,4700000
2026-08-15 11:25:34,contratos,CO1.PCCNTR.9804456,2026-08-13,MUNICIPIO DE FLORIDA,Otras entidades del Valle,Contexto,8000000
2026-08-15 11:25:34,contratos,CO1.PCCNTR.9799706,2026-08-12,MUNICIPIO DE CALIMA EL DARIEN VALLE,Otras entidades del Valle,Contexto,9166665
2026-08-15 11:25:34,contratos,CO1.PCCNTR.9807953,2026-08-13,MUNICIPIO DE YUMBO VALLE,Otras entidades del Valle,Contexto,8000000
2026-08-15 11:25:34,contratos,CO1.PCCNTR.9800816,2026-08-12,ALCALDIA DISTRITAL DE BUENAVENTURA-VALLE,Otras entidades del Valle,Contexto,21218000
2026-08-15 11:25:34,contratos,CO1.PCCNTR.9796235,2026-08-12,IPC,Otras entidades del Valle,Contexto,8109536
2026-08-15 11:25:34,contratos,CO1.PCCNTR.9805192,2026-08-13,Secretaria de Desarrollo Agropecuario y Medio Ambiente - Alcaldía de Tuluá,Otras entidades del Valle,Contexto,14000000
2026-08-15 11:25:34,contratos,CO1.PCCNTR.9782758,2026-08-12,IPC,Otras entidades del Valle,Contexto,5231958
2026-08-15 11:25:34,contratos,CO1.PCCNTR.9796955,2026-08-12,ALCALDIA DISTRITAL DE BUENAVENTURA-VALLE,Otras entidades del Valle,Contexto,21218000
2026-08-15 11:25:34,contratos,CO1.PCCNTR.9799501,2026-08-13,MUNICIPIO DE FLORIDA,Otras entidades del Valle,Contexto,10000000
2026-08-15 11:25:34,contratos,CO1.PCCNTR.9812058,2026-08-14,MUNICIPIO DE YUMBO VALLE,Otras entidades del Valle,Contexto,16400000
2026-08-15 11:25:34,contratos,CO1.PCCNTR.9801990,2026-08-12,ALCALDIA DISTRITAL DE BUENAVENTURA-VALLE,Otras entidades del Valle,Contexto,21218000
2026-08-15 11:25:34,contratos,CO1.PCCNTR.9783455,2026-08-13,CENTRO DE DIAGNOSTICO AUTOMOTOR DEL VALLE LIMITADA,Otras entidades del Valle,Contexto,8550730
2026-08-15 11:25:34,contratos,CO1.PCCNTR.9800803,2026-08-12,ALCALDIA DISTRITAL DE BUENAVENTURA-VALLE,Otras entidades del Valle,Contexto,18565750
2026-08-15 11:25:34,contratos,CO1.PCCNTR.9792376,2026-08-12,ESCUELA DE POLICIA SIMON BOLIVAR,Otras entidades del Valle,Contexto,39626281
2026-08-15 11:25:34,contratos,CO1.PCCNTR.9804284,2026-08-13,MUNICIPIO DE YUMBO VALLE,Otras entidades del Valle,Contexto,16400000
2026-08-15 11:25:34,contratos,CO1.PCCNTR.9799421,2026-08-12,ALCALDIA DISTRITAL DE BUENAVENTURA-VALLE,Otras entidades del Valle,Contexto,8487200
2026-08-15 11:25:34,contratos,CO1.PCCNTR.9799662,2026-08-12,HOSPITAL SAN RAFAEL EL CERRITO,Otras entidades del Valle,Contexto,5562000
2026-08-15 11:25:34,contratos,CO1.PCCNTR.9799367,2026-08-12,MUNICIPIO DE CALIMA EL DARIEN VALLE,Otras entidades del Valle,Contexto,9166665
2026-08-15 11:25:34,contratos,CO1.PCCNTR.9803044,2026-08-12,INSTITUTO MUNICIPAL PARA EL DESARROLLO SOCIAL Y ECONÓMICO DE PALMIRA,Otras entidades del Valle,Contexto,7500000
2026-08-15 11:25:34,contratos,CO1.PCCNTR.9810568,2026-08-14,MUNICIPIO DE CARTAGO,Otras entidades del Valle,Contexto,20000000
2026-08-15 11:25:34,contratos,CO1.PCCNTR.9811318,2026-08-14,ALCALDIA MUNICIPIO DE JAMUNDI,Otras entidades del Valle,Contexto,20000000
2026-08-15 11:25:34,contratos,CO1.PCCNTR.9807572,2026-08-13,ALCALDÍA MUNICIPAL DE CANDELARIA VALLE,Otras entidades del Valle,Contexto,8400000
2026-08-15 11:25:34,contratos,CO1.PCCNTR.9799383,2026-08-12,ALCALDIA DISTRITAL DE BUENAVENTURA-VALLE,Otras entidades del Valle,Contexto,14852600
2026-08-15 11:25:34,contratos,CO1.PCCNTR.9809559,2026-08-14,ALCALDIA MUNICIPIO DE JAMUNDI,Otras entidades del Valle,Contexto,27000000
2026-08-15 11:25:34,contratos,CO1.PCCNTR.9803117,2026-08-13,ALCALDIA DISTRITAL DE BUENAVENTURA-VALLE,Otras entidades del Valle,Contexto,18565750
2026-08-15 11:25:34,contratos,CO1.PCCNTR.9810257,2026-08-14,INSTITUTO COLOMBIANO DE BALLET CLÁSICO INCOLBALLET,Otras entidades del Valle,Contexto,7000000
2026-08-15 11:25:34,contratos,CO1.PCCNTR.9779594,2026-08-12,EDRU EICE,Otras entidades del Valle,Contexto,31449000
2026-08-15 11:25:34,contratos,CO1.PCCNTR.9800451,2026-08-12,DEPARTAMENTO ADMINISTRATIVO NACIONAL DE ESTADISTICA-SUROCCIDENTE,Otras entidades del Valle,Contexto,6996000
2026-08-15 11:25:34,contratos,CO1.PCCNTR.9806732,2026-08-13,MUNICIPIO DE FLORIDA,Otras entidades del Valle,Contexto,8000000
2026-08-15 11:25:34,contratos,CO1.PCCNTR.9789019,2026-08-12,ALCALDÍA MUNICIPIO DE PALMIRA,Otras entidades del Valle,Contexto,300000000
2026-08-15 11:25:34,contratos,CO1.PCCNTR.9802947,2026-08-13,MUNICIPIO DE YUMBO VALLE,Otras entidades del Valle,Contexto,10000000
2026-08-15 11:25:34,contratos,CO1.PCCNTR.9806065,2026-08-13,ALCALDIA DISTRITAL DE BUENAVENTURA-VALLE,Otras entidades del Valle,Contexto,21218000
2026-08-15 11:25:34,contratos,CO1.PCCNTR.9806330,2026-08-13,MUNICIPIO DE FLORIDA,Otras entidades del Valle,Contexto,8800000
2026-08-15 11:25:34,contratos,CO1.PCCNTR.9778448,2026-08-12,Desarrollo Institucional - Alcaldía de Tuluá,Otras entidades del Valle,Contexto,23709000
2026-08-15 11:25:34,contratos,CO1.PCCNTR.9801907,2026-08-12,ALCALDIA DISTRITAL DE BUENAVENTURA-VALLE,Otras entidades del Valle,Contexto,21218000
2026-08-15 11:25:34,contratos,CO1.PCCNTR.9799475,2026-08-12,MUNICIPIO DE FLORIDA,Otras entidades del Valle,Contexto,7500000
2026-08-15 11:25:34,contratos,CO1.PCCNTR.9803274,2026-08-14,BIBLIOTECA DEPARTAMENTAL JORGE GARCES BORRERO,Descentralizadas de la Gobernación,Contexto,9636000
2026-08-15 11:25:34,contratos,CO1.PCCNTR.9805027,2026-08-14,HOSPITAL MUNICIPAL LUIS ABLANQUE DE LA PLATA EMPRESA SOCIAL DEL ESTADO,Otras entidades del Valle,Contexto,40000000
2026-08-15 11:25:34,contratos,CO1.PCCNTR.9810402,2026-08-14,INSTITUTO COLOMBIANO DE BALLET CLÁSICO INCOLBALLET,Otras entidades del Valle,Contexto,3500000
2026-08-15 11:25:34,contratos,CO1.PCCNTR.9798182,2026-08-12,ALCALDIA DISTRITAL DE BUENAVENTURA-VALLE,Otras entidades del Valle,Contexto,21218000
2026-08-15 11:25:34,contratos,CO1.PCCNTR.9800472,2026-08-13,Secretaría de Hacienda - Alcaldía de Tuluá,Otras entidades del Valle,Contexto,19850000
2026-08-15 11:25:34,contratos,CO1.PCCNTR.9804063,2026-08-13,MUNICIPIO DE FLORIDA,Otras entidades del Valle,Contexto,8000000
2026-08-15 11:25:34,contratos,CO1.PCCNTR.9807335,2026-08-13,ALCALDIA MUNICIPAL DE ANDALUCIA VALLE DEL CAUCA,Otras entidades del Valle,Contexto,12400000
2026-08-15 11:25:34,contratos,CO1.PCCNTR.9798766,2026-08-12,ALCALDIA MUNICIPIO DE JAMUNDI,Otras entidades del Valle,Contexto,30000000
2026-08-15 11:25:34,contratos,CO1.PCCNTR.9810980,2026-08-14,ALCALDIA MUNICIPIO DE JAMUNDI,Otras entidades del Valle,Contexto,24000000
2026-08-15 11:25:34,contratos,CO1.PCCNTR.9785014,2026-08-13,MUNICIPIO DE SEVILLA,Otras entidades del Valle,Contexto,11000000
2026-08-15 11:25:34,contratos,CO1.PCCNTR.9803474,2026-08-14,ALCALDIA MUNICIPAL DE YOTOCO,Otras entidades del Valle,Contexto,10399500
2026-08-15 11:25:34,contratos,CO1.PCCNTR.9811849,2026-08-14,MUNICIPIO DE YUMBO VALLE,Otras entidades del Valle,Contexto,16400000
2026-08-15 11:25:34,contratos,CO1.PCCNTR.9808600,2026-08-13,ALCALDÍA MUNICIPIO DE PALMIRA,Otras entidades del Valle,Contexto,14000000
2026-08-15 11:25:34,contratos,CO1.PCCNTR.9799461,2026-08-13,ALCALDIA MUNICIPIO DE JAMUNDI,Otras entidades del Valle,Contexto,21000000
2026-08-15 11:25:34,contratos,CO1.PCCNTR.9806996,2026-08-13,CONTRALORIA MUNICIPAL DE PALMIRA,Otras entidades del Valle,Contexto,25000000
2026-08-15 11:25:34,contratos,CO1.PCCNTR.9804031,2026-08-13,INSTITUTO MUNICIPAL DEL DEPORTE Y LA RECREACION DE YUMBO,Otras entidades del Valle,Contexto,8800000
2026-08-15 11:25:34,contratos,CO1.PCCNTR.9807748,2026-08-14,INSTITUTO COLOMBIANO DE BALLET CLÁSICO INCOLBALLET,Otras entidades del Valle,Contexto,5000000
2026-08-15 11:25:34,contratos,CO1.PCCNTR.9799904,2026-08-12,ALCALDIA DISTRITAL DE BUENAVENTURA-VALLE,Otras entidades del Valle,Contexto,6365400
2026-08-15 11:25:34,contratos,CO1.PCCNTR.9806036,2026-08-14,ALCALDIA DISTRITAL DE BUENAVENTURA-VALLE,Otras entidades del Valle,Contexto,18565750
2026-08-15 11:25:34,contratos,CO1.PCCNTR.9805525,2026-08-13,ALCALDIA MUNICIPIO DE JAMUNDI,Otras entidades del Valle,Contexto,20000000
2026-08-15 11:25:34,contratos,CO1.PCCNTR.9799801,2026-08-13,ESTABLECIMIENTO PÚBLICO AMBIENTAL DEL DISTRITO DE BUENAVENTURA,Otras entidades del Valle,Contexto,488160000
2026-08-15 11:25:34,contratos,CO1.PCCNTR.9801139,2026-08-14,ALCALDIA DISTRITAL DE BUENAVENTURA-VALLE,Otras entidades del Valle,Contexto,18565750
2026-08-15 11:25:34,contratos,CO1.PCCNTR.9806917,2026-08-13,MUNICIPIO DE LA UNION,Otras entidades del Valle,Contexto,12124820
2026-08-15 11:25:34,contratos,CO1.PCCNTR.9797554,2026-08-13,Secretaría de Bienestar Social - Alcaldía de Tuluá,Otras entidades del Valle,Contexto,15880000
2026-08-15 11:25:34,contratos,CO1.PCCNTR.9804432,2026-08-13,Secretaría de Hacienda - Alcaldía de Tuluá,Otras entidades del Valle,Contexto,19850000
2026-08-15 11:25:34,contratos,CO1.PCCNTR.9799997,2026-08-12,ALCALDIA MUNICIPIO DE JAMUNDI,Otras entidades del Valle,Contexto,15000000
2026-08-15 11:25:34,contratos,CO1.PCCNTR.9810404,2026-08-14,INSTITUTO COLOMBIANO DE BALLET CLÁSICO INCOLBALLET,Otras entidades del Valle,Contexto,7000000
2026-08-15 11:25:34,contratos,CO1.PCCNTR.9808880,2026-08-14,ALCALDIA MUNICIPAL DE RESTREPO VALLE DEL CAUCA,Otras entidades del Valle,Contexto,22500000
2026-08-15 11:25:34,contratos,CO1.PCCNTR.9809619,2026-08-14,ALCALDIA MUNICIPIO DE JAMUNDI,Otras entidades del Valle,Contexto,8050000
2026-08-15 11:25:34,contratos,CO1.PCCNTR.9799709,2026-08-13,BIBLIOTECA DEPARTAMENTAL JORGE GARCES BORRERO,Descentralizadas de la Gobernación,Contexto,22000000
2026-08-15 11:25:34,contratos,CO1.PCCNTR.9806061,2026-08-13,MUNICIPIO DE LA UNION,Otras entidades del Valle,Contexto,8794599
2026-08-15 11:25:34,contratos,CO1.PCCNTR.9808830,2026-08-14,ALCALDIA MUNICIPIO DE JAMUNDI,Otras entidades del Valle,Contexto,19000000
2026-08-15 11:25:34,contratos,CO1.PCCNTR.9799643,2026-08-12,MUNICIPIO DE CALIMA EL DARIEN VALLE,Otras entidades del Valle,Contexto,9166665
2026-08-15 11:25:34,contratos,CO1.PCCNTR.9809252,2026-08-14,ALCALDIA MUNICIPIO DE JAMUNDI,Otras entidades del Valle,Contexto,22500000
2026-08-15 11:25:34,contratos,CO1.PCCNTR.9799337,2026-08-12,MUNICIPIO DE CALIMA EL DARIEN VALLE,Otras entidades del Valle,Contexto,9166665
2026-08-15 11:25:34,contratos,CO1.PCCNTR.9800154,2026-08-13,Secretaría de Hacienda - Alcaldía de Tuluá,Otras entidades del Valle,Contexto,19850000
2026-08-15 11:25:34,contratos,CO1.PCCNTR.9778429,2026-08-13,ALCALDIA DISTRITAL DE BUENAVENTURA-VALLE,Otras entidades del Valle,Contexto,11139450
2026-08-15 11:25:34,contratos,CO1.PCCNTR.9796275,2026-08-13,ALCALDIA DISTRITAL DE BUENAVENTURA-VALLE,Otras entidades del Valle,Contexto,18565750
2026-08-15 11:25:34,contratos,CO1.PCCNTR.9801781,2026-08-12,MUNICIPIO DE YUMBO VALLE,Otras entidades del Valle,Contexto,16400000
2026-08-15 11:25:34,contratos,CO1.PCCNTR.9795810,2026-08-13,DISPENSARIO MEDICO DE CALI,Otras entidades del Valle,Contexto,27270000
2026-08-15 11:25:34,contratos,CO1.PCCNTR.9805638,2026-08-13,CVC,Otras entidades del Valle,Contexto,30779648
2026-08-15 11:25:34,contratos,CO1.PCCNTR.9770893,2026-08-13,INSTITUTO DEPARTAMENTAL DE BELLAS ARTES,Descentralizadas de la Gobernación,Contexto,4491524
2026-08-15 11:25:34,contratos,CO1.PCCNTR.9803228,2026-08-13,MUNICIPIO DE YUMBO VALLE,Otras entidades del Valle,Contexto,6600000
2026-08-15 11:25:34,contratos,CO1.PCCNTR.9799184,2026-08-12,MUNICIPIO DE CALIMA EL DARIEN VALLE,Otras entidades del Valle,Contexto,10083330
2026-08-15 11:25:34,contratos,CO1.PCCNTR.9802982,2026-08-13,MUNICIPIO DE YUMBO VALLE,Otras entidades del Valle,Contexto,10000000
2026-08-15 11:25:34,contratos,CO1.PCCNTR.9805597,2026-08-13,INSTITUTO MUNICIPAL DEL DEPORTE Y LA RECREACION DE YUMBO,Otras entidades del Valle,Contexto,8800000
2026-08-15 11:25:34,contratos,CO1.PCCNTR.9810372,2026-08-14,INSTITUTO COLOMBIANO DE BALLET CLÁSICO INCOLBALLET,Otras entidades del Valle,Contexto,3000000
2026-08-15 11:25:34,contratos,CO1.PCCNTR.9799804,2026-08-12,ALCALDÍA MUNICIPIO DE PALMIRA,Otras entidades del Valle,Contexto,12000000
2026-08-15 11:25:34,contratos,CO1.PCCNTR.9797398,2026-08-13,Secretaría de Bienestar Social - Alcaldía de Tuluá,Otras entidades del Valle,Contexto,15880000
2026-08-15 11:25:34,contratos,CO1.PCCNTR.9805301,2026-08-13,REGION DE PLANEACION Y GESTION DEL CENTRO DEL VALLE- RPG CENVALLE,Otras entidades del Valle,Contexto,11500000
2026-08-15 11:25:34,contratos,CO1.PCCNTR.9800407,2026-08-13,HOSPITAL MUNICIPAL LUIS ABLANQUE DE LA PLATA EMPRESA SOCIAL DEL ESTADO,Otras entidades del Valle,Contexto,53895000
2026-08-15 11:25:34,contratos,CO1.PCCNTR.9809843,2026-08-13,ALCALDIA MUNICIPIO DE JAMUNDI,Otras entidades del Valle,Contexto,32500000
2026-08-15 11:25:34,contratos,CO1.PCCNTR.9743383,2026-08-13,MUNICIPIO DE BUGALAGRANDE,Otras entidades del Valle,Contexto,16076900
2026-08-15 11:25:34,contratos,CO1.PCCNTR.9809370,2026-08-13,ALCALDÍA MUNICIPIO DE PALMIRA,Otras entidades del Valle,Contexto,28000000
2026-08-15 11:25:34,contratos,CO1.PCCNTR.9799994,2026-08-12,ALCALDÍA MUNICIPIO DE PALMIRA,Otras entidades del Valle,Contexto,12000000
2026-08-15 11:25:34,contratos,CO1.PCCNTR.9810722,2026-08-14,CVC,Otras entidades del Valle,Contexto,36600000
2026-08-15 11:25:34,contratos,CO1.PCCNTR.9805560,2026-08-13,MUNICIPIO DE EL CERRITO.,Otras entidades del Valle,Media,248508236
2026-08-15 11:25:34,contratos,CO1.PCCNTR.9802695,2026-08-13,MUNICIPIO DE YUMBO VALLE,Otras entidades del Valle,Contexto,8000000
2026-08-15 11:25:34,contratos,CO1.PCCNTR.9802016,2026-08-12,ALCALDIA MUNICIPIO DE JAMUNDI,Otras entidades del Valle,Contexto,27000000
2026-08-15 11:25:34,contratos,CO1.PCCNTR.9803211,2026-08-12,ALCALDIA DISTRITAL DE BUENAVENTURA-VALLE,Otras entidades del Valle,Contexto,10609000
2026-08-15 11:25:34,contratos,CO1.PCCNTR.9799564,2026-08-12,MUNICIPIO DE CALIMA EL DARIEN VALLE,Otras entidades del Valle,Contexto,9166665
2026-08-15 11:25:34,contratos,CO1.PCCNTR.9799250,2026-08-12,ALCALDIA DISTRITAL DE BUENAVENTURA-VALLE,Otras entidades del Valle,Contexto,8487200
2026-08-15 11:25:34,contratos,CO1.PCCNTR.9799952,2026-08-13,INSTITUTO DEPARTAMENTAL DE BELLAS ARTES,Descentralizadas de la Gobernación,Contexto,29353333
2026-08-15 11:25:34,contratos,CO1.PCCNTR.9809078,2026-08-13,ALCALDÍA MUNICIPIO DE PALMIRA,Otras entidades del Valle,Contexto,10000000
2026-08-15 11:25:34,contratos,CO1.PCCNTR.9804722,2026-08-13,ALCALDIA MUNICIPIO DE JAMUNDI,Otras entidades del Valle,Contexto,36000000
2026-08-15 11:25:34,contratos,CO1.PCCNTR.9803021,2026-08-12,MUNICIPIO DE YUMBO VALLE,Otras entidades del Valle,Contexto,16400000
2026-08-15 11:25:34,contratos,CO1.PCCNTR.9801595,2026-08-13,INSTITUTO DEPARTAMENTAL DE BELLAS ARTES,Descentralizadas de la Gobernación,Contexto,8970000
2026-08-15 11:25:34,contratos,CO1.PCCNTR.9792106,2026-08-13,MUNICIPIO DE YUMBO VALLE,Otras entidades del Valle,Contexto,8000000
2026-08-15 11:25:34,contratos,CO1.PCCNTR.9806910,2026-08-13,ALCALDIA DISTRITAL DE BUENAVENTURA-VALLE,Otras entidades del Valle,Contexto,18565750
2026-08-15 11:25:34,contratos,CO1.PCCNTR.9796814,2026-08-12,ALCALDIA DISTRITAL DE BUENAVENTURA-VALLE,Otras entidades del Valle,Contexto,18565750
2026-08-15 11:25:34,contratos,CO1.PCCNTR.9799651,2026-08-13,IMVIYUMBO,Otras entidades del Valle,Contexto,8000000
2026-08-15 11:25:34,contratos,CO1.PCCNTR.9812145,2026-08-14,ALCALDIA MUNICIPIO DE JAMUNDI,Otras entidades del Valle,Contexto,27500000
2026-08-15 11:25:34,contratos,CO1.PCCNTR.9798991,2026-08-13,MUNICIPIO DE YUMBO VALLE,Otras entidades del Valle,Contexto,8800000
2026-08-15 11:25:34,contratos,CO1.PCCNTR.9802136,2026-08-12,EMPRESAS MUNICIPALES DE TULUA E.S.P.,Otras entidades del Valle,Contexto,8666666
2026-08-15 11:25:34,contratos,CO1.PCCNTR.9808981,2026-08-14,ALCALDIA MUNICIPIO DE JAMUNDI,Otras entidades del Valle,Contexto,7000000
2026-08-15 11:25:34,contratos,CO1.PCCNTR.9805329,2026-08-13,MUNICIPIO DE YUMBO VALLE,Otras entidades del Valle,Contexto,18000000
2026-08-15 11:25:34,contratos,CO1.PCCNTR.9806046,2026-08-13,ESE HOSPITAL PILOTO JAMUNDI,Otras entidades del Valle,Contexto,169651926
2026-08-15 11:25:34,contratos,CO1.PCCNTR.9803203,2026-08-13,MUNICIPIO DE YUMBO VALLE,Otras entidades del Valle,Contexto,10000000
2026-08-15 11:25:34,contratos,CO1.PCCNTR.9809562,2026-08-14,INSTITUTO MUNICIPAL DE DEPORTE Y  RECREACION DE JAMUNDI IMDERE,Otras entidades del Valle,Contexto,187000000
2026-08-15 11:25:34,contratos,CO1.PCCNTR.9770553,2026-08-14,ALCALDIA MUNICIPAL DE RESTREPO VALLE DEL CAUCA,Otras entidades del Valle,Contexto,10850000
2026-08-15 11:25:34,contratos,CO1.PCCNTR.9801652,2026-08-14,ALCALDIA DISTRITAL DE BUENAVENTURA-VALLE,Otras entidades del Valle,Contexto,10609000
2026-08-15 11:25:34,contratos,CO1.PCCNTR.9798979,2026-08-12,UNIAJC,Otras entidades del Valle,Contexto,6959420000
2026-08-15 11:25:34,contratos,CO1.PCCNTR.9800950,2026-08-12,MUNICIPIO DE FLORIDA,Otras entidades del Valle,Contexto,15000000
2026-08-15 11:25:34,contratos,CO1.PCCNTR.9783826,2026-08-12,ALCALDIA MUNICIPAL DE YOTOCO,Otras entidades del Valle,Contexto,10399500
2026-08-15 11:25:34,contratos,CO1.PCCNTR.9807539,2026-08-14,ALCALDIA DISTRITAL DE BUENAVENTURA-VALLE,Otras entidades del Valle,Contexto,18565750
2026-08-15 11:25:34,contratos,CO1.PCCNTR.9799221,2026-08-12,ALCALDIA MUNICIPIO DE JAMUNDI,Otras entidades del Valle,Contexto,22800000
2026-08-15 11:25:34,contratos,CO1.PCCNTR.9807313,2026-08-13,ALCALDIA MUNICIPAL DE ANDALUCIA VALLE DEL CAUCA,Otras entidades del Valle,Contexto,13200000
2026-08-15 11:25:34,contratos,CO1.PCCNTR.9804934,2026-08-13,MUNICIPIO DE FLORIDA,Otras entidades del Valle,Contexto,15000000
2026-08-15 11:25:34,contratos,CO1.PCCNTR.9806293,2026-08-14,ALCALDIA MUNICIPAL DE YOTOCO,Otras entidades del Valle,Contexto,14730000
2026-08-15 11:25:34,contratos,CO1.PCCNTR.9801302,2026-08-12,ALCALDIA DISTRITAL DE BUENAVENTURA-VALLE,Otras entidades del Valle,Contexto,10609000
2026-08-15 11:25:34,contratos,CO1.PCCNTR.9804849,2026-08-13,MUNICIPIO DE BUGALAGRANDE,Otras entidades del Valle,Contexto,510998398
2026-08-15 11:25:34,contratos,CO1.PCCNTR.9802304,2026-08-14,ALCALDIA DISTRITAL DE BUENAVENTURA-VALLE,Otras entidades del Valle,Contexto,10609000
2026-08-15 11:25:34,contratos,CO1.PCCNTR.9805727,2026-08-14,MUNICIPIO DE FLORIDA,Otras entidades del Valle,Contexto,8000000
2026-08-15 11:25:34,contratos,CO1.PCCNTR.9810261,2026-08-14,INSTITUTO COLOMBIANO DE BALLET CLÁSICO INCOLBALLET,Otras entidades del Valle,Contexto,5000000
2026-08-15 11:25:34,contratos,CO1.PCCNTR.9802162,2026-08-13,INSTITUTO MUNICIPAL DEL DEPORTE Y LA RECREACION DE PALMIRA,Otras entidades del Valle,Contexto,8000000
2026-08-15 11:25:34,contratos,CO1.PCCNTR.9777401,2026-08-12,ALCALDIA MUNICIPAL DE RESTREPO VALLE DEL CAUCA,Otras entidades del Valle,Contexto,14400000
2026-08-15 11:25:34,contratos,CO1.PCCNTR.9783829,2026-08-12,ALCALDIA MUNICIPAL DE YOTOCO,Otras entidades del Valle,Contexto,10399500
2026-08-15 11:25:34,contratos,CO1.PCCNTR.9806958,2026-08-13,MUNICIPIO DE YUMBO VALLE,Otras entidades del Valle,Contexto,10000000
2026-08-15 11:25:34,contratos,CO1.PCCNTR.9799635,2026-08-12,ALCALDIA DISTRITAL DE BUENAVENTURA-VALLE,Otras entidades del Valle,Contexto,8487200
2026-08-15 11:25:34,contratos,CO1.PCCNTR.9799395,2026-08-12,ALCALDÍA MUNICIPIO DE PALMIRA,Otras entidades del Valle,Contexto,14000000
2026-08-15 11:25:34,contratos,CO1.PCCNTR.9803467,2026-08-14,ALCALDIA MUNICIPAL DE YOTOCO,Otras entidades del Valle,Contexto,10399500
2026-08-15 11:25:34,contratos,CO1.PCCNTR.9800532,2026-08-13,EMPRESA SOCIAL DEL ESTADO HOSPITAL BENJAMIN BARNEY GASCA,Otras entidades del Valle,Contexto,2120000
2026-08-15 11:25:34,contratos,CO1.PCCNTR.9808713,2026-08-13,MUNICIPIO DE BUGALAGRANDE,Otras entidades del Valle,Contexto,16800000
2026-08-15 11:25:34,contratos,CO1.PCCNTR.9806167,2026-08-13,ALCALDIA MUNICIPAL DE ANDALUCIA VALLE DEL CAUCA,Otras entidades del Valle,Contexto,11458330
2026-08-15 11:25:34,contratos,CO1.PCCNTR.9801587,2026-08-12,MUNICIPIO DE OBANDO VALLE,Otras entidades del Valle,Contexto,200000000
2026-08-15 11:25:34,contratos,CO1.PCCNTR.9800726,2026-08-12,MUNICIPIO DE LA UNION,Otras entidades del Valle,Contexto,11950000
2026-08-15 11:25:34,contratos,CO1.PCCNTR.9810163,2026-08-14,INSTITUTO COLOMBIANO DE BALLET CLÁSICO INCOLBALLET,Otras entidades del Valle,Contexto,2500000
2026-08-15 11:25:34,contratos,CO1.PCCNTR.9800168,2026-08-13,Secretaría de Hacienda - Alcaldía de Tuluá,Otras entidades del Valle,Contexto,19850000
2026-08-15 11:25:34,contratos,CO1.PCCNTR.9801710,2026-08-13,INSTITUTO DEPARTAMENTAL DE BELLAS ARTES,Descentralizadas de la Gobernación,Contexto,24056650
2026-08-15 11:25:34,contratos,CO1.PCCNTR.9805922,2026-08-13,ALCALDIA MUNICIPIO DE JAMUNDI,Otras entidades del Valle,Contexto,24000000
2026-08-15 11:25:34,contratos,CO1.PCCNTR.9805953,2026-08-13,ALCALDIA MUNICIPIO DE JAMUNDI,Otras entidades del Valle,Contexto,20000000
2026-08-15 11:25:34,contratos,CO1.PCCNTR.9800199,2026-08-12,MUNICIPIO DE EL CERRITO.,Otras entidades del Valle,Contexto,12500000
2026-08-15 11:25:34,contratos,CO1.PCCNTR.9802727,2026-08-13,MUNICIPIO DE YUMBO VALLE,Otras entidades del Valle,Contexto,8800000
2026-08-15 11:25:34,contratos,CO1.PCCNTR.9800409,2026-08-13,INSTITUTO DEPARTAMENTAL DE BELLAS ARTES,Descentralizadas de la Gobernación,Contexto,19688000
2026-08-15 11:25:34,contratos,CO1.PCCNTR.9810260,2026-08-14,INSTITUTO COLOMBIANO DE BALLET CLÁSICO INCOLBALLET,Otras entidades del Valle,Contexto,3500000
2026-08-15 11:25:34,contratos,CO1.PCCNTR.9780034,2026-08-14,MUNICIPIO DE SAN JUAN BAUTISTA DE GUACARI2,Otras entidades del Valle,Contexto,10812000
2026-08-15 11:25:34,contratos,CO1.PCCNTR.9803053,2026-08-13,ALCALDIA DISTRITAL DE BUENAVENTURA-VALLE,Otras entidades del Valle,Contexto,10609000
2026-08-15 11:25:34,contratos,CO1.PCCNTR.9805541,2026-08-13,INSTITUTO MUNICIPAL DEL DEPORTE Y LA RECREACION DE YUMBO,Otras entidades del Valle,Contexto,10000000
2026-08-15 11:25:34,contratos,CO1.PCCNTR.9805227,2026-08-14,MUNICIPIO DE CALIMA EL DARIEN VALLE,Otras entidades del Valle,Contexto,18000000
2026-08-15 11:25:34,contratos,CO1.PCCNTR.9783512,2026-08-13,CENTRO DE DIAGNOSTICO AUTOMOTOR DEL VALLE LIMITADA,Otras entidades del Valle,Contexto,15834686
2026-08-15 11:25:34,contratos,CO1.PCCNTR.9805709,2026-08-14,ALCALDIA DISTRITAL DE BUENAVENTURA-VALLE,Otras entidades del Valle,Contexto,658485000
2026-08-15 11:25:34,contratos,CO1.PCCNTR.9801664,2026-08-12,ALCALDIA DISTRITAL DE BUENAVENTURA-VALLE,Otras entidades del Valle,Contexto,6090390
2026-08-15 11:25:34,contratos,CO1.PCCNTR.9801712,2026-08-13,EMPRESA SOCIAL DEL ESTADO HOSPITAL BENJAMIN BARNEY GASCA,Otras entidades del Valle,Contexto,2700000
2026-08-15 11:25:34,contratos,CO1.PCCNTR.9626305,2026-08-12,REGIONAL DE ASEGURAMIENTO EN SALUD No. 4,Otras entidades del Valle,Contexto,30050000
2026-08-15 11:25:34,contratos,CO1.PCCNTR.9808554,2026-08-13,ALCALDIA MUNICIPIO DE JAMUNDI,Otras entidades del Valle,Contexto,27500000
2026-08-15 11:25:34,contratos,CO1.PCCNTR.9800244,2026-08-12,ALCALDIA DISTRITAL DE BUENAVENTURA-VALLE,Otras entidades del Valle,Contexto,26522500
2026-08-15 11:25:34,contratos,CO1.PCCNTR.9704507,2026-08-14,CVC,Otras entidades del Valle,Contexto,23900000
2026-08-15 11:25:34,contratos,CO1.PCCNTR.9801343,2026-08-13,INSTITUTO DEPARTAMENTAL DE BELLAS ARTES,Descentralizadas de la Gobernación,Contexto,5492667
2026-08-15 11:25:34,contratos,CO1.PCCNTR.9800952,2026-08-13,INSTITUTO DEPARTAMENTAL DE BELLAS ARTES,Descentralizadas de la Gobernación,Contexto,19688000
2026-08-15 11:25:34,contratos,CO1.PCCNTR.9801757,2026-08-13,EMPRESA SOCIAL DEL ESTADO HOSPITAL BENJAMIN BARNEY GASCA,Otras entidades del Valle,Contexto,3000000
2026-08-15 11:25:34,contratos,CO1.PCCNTR.9804998,2026-08-13,MUNICIPIO DE YUMBO VALLE,Otras entidades del Valle,Contexto,10000000
2026-08-15 11:25:34,contratos,CO1.PCCNTR.9803065,2026-08-12,ALCALDIA DISTRITAL DE BUENAVENTURA-VALLE,Otras entidades del Valle,Contexto,21218000
2026-08-15 11:25:34,contratos,CO1.PCCNTR.9801964,2026-08-13,EMPRESA SOCIAL DEL ESTADO HOSPITAL BENJAMIN BARNEY GASCA,Otras entidades del Valle,Contexto,2350000
2026-08-15 11:25:34,contratos,CO1.PCCNTR.9806146,2026-08-14,ESE HOSPITAL PILOTO JAMUNDI,Otras entidades del Valle,Contexto,5000000
2026-08-15 11:25:34,contratos,CO1.PCCNTR.9806209,2026-08-13,MUNICIPIO DE FLORIDA,Otras entidades del Valle,Contexto,8400000
2026-08-15 11:25:34,contratos,CO1.PCCNTR.9809601,2026-08-13,ALCALDIA MUNICIPIO DE JAMUNDI,Otras entidades del Valle,Contexto,11500000
2026-08-15 11:25:34,contratos,CO1.PCCNTR.9783515,2026-08-13,CENTRO DE DIAGNOSTICO AUTOMOTOR DEL VALLE LIMITADA,Otras entidades del Valle,Contexto,10134200
2026-08-15 11:25:34,contratos,CO1.PCCNTR.9811607,2026-08-14,ALCALDIA MUNICIPAL DE ANDALUCIA VALLE DEL CAUCA,Otras entidades del Valle,Contexto,14000000
2026-08-15 11:25:34,contratos,CO1.PCCNTR.9803134,2026-08-13,ALCALDIA MUNICIPIO DE JAMUNDI,Otras entidades del Valle,Contexto,27000000
2026-08-15 11:25:34,contratos,CO1.PCCNTR.9809534,2026-08-13,ALCALDÍA MUNICIPIO DE PALMIRA,Otras entidades del Valle,Contexto,15000000
2026-08-15 11:25:34,contratos,CO1.PCCNTR.9801734,2026-08-13,INSTITUTO DEPARTAMENTAL DE BELLAS ARTES,Descentralizadas de la Gobernación,Contexto,14725424
2026-08-15 11:25:34,contratos,CO1.PCCNTR.9808937,2026-08-13,ALCALDIA MUNICIPIO DE JAMUNDI,Otras entidades del Valle,Contexto,15000000
2026-08-15 11:25:34,contratos,CO1.PCCNTR.9808244,2026-08-13,ALCALDIA DISTRITAL DE BUENAVENTURA-VALLE,Otras entidades del Valle,Contexto,18565750
2026-08-15 11:25:34,contratos,CO1.PCCNTR.9800324,2026-08-13,LOCALIDAD ISLA DEL CASCAJAL,Otras entidades del Valle,Contexto,35878500
2026-08-15 11:25:34,contratos,CO1.PCCNTR.9800828,2026-08-12,ALCALDIA DISTRITAL DE BUENAVENTURA-VALLE,Otras entidades del Valle,Contexto,18565750
2026-08-15 11:25:34,contratos,CO1.PCCNTR.9805495,2026-08-13,CVC,Otras entidades del Valle,Contexto,25000000
2026-08-15 11:25:34,contratos,CO1.PCCNTR.9801180,2026-08-13,EMPRESA SOCIAL DEL ESTADO HOSPITAL BENJAMIN BARNEY GASCA,Otras entidades del Valle,Contexto,2350000
2026-08-15 11:25:34,contratos,CO1.PCCNTR.9805060,2026-08-13,MUNICIPIO DE YUMBO VALLE,Otras entidades del Valle,Contexto,10000000
2026-08-15 11:25:34,contratos,CO1.PCCNTR.9803139,2026-08-13,ALCALDIA DISTRITAL DE BUENAVENTURA-VALLE,Otras entidades del Valle,Contexto,18565750
2026-08-15 11:25:34,contratos,CO1.PCCNTR.9803233,2026-08-13,MUNICIPIO DE YUMBO VALLE,Otras entidades del Valle,Contexto,16400000
2026-08-15 11:25:34,contratos,CO1.PCCNTR.9800507,2026-08-12,ALCALDIA MUNICIPIO DE JAMUNDI,Otras entidades del Valle,Contexto,20000000
2026-08-15 11:25:34,contratos,CO1.PCCNTR.9780489,2026-08-12,EDRU EICE,Otras entidades del Valle,Contexto,17169000
2026-08-15 11:25:34,contratos,CO1.PCCNTR.9801206,2026-08-13,ALCALDIA DISTRITAL DE BUENAVENTURA-VALLE,Otras entidades del Valle,Contexto,18565750
2026-08-15 11:25:34,contratos,CO1.PCCNTR.9800441,2026-08-13,Secretaría de Hacienda - Alcaldía de Tuluá,Otras entidades del Valle,Contexto,32500000
2026-08-15 11:25:34,contratos,CO1.PCCNTR.9805095,2026-08-14,CONCEJO MUNICIPAL DE CANDELARIA,Otras entidades del Valle,Contexto,11280000
2026-08-15 11:25:34,contratos,CO1.PCCNTR.9805017,2026-08-13,MUNICIPIO DE CARTAGO,Otras entidades del Valle,Contexto,12000000
2026-08-15 11:25:34,contratos,CO1.PCCNTR.9802005,2026-08-13,EMPRESA SOCIAL DEL ESTADO HOSPITAL BENJAMIN BARNEY GASCA,Otras entidades del Valle,Contexto,2120000
2026-08-15 11:25:34,contratos,CO1.PCCNTR.9806661,2026-08-13,MUNICIPIO DE LA UNION,Otras entidades del Valle,Contexto,12124820
2026-08-15 11:25:34,contratos,CO1.PCCNTR.9805669,2026-08-14,ALCALDIA MUNICIPIO DE JAMUNDI,Otras entidades del Valle,Contexto,18000000
2026-08-15 11:25:34,contratos,CO1.PCCNTR.9807273,2026-08-14,ALCALDIA MUNICIPAL DE ANDALUCIA VALLE DEL CAUCA,Otras entidades del Valle,Contexto,9600000
2026-08-15 11:25:34,contratos,CO1.PCCNTR.9801174,2026-08-14,UNIDAD CENTRAL DEL VALLE DEL CAUCA,Otras entidades del Valle,Contexto,6633606
2026-08-15 11:25:34,contratos,CO1.PCCNTR.9792111,2026-08-13,MUNICIPIO DE YUMBO VALLE,Otras entidades del Valle,Contexto,10000000
2026-08-15 11:25:34,contratos,CO1.PCCNTR.9799502,2026-08-12,MUNICIPIO DE CALIMA EL DARIEN VALLE,Otras entidades del Valle,Contexto,9166665
2026-08-15 11:25:34,contratos,CO1.PCCNTR.9809558,2026-08-13,MUNICIPIO DE CARTAGO,Otras entidades del Valle,Contexto,22500000
2026-08-15 11:25:34,contratos,CO1.PCCNTR.9800866,2026-08-12,MUNICIPIO DE CARTAGO,Otras entidades del Valle,Contexto,24750000
2026-08-15 11:25:34,contratos,CO1.PCCNTR.9804326,2026-08-13,ALCALDIA MUNICIPAL DE YOTOCO,Otras entidades del Valle,Contexto,17330000
2026-08-15 11:25:34,contratos,CO1.PCCNTR.9800453,2026-08-13,Secretaría de Hacienda - Alcaldía de Tuluá,Otras entidades del Valle,Contexto,19850000
2026-08-15 11:25:34,contratos,CO1.PCCNTR.9809997,2026-08-14,INSTITUTO COLOMBIANO DE BALLET CLÁSICO INCOLBALLET,Otras entidades del Valle,Contexto,4500000
2026-08-15 11:25:34,contratos,CO1.PCCNTR.9807968,2026-08-13,ALCALDIA MUNICIPIO DE JAMUNDI,Otras entidades del Valle,Contexto,14000000
2026-08-15 11:25:34,contratos,CO1.PCCNTR.9804956,2026-08-13,Secretaria de Desarrollo Agropecuario y Medio Ambiente - Alcaldía de Tuluá,Otras entidades del Valle,Contexto,14000000
2026-08-15 11:25:34,contratos,CO1.PCCNTR.9780942,2026-08-12,ALCALDIA DISTRITAL DE BUENAVENTURA-VALLE,Otras entidades del Valle,Contexto,8487200
2026-08-15 11:25:34,contratos,CO1.PCCNTR.9800590,2026-08-12,EMPRESAS MUNICIPALES DE TULUA E.S.P.,Otras entidades del Valle,Contexto,12020400
2026-08-15 11:25:34,contratos,CO1.PCCNTR.9801517,2026-08-13,ALCALDIA DE ALCALA,Otras entidades del Valle,Contexto,12500000
2026-08-15 11:25:34,contratos,CO1.PCCNTR.9801927,2026-08-13,EMPRESA SOCIAL DEL ESTADO HOSPITAL BENJAMIN BARNEY GASCA,Otras entidades del Valle,Contexto,2387000
2026-08-15 11:25:34,contratos,CO1.PCCNTR.9804342,2026-08-13,CVC,Otras entidades del Valle,Contexto,13950000
2026-08-15 11:25:34,contratos,CO1.PCCNTR.9799996,2026-08-13,LOCALIDAD ISLA DEL CASCAJAL,Otras entidades del Valle,Contexto,33602500
2026-08-15 11:25:34,contratos,CO1.PCCNTR.9807558,2026-08-13,MUNICIPIO DE LA UNION,Otras entidades del Valle,Contexto,7387461
2026-08-15 11:25:34,contratos,CO1.PCCNTR.9803916,2026-08-12,INSTITUTO MUNICIPAL DEL DEPORTE Y LA RECREACION DE YUMBO,Otras entidades del Valle,Contexto,8000000
2026-08-15 11:25:34,contratos,CO1.PCCNTR.9799665,2026-08-12,ALCALDIA DISTRITAL DE BUENAVENTURA-VALLE,Otras entidades del Valle,Contexto,7426300
2026-08-15 11:25:34,contratos,CO1.PCCNTR.9783195,2026-08-13,CENTRO DE DIAGNOSTICO AUTOMOTOR DEL VALLE LIMITADA,Otras entidades del Valle,Contexto,15834686
2026-08-15 11:25:34,contratos,CO1.PCCNTR.9771088,2026-08-12,ALCALDIA DISTRITAL DE BUENAVENTURA-VALLE,Otras entidades del Valle,Contexto,353200000
2026-08-15 11:25:34,contratos,CO1.PCCNTR.9805385,2026-08-13,ICBF REGIONAL VALLE DEL CAUCA,Otras entidades del Valle,Contexto,16389833
2026-08-15 11:25:34,contratos,CO1.PCCNTR.9807784,2026-08-13,INSTITUTO COLOMBIANO DE BALLET CLÁSICO INCOLBALLET,Otras entidades del Valle,Contexto,5000000
2026-08-15 11:25:34,contratos,CO1.PCCNTR.9808311,2026-08-13,ALCALDIA MUNICIPIO DE JAMUNDI,Otras entidades del Valle,Contexto,20000000
2026-08-15 11:25:34,contratos,CO1.PCCNTR.9810769,2026-08-14,MUNICIPIO DE BUGALAGRANDE,Otras entidades del Valle,Contexto,24255000
2026-08-15 11:25:34,contratos,CO1.PCCNTR.9806982,2026-08-14,ALCALDIA MUNICIPAL DE YOTOCO,Otras entidades del Valle,Contexto,13080000
2026-08-15 11:25:34,contratos,CO1.PCCNTR.9799581,2026-08-12,ALCALDÍA MUNICIPIO DE PALMIRA,Otras entidades del Valle,Contexto,10000000
2026-08-15 11:25:34,contratos,CO1.PCCNTR.9809730,2026-08-13,MUNICIPIO DE CARTAGO,Otras entidades del Valle,Contexto,264573483.32
2026-08-15 11:25:34,contratos,CO1.PCCNTR.9789313,2026-08-12,ALCALDIA MUNICIPIO DE JAMUNDI,Otras entidades del Valle,Contexto,14000000
2026-08-15 11:25:34,contratos,CO1.PCCNTR.9801679,2026-08-12,EMPRESAS MUNICIPALES DE TULUA E.S.P.,Otras entidades del Valle,Contexto,77685915
2026-08-15 11:25:34,contratos,CO1.PCCNTR.9794169,2026-08-13,ESE HOSPITAL PILOTO JAMUNDI,Otras entidades del Valle,Contexto,80000000
2026-08-15 11:25:34,contratos,CO1.PCCNTR.9796011,2026-08-13,EMPRESA SOCIAL DEL ESTADO HOSPITAL BENJAMIN BARNEY GASCA,Otras entidades del Valle,Contexto,3100000
2026-08-15 11:25:34,contratos,CO1.PCCNTR.9804708,2026-08-13,CVC,Otras entidades del Valle,Contexto,1430462748
2026-08-15 11:25:34,contratos,CO1.PCCNTR.9801338,2026-08-13,ALCALDIA DISTRITAL DE BUENAVENTURA-VALLE,Otras entidades del Valle,Contexto,39294139.84
2026-08-15 11:25:34,contratos,CO1.PCCNTR.9805422,2026-08-13,MUNICIPIO DE FLORIDA,Otras entidades del Valle,Contexto,10000000
2026-08-15 11:25:34,contratos,CO1.PCCNTR.9805210,2026-08-14,ALCALDIA MUNICIPAL DE YOTOCO,Otras entidades del Valle,Contexto,11500000
2026-08-15 11:25:34,contratos,CO1.PCCNTR.9805964,2026-08-13,CVC,Otras entidades del Valle,Contexto,36005322
2026-08-15 11:25:34,contratos,CO1.PCCNTR.9800083,2026-08-13,HOSPITAL MUNICIPAL LUIS ABLANQUE DE LA PLATA EMPRESA SOCIAL DEL ESTADO,Otras entidades del Valle,Contexto,27500000
2026-08-15 11:25:34,contratos,CO1.PCCNTR.9809541,2026-08-13,ALCALDÍA MUNICIPIO DE PALMIRA,Otras entidades del Valle,Contexto,8000000
2026-08-15 11:25:34,contratos,CO1.PCCNTR.9804908,2026-08-13,CVC,Otras entidades del Valle,Contexto,714025432
2026-08-15 11:25:34,contratos,CO1.PCCNTR.9807856,2026-08-13,SISTEMA INTEGRADO DE TRANSPORTE REGIONAL EN EL GRAN VALLE SOCIEDAD POR ACCIONES SIMPLIFICADA,Otras entidades del Valle,Contexto,14000000
2026-08-15 11:25:34,contratos,CO1.PCCNTR.9807754,2026-08-13,SISTEMA INTEGRADO DE TRANSPORTE REGIONAL EN EL GRAN VALLE SOCIEDAD POR ACCIONES SIMPLIFICADA,Otras entidades del Valle,Contexto,15400000
2026-08-15 11:25:34,contratos,CO1.PCCNTR.9782601,2026-08-12,IPC,Otras entidades del Valle,Contexto,5231958
2026-08-15 11:25:34,contratos,CO1.PCCNTR.9809514,2026-08-13,ALCALDIA MUNICIPIO DE JAMUNDI,Otras entidades del Valle,Contexto,25000000
2026-08-15 11:25:34,contratos,CO1.PCCNTR.9804113,2026-08-13,INSTITUTO MUNICIPAL DEL DEPORTE Y LA RECREACION DE YUMBO,Otras entidades del Valle,Contexto,8800000
2026-08-15 11:25:34,contratos,CO1.PCCNTR.9781427,2026-08-13,ALCALDIA DISTRITAL DE BUENAVENTURA-VALLE,Otras entidades del Valle,Contexto,6365400
2026-08-15 11:25:34,contratos,CO1.PCCNTR.9799773,2026-08-13,ALCALDIA DISTRITAL DE BUENAVENTURA-VALLE,Otras entidades del Valle,Contexto,13261250
2026-08-15 11:25:34,contratos,CO1.PCCNTR.9804035,2026-08-13,Secretaría de Hacienda - Alcaldía de Tuluá,Otras entidades del Valle,Contexto,19850000
2026-08-15 11:25:34,contratos,CO1.PCCNTR.9802659,2026-08-12,MUNICIPIO DE YUMBO VALLE,Otras entidades del Valle,Contexto,8800000
2026-08-15 11:25:34,contratos,CO1.PCCNTR.9801939,2026-08-13,INSTITUTO DEPARTAMENTAL DE BELLAS ARTES,Descentralizadas de la Gobernación,Contexto,27040000
2026-08-15 11:25:34,contratos,CO1.PCCNTR.9803225,2026-08-13,MUNICIPIO DE YUMBO VALLE,Otras entidades del Valle,Contexto,8800000
2026-08-15 11:25:34,contratos,CO1.PCCNTR.9798774,2026-08-13,BIBLIOTECA DEPARTAMENTAL JORGE GARCES BORRERO,Descentralizadas de la Gobernación,Contexto,15800000
2026-08-15 11:25:34,contratos,CO1.PCCNTR.9804740,2026-08-13,ALCALDIA MUNICIPAL DE BUGA,Otras entidades del Valle,Contexto,8000000
2026-08-15 11:25:34,contratos,CO1.PCCNTR.9804345,2026-08-13,Secretaría de Hacienda - Alcaldía de Tuluá,Otras entidades del Valle,Contexto,14310000
2026-08-15 11:25:34,contratos,CO1.PCCNTR.9805193,2026-08-13,MUNICIPIO DE EL CERRITO.,Otras entidades del Valle,Contexto,20800000
2026-08-15 11:25:34,contratos,CO1.PCCNTR.9798283,2026-08-13,ALCALDIA MUNICIPAL DE YOTOCO,Otras entidades del Valle,Contexto,13625000
2026-08-15 11:25:34,contratos,CO1.PCCNTR.9807138,2026-08-14,ALCALDIA MUNICIPAL DE YOTOCO,Otras entidades del Valle,Contexto,11500000
2026-08-15 11:25:34,contratos,CO1.PCCNTR.9801999,2026-08-13,INSTITUTO MUNICIPAL DEL DEPORTE Y LA RECREACION DE PALMIRA,Otras entidades del Valle,Contexto,12000000
2026-08-15 11:25:34,contratos,CO1.PCCNTR.9800218,2026-08-12,PERSONERIA MUNICIPAL DE FLORIDA VALLE DEL CAUCA,Otras entidades del Valle,Contexto,10500000
2026-08-15 11:25:34,contratos,CO1.PCCNTR.9778079,2026-08-13,ALCALDIA DISTRITAL DE BUENAVENTURA-VALLE,Otras entidades del Valle,Contexto,12094260
2026-08-15 11:25:34,contratos,CO1.PCCNTR.9810747,2026-08-14,MUNICIPIO DE CARTAGO,Otras entidades del Valle,Contexto,15750000
2026-08-15 11:25:34,contratos,CO1.PCCNTR.9801960,2026-08-12,ALCALDIA DISTRITAL DE BUENAVENTURA-VALLE,Otras entidades del Valle,Contexto,18565750
2026-08-15 11:25:34,contratos,CO1.PCCNTR.9799834,2026-08-12,HOSPITAL MUNICIPAL LUIS ABLANQUE DE LA PLATA EMPRESA SOCIAL DEL ESTADO,Otras entidades del Valle,Contexto,30000000
2026-08-15 11:25:34,contratos,CO1.PCCNTR.9803022,2026-08-12,ALCALDIA DISTRITAL DE BUENAVENTURA-VALLE,Otras entidades del Valle,Contexto,18565750
2026-08-15 11:25:34,contratos,CO1.PCCNTR.9783456,2026-08-13,CENTRO DE DIAGNOSTICO AUTOMOTOR DEL VALLE LIMITADA,Otras entidades del Valle,Contexto,6967262
2026-08-15 11:25:34,contratos,CO1.PCCNTR.9809770,2026-08-14,ALCALDIA MUNICIPIO DE JAMUNDI,Otras entidades del Valle,Contexto,15000000
2026-08-15 11:25:34,contratos,CO1.PCCNTR.9800383,2026-08-12,MUNICIPIO DE YUMBO VALLE,Otras entidades del Valle,Contexto,1255648016
2026-08-15 11:25:34,contratos,CO1.PCCNTR.9792925,2026-08-13,IMVIYUMBO,Otras entidades del Valle,Contexto,16400000
2026-08-15 11:25:34,contratos,CO1.PCCNTR.9778442,2026-08-13,ALCALDIA DISTRITAL DE BUENAVENTURA-VALLE,Otras entidades del Valle,Contexto,11139450
2026-08-15 11:25:34,contratos,CO1.PCCNTR.9804862,2026-08-13,MUNICIPIO DE YUMBO VALLE,Otras entidades del Valle,Contexto,16400000
2026-08-15 11:25:34,contratos,CO1.PCCNTR.9778666,2026-08-13,DEPARTAMENTO ADMINISTRATIVO NACIONAL DE ESTADISTICA-SUROCCIDENTE,Otras entidades del Valle,Contexto,6000000
2026-08-15 11:25:34,contratos,CO1.PCCNTR.9800480,2026-08-13,Secretaría de Hacienda - Alcaldía de Tuluá,Otras entidades del Valle,Contexto,14310000
2026-08-15 11:25:34,contratos,CO1.PCCNTR.9800849,2026-08-13,MUNICIPIO DE FLORIDA,Otras entidades del Valle,Contexto,10000000
2026-08-15 11:25:34,contratos,CO1.PCCNTR.9812168,2026-08-14,MUNICIPIO DE YUMBO VALLE,Otras entidades del Valle,Contexto,10000000
2026-08-15 11:25:34,contratos,CO1.PCCNTR.9807135,2026-08-13,INSTITUTO COLOMBIANO DE BALLET CLÁSICO INCOLBALLET,Otras entidades del Valle,Contexto,4500000
2026-08-15 11:25:34,contratos,CO1.PCCNTR.9796611,2026-08-12,BIBLIOTECA DEPARTAMENTAL JORGE GARCES BORRERO,Descentralizadas de la Gobernación,Contexto,11850000
2026-08-15 11:25:34,contratos,CO1.PCCNTR.9801641,2026-08-13,INSTITUCION EDUCATIVA TITAN,Otras entidades del Valle,Contexto,5402527
2026-08-15 11:25:34,contratos,CO1.PCCNTR.9809606,2026-08-13,ALCALDÍA MUNICIPIO DE PALMIRA,Otras entidades del Valle,Contexto,40000000
2026-08-15 11:25:34,contratos,CO1.PCCNTR.9800517,2026-08-13,EMPRESA SOCIAL DEL ESTADO HOSPITAL BENJAMIN BARNEY GASCA,Otras entidades del Valle,Contexto,2120000
2026-08-15 11:25:34,contratos,CO1.PCCNTR.9800573,2026-08-13,Departamento Administrativo de Planeación - Alcaldía de Tuluá,Otras entidades del Valle,Contexto,17172000
2026-08-15 11:25:34,contratos,CO1.PCCNTR.9778058,2026-08-13,ALCALDIA MUNICIPIO DE JAMUNDI,Otras entidades del Valle,Contexto,17500000
2026-08-15 11:25:34,contratos,CO1.PCCNTR.9780093,2026-08-14,MUNICIPIO DE SAN JUAN BAUTISTA DE GUACARI2,Otras entidades del Valle,Contexto,17500000
2026-08-15 11:25:34,contratos,CO1.PCCNTR.9803483,2026-08-14,ALCALDIA MUNICIPAL DE YOTOCO,Otras entidades del Valle,Contexto,10399500
2026-08-15 11:25:34,contratos,CO1.PCCNTR.9800820,2026-08-13,INSTITUTO DEPARTAMENTAL DE BELLAS ARTES,Descentralizadas de la Gobernación,Contexto,13364000
2026-08-15 11:25:34,contratos,CO1.PCCNTR.9799753,2026-08-12,ALCALDÍA MUNICIPIO DE PALMIRA,Otras entidades del Valle,Contexto,12000000
2026-08-15 11:25:34,contratos,CO1.PCCNTR.9805789,2026-08-13,ALCALDIA MUNICIPIO DE JAMUNDI,Otras entidades del Valle,Contexto,13800000
2026-08-15 11:25:34,contratos,CO1.PCCNTR.9768076,2026-08-13,INSTITUTO TECNICO NACIONAL DE COMERCIO SIMON RODRIGUEZ,Otras entidades del Valle,Contexto,15250000
2026-08-15 11:25:34,contratos,CO1.PCCNTR.9800762,2026-08-13,INSTITUTO DEPARTAMENTAL DE BELLAS ARTES,Descentralizadas de la Gobernación,Contexto,13200000
2026-08-15 11:25:34,contratos,CO1.PCCNTR.9800371,2026-08-13,ALCALDIA MUNICIPIO DE JAMUNDI,Otras entidades del Valle,Contexto,19000000
2026-08-15 11:25:34,contratos,CO1.PCCNTR.9806957,2026-08-13,ALCALDIA DISTRITAL DE BUENAVENTURA-VALLE,Otras entidades del Valle,Contexto,18565750
2026-08-15 11:25:34,contratos,CO1.PCCNTR.9800254,2026-08-13,ALCALDIA DISTRITAL DE BUENAVENTURA-VALLE,Otras entidades del Valle,Contexto,10609000
2026-08-15 11:25:34,contratos,CO1.PCCNTR.9801510,2026-08-13,INSTITUTO DEPARTAMENTAL DE BELLAS ARTES,Descentralizadas de la Gobernación,Contexto,22256000
2026-08-15 11:25:34,contratos,CO1.PCCNTR.9803305,2026-08-13,MUNICIPIO DE YUMBO VALLE,Otras entidades del Valle,Contexto,8800000
2026-08-15 11:25:34,contratos,CO1.PCCNTR.9801944,2026-08-13,EMPRESA SOCIAL DEL ESTADO HOSPITAL BENJAMIN BARNEY GASCA,Otras entidades del Valle,Contexto,2120000
2026-08-15 11:25:34,contratos,CO1.PCCNTR.9796990,2026-08-12,ALCALDIA DISTRITAL DE BUENAVENTURA-VALLE,Otras entidades del Valle,Contexto,26522500
2026-08-15 11:25:34,contratos,CO1.PCCNTR.9783511,2026-08-12,CENTRO DE DIAGNOSTICO AUTOMOTOR DEL VALLE LIMITADA,Otras entidades del Valle,Contexto,15834686
2026-08-15 11:25:34,contratos,CO1.PCCNTR.9799499,2026-08-13,ESTABLECIMIENTO PÚBLICO AMBIENTAL DEL DISTRITO DE BUENAVENTURA,Otras entidades del Valle,Contexto,488320000
2026-08-15 11:25:34,contratos,CO1.PCCNTR.9803281,2026-08-14,BIBLIOTECA DEPARTAMENTAL JORGE GARCES BORRERO,Descentralizadas de la Gobernación,Contexto,19400000
2026-08-15 11:25:34,contratos,CO1.PCCNTR.9805568,2026-08-13,MUNICIPIO DE FLORIDA,Otras entidades del Valle,Contexto,7500000
2026-08-15 11:25:34,contratos,CO1.PCCNTR.9804278,2026-08-13,INSTITUTO DEPARTAMENTAL DE BELLAS ARTES,Descentralizadas de la Gobernación,Contexto,23540000
2026-08-15 11:25:34,contratos,CO1.PCCNTR.9798156,2026-08-13,EMPRESA SOCIAL DEL ESTADO HOSPITAL BENJAMIN BARNEY GASCA,Otras entidades del Valle,Contexto,2240000
2026-08-15 11:25:34,contratos,CO1.PCCNTR.9800572,2026-08-12,ALCALDIA DISTRITAL DE BUENAVENTURA-VALLE,Otras entidades del Valle,Contexto,10609000
2026-08-15 11:25:34,contratos,CO1.PCCNTR.9811398,2026-08-14,ALCALDIA MUNICIPAL DE ANDALUCIA VALLE DEL CAUCA,Otras entidades del Valle,Contexto,9600000
2026-08-15 11:25:34,contratos,CO1.PCCNTR.9805580,2026-08-13,ALCALDIA MUNICIPIO DE JAMUNDI,Otras entidades del Valle,Contexto,11500000
2026-08-15 11:25:34,contratos,CO1.PCCNTR.9798180,2026-08-12,ALCALDIA MUNICIPAL DE YOTOCO,Otras entidades del Valle,Contexto,9200000
2026-08-15 11:25:34,contratos,CO1.PCCNTR.9804982,2026-08-13,MUNICIPIO DE YUMBO VALLE,Otras entidades del Valle,Contexto,10000000
2026-08-15 11:25:34,contratos,CO1.PCCNTR.9798400,2026-08-12,ALCALDIA MUNICIPAL DE YOTOCO,Otras entidades del Valle,Contexto,16350000
2026-08-15 11:25:34,contratos,CO1.PCCNTR.9810767,2026-08-14,MUNICIPIO DE BUGALAGRANDE,Otras entidades del Valle,Contexto,24255000
2026-08-15 11:25:34,contratos,CO1.PCCNTR.9801294,2026-08-12,ALCALDIA DISTRITAL DE BUENAVENTURA-VALLE,Otras entidades del Valle,Contexto,10609000
2026-08-15 11:25:34,contratos,CO1.PCCNTR.9807762,2026-08-14,ALCALDIA MUNICIPAL DE ANDALUCIA VALLE DEL CAUCA,Otras entidades del Valle,Contexto,11800000
2026-08-15 11:25:34,contratos,CO1.PCCNTR.9796562,2026-08-12,BIBLIOTECA DEPARTAMENTAL JORGE GARCES BORRERO,Descentralizadas de la Gobernación,Contexto,32500000
2026-08-15 11:25:34,contratos,CO1.PCCNTR.9800406,2026-08-13,Secretaría de Hacienda - Alcaldía de Tuluá,Otras entidades del Valle,Contexto,19850000
2026-08-15 11:25:34,contratos,CO1.PCCNTR.9800738,2026-08-12,MUNICIPIO DE OBANDO VALLE,Otras entidades del Valle,Contexto,25000000
2026-08-15 11:25:34,contratos,CO1.PCCNTR.9781311,2026-08-14,CVC,Otras entidades del Valle,Contexto,4991146524
2026-08-15 11:25:34,contratos,CO1.PCCNTR.9804964,2026-08-13,MUNICIPIO DE YUMBO VALLE,Otras entidades del Valle,Contexto,8800000
2026-08-15 11:25:34,contratos,CO1.PCCNTR.9798192,2026-08-12,ALCALDIA MUNICIPAL DE YOTOCO,Otras entidades del Valle,Contexto,9200000
2026-08-15 11:25:34,contratos,CO1.PCCNTR.9799283,2026-08-12,MUNICIPIO DE CALIMA EL DARIEN VALLE,Otras entidades del Valle,Contexto,9166665
2026-08-15 11:25:34,contratos,CO1.PCCNTR.9809727,2026-08-13,ALCALDÍA MUNICIPIO DE PALMIRA,Otras entidades del Valle,Contexto,28000000
2026-08-15 11:25:34,contratos,CO1.PCCNTR.9807185,2026-08-13,ALCALDIA MUNICIPIO DE JAMUNDI,Otras entidades del Valle,Contexto,15000000
2026-08-15 11:25:34,contratos,CO1.PCCNTR.9806713,2026-08-14,ALCALDIA MUNICIPAL DE YOTOCO,Otras entidades del Valle,Contexto,11990000
2026-08-15 11:25:34,contratos,CO1.PCCNTR.9806000,2026-08-13,ALCALDIA DISTRITAL DE BUENAVENTURA-VALLE,Otras entidades del Valle,Contexto,18565750
2026-08-15 11:25:34,contratos,CO1.PCCNTR.9805075,2026-08-13,MUNICIPIO DE FLORIDA,Otras entidades del Valle,Contexto,6300000
2026-08-15 11:25:34,contratos,CO1.PCCNTR.9802687,2026-08-13,MUNICIPIO DE YUMBO VALLE,Otras entidades del Valle,Contexto,8800000
2026-08-15 11:25:34,contratos,CO1.PCCNTR.9796543,2026-08-12,BIBLIOTECA DEPARTAMENTAL JORGE GARCES BORRERO,Descentralizadas de la Gobernación,Contexto,14550000
2026-08-15 11:25:34,contratos,CO1.PCCNTR.9807269,2026-08-13,SISTEMA INTEGRADO DE TRANSPORTE REGIONAL EN EL GRAN VALLE SOCIEDAD POR ACCIONES SIMPLIFICADA,Otras entidades del Valle,Contexto,15400000
2026-08-15 11:25:34,contratos,CO1.PCCNTR.9802026,2026-08-13,INSTITUTO DEPARTAMENTAL DE BELLAS ARTES,Descentralizadas de la Gobernación,Contexto,11025000
2026-08-15 11:25:34,contratos,CO1.PCCNTR.9809221,2026-08-14,MUNICIPIO DE LA UNION,Otras entidades del Valle,Contexto,15243500
2026-08-15 11:25:34,contratos,CO1.PCCNTR.9797564,2026-08-13,Secretaría de Bienestar Social - Alcaldía de Tuluá,Otras entidades del Valle,Contexto,15880000
2026-08-15 11:25:34,contratos,CO1.PCCNTR.9809782,2026-08-13,ALCALDIA MUNICIPIO DE JAMUNDI,Otras entidades del Valle,Contexto,11500000
2026-08-15 11:25:34,contratos,CO1.PCCNTR.9804836,2026-08-13,MUNICIPIO DE YUMBO VALLE,Otras entidades del Valle,Contexto,8800000
2026-08-15 11:25:34,contratos,CO1.PCCNTR.9811766,2026-08-14,VALLECAUCANA DE AGUAS S.A. E.S.P,Descentralizadas de la Gobernación,Contexto,30000000
2026-08-15 11:25:34,contratos,CO1.PCCNTR.9804425,2026-08-13,INSTITUTO MUNICIPAL DEL DEPORTE Y LA RECREACION DE YUMBO,Otras entidades del Valle,Contexto,16400000
2026-08-15 11:25:34,contratos,CO1.PCCNTR.9799750,2026-08-12,ALCALDÍA MUNICIPIO DE PALMIRA,Otras entidades del Valle,Contexto,14000000
2026-08-15 11:25:34,contratos,CO1.PCCNTR.9793012,2026-08-12,DISPENSARIO MEDICO DE CALI,Otras entidades del Valle,Contexto,40905000
2026-08-15 11:25:34,contratos,CO1.PCCNTR.9736483,2026-08-12,REGIONAL DE ASEGURAMIENTO EN SALUD No. 4,Otras entidades del Valle,Contexto,806039061.58
2026-08-15 11:25:34,contratos,CO1.PCCNTR.9807349,2026-08-13,SISTEMA INTEGRADO DE TRANSPORTE REGIONAL EN EL GRAN VALLE SOCIEDAD POR ACCIONES SIMPLIFICADA,Otras entidades del Valle,Contexto,20000000
2026-08-15 11:25:34,contratos,CO1.PCCNTR.9778488,2026-08-14,UNIAJC,Otras entidades del Valle,Contexto,12450000
2026-08-15 11:25:34,contratos,CO1.PCCNTR.9794954,2026-08-13,ALCALDIA LOCAL CONTINENTE EL PAILON DEL DISTRITO DE BUENAVENTURA,Otras entidades del Valle,Contexto,48253681
2026-08-15 11:25:34,contratos,CO1.PCCNTR.9799447,2026-08-12,MUNICIPIO DE FLORIDA,Otras entidades del Valle,Contexto,9600000
2026-08-15 11:25:34,contratos,CO1.PCCNTR.9800030,2026-08-13,EMPRESA SOCIAL DEL ESTADO HOSPITAL BENJAMIN BARNEY GASCA,Otras entidades del Valle,Contexto,2387000
2026-08-15 11:25:34,contratos,CO1.PCCNTR.9806049,2026-08-13,MUNICIPIO DE EL CERRITO.,Otras entidades del Valle,Contexto,32500000
2026-08-15 11:25:34,contratos,CO1.PCCNTR.9807914,2026-08-13,SISTEMA INTEGRADO DE TRANSPORTE REGIONAL EN EL GRAN VALLE SOCIEDAD POR ACCIONES SIMPLIFICADA,Otras entidades del Valle,Contexto,15400000
2026-08-15 11:25:34,contratos,CO1.PCCNTR.9804333,2026-08-14,ESAP TERRITORIAL VALLE DEL CAUCA,Otras entidades del Valle,Contexto,8474000
2026-08-15 11:25:34,contratos,CO1.PCCNTR.9795244,2026-08-13,INSTITUTO DEPARTAMENTAL DE BELLAS ARTES,Descentralizadas de la Gobernación,Contexto,4491524
2026-08-15 11:25:34,contratos,CO1.PCCNTR.9801814,2026-08-13,EMPRESA SOCIAL DEL ESTADO HOSPITAL BENJAMIN BARNEY GASCA,Otras entidades del Valle,Contexto,5000000
2026-08-15 11:25:34,contratos,CO1.PCCNTR.9805835,2026-08-13,CVC,Otras entidades del Valle,Contexto,30680000
2026-08-15 11:25:34,contratos,CO1.PCCNTR.9808135,2026-08-13,IPC,Otras entidades del Valle,Contexto,8109536
2026-08-15 11:25:34,contratos,CO1.PCCNTR.9796956,2026-08-12,BIBLIOTECA DEPARTAMENTAL JORGE GARCES BORRERO,Descentralizadas de la Gobernación,Contexto,15800000
2026-08-15 11:25:34,contratos,CO1.PCCNTR.9805985,2026-08-13,MUNICIPIO DE FLORIDA,Otras entidades del Valle,Contexto,10500000
2026-08-15 11:25:34,contratos,CO1.PCCNTR.9799565,2026-08-12,ALCALDÍA MUNICIPIO DE PALMIRA,Otras entidades del Valle,Contexto,14000000
2026-08-15 11:25:34,contratos,CO1.PCCNTR.9798063,2026-08-12,MUNICIPIO DE OBANDO VALLE,Otras entidades del Valle,Contexto,11500000
2026-08-15 11:25:34,contratos,CO1.PCCNTR.9807311,2026-08-13,CVC,Otras entidades del Valle,Contexto,17900240
2026-08-15 11:25:34,contratos,CO1.PCCNTR.9807996,2026-08-13,MUNICIPIO DE YUMBO VALLE,Otras entidades del Valle,Contexto,16400000
2026-08-15 11:25:34,contratos,CO1.PCCNTR.9799989,2026-08-13,Secretaría de Hacienda - Alcaldía de Tuluá,Otras entidades del Valle,Contexto,19850000
2026-08-15 11:25:34,contratos,CO1.PCCNTR.9808786,2026-08-13,BENEFICENCIA DEL VALLE DEL CAUCA E.I.C.E,Descentralizadas de la Gobernación,Contexto,17500000
2026-08-15 11:25:34,contratos,CO1.PCCNTR.9802815,2026-08-12,ALCALDIA DISTRITAL DE BUENAVENTURA-VALLE,Otras entidades del Valle,Contexto,13261250
2026-08-15 11:25:34,contratos,CO1.PCCNTR.9801748,2026-08-12,MUNICIPIO DE CARTAGO,Otras entidades del Valle,Contexto,20250000
2026-08-15 11:25:34,contratos,CO1.PCCNTR.9796136,2026-08-12,ALCALDIA DISTRITAL DE BUENAVENTURA-VALLE,Otras entidades del Valle,Contexto,18565750
2026-08-15 11:25:34,contratos,CO1.PCCNTR.9706185,2026-08-12,SENA - CENTRO LATINOAMERICANO DE ESPECIES MENORES TULUA,Otras entidades del Valle,Contexto,62722829
2026-08-15 11:25:34,contratos,CO1.PCCNTR.9800786,2026-08-13,EMPRESA SOCIAL DEL ESTADO HOSPITAL BENJAMIN BARNEY GASCA,Otras entidades del Valle,Contexto,2120000
2026-08-15 11:25:34,contratos,CO1.PCCNTR.9800845,2026-08-13,ALCALDIA DISTRITAL DE BUENAVENTURA-VALLE,Otras entidades del Valle,Contexto,13261250
2026-08-15 11:25:34,contratos,CO1.PCCNTR.9808364,2026-08-13,ALCALDIA DISTRITAL DE BUENAVENTURA-VALLE,Otras entidades del Valle,Contexto,31561775
2026-08-15 11:25:34,contratos,CO1.PCCNTR.9800600,2026-08-13,INSTITUTO DEPARTAMENTAL DE BELLAS ARTES,Descentralizadas de la Gobernación,Contexto,9165000
2026-08-15 11:25:34,contratos,CO1.PCCNTR.9806077,2026-08-14,ALCALDIA DISTRITAL DE BUENAVENTURA-VALLE,Otras entidades del Valle,Contexto,26522500
2026-08-15 11:25:34,contratos,CO1.PCCNTR.9798175,2026-08-13,EMPRESA SOCIAL DEL ESTADO HOSPITAL BENJAMIN BARNEY GASCA,Otras entidades del Valle,Contexto,2240000
2026-08-15 11:25:34,contratos,CO1.PCCNTR.9771198,2026-08-12,CENACCALI,Otras entidades del Valle,Contexto,67694412
2026-08-15 11:25:34,contratos,CO1.PCCNTR.9800781,2026-08-14,ALCALDIA DISTRITAL DE BUENAVENTURA-VALLE,Otras entidades del Valle,Contexto,18565750
2026-08-15 11:25:34,contratos,CO1.PCCNTR.9771661,2026-08-13,INSTITUTO DEPARTAMENTAL DE BELLAS ARTES,Descentralizadas de la Gobernación,Contexto,4491524
2026-08-15 11:25:34,contratos,CO1.PCCNTR.9803039,2026-08-13,ALCALDIA DISTRITAL DE BUENAVENTURA-VALLE,Otras entidades del Valle,Contexto,13261250
2026-08-15 11:25:34,contratos,CO1.PCCNTR.9792331,2026-08-13,MUNICIPIO DE YUMBO VALLE,Otras entidades del Valle,Contexto,10000000
2026-08-15 11:25:34,contratos,CO1.PCCNTR.9803221,2026-08-12,ALCALDIA DISTRITAL DE BUENAVENTURA-VALLE,Otras entidades del Valle,Contexto,18565750
2026-08-15 11:25:34,contratos,CO1.PCCNTR.9802561,2026-08-13,MUNICIPIO DE YUMBO VALLE,Otras entidades del Valle,Contexto,8800000
2026-08-15 11:25:34,contratos,CO1.PCCNTR.9810132,2026-08-14,CVC,Otras entidades del Valle,Contexto,25000000
2026-08-15 11:25:34,contratos,CO1.PCCNTR.9800079,2026-08-13,Secretaría de Hacienda - Alcaldía de Tuluá,Otras entidades del Valle,Contexto,19850000
2026-08-15 11:25:34,contratos,CO1.PCCNTR.9800405,2026-08-13,EMPRESA SOCIAL DEL ESTADO HOSPITAL BENJAMIN BARNEY GASCA,Otras entidades del Valle,Contexto,2120000
2026-08-15 11:25:34,contratos,CO1.PCCNTR.9795731,2026-08-13,EMPRESA SOCIAL DEL ESTADO HOSPITAL BENJAMIN BARNEY GASCA,Otras entidades del Valle,Contexto,2100000
2026-08-15 11:25:34,contratos,CO1.PCCNTR.9809732,2026-08-13,ALCALDÍA MUNICIPIO DE PALMIRA,Otras entidades del Valle,Contexto,28000000
2026-08-15 11:25:34,contratos,CO1.PCCNTR.9805441,2026-08-13,INSTITUTO MUNICIPAL DEL DEPORTE Y LA RECREACION DE YUMBO,Otras entidades del Valle,Contexto,8800000
2026-08-15 11:25:34,contratos,CO1.PCCNTR.9778066,2026-08-13,ALCALDIA DISTRITAL DE BUENAVENTURA-VALLE,Otras entidades del Valle,Contexto,25461600
2026-08-15 11:25:34,contratos,CO1.PCCNTR.9799681,2026-08-12,ALCALDÍA MUNICIPIO DE PALMIRA,Otras entidades del Valle,Contexto,12000000
2026-08-15 11:25:34,contratos,CO1.PCCNTR.9799566,2026-08-12,ALCALDÍA MUNICIPIO DE PALMIRA,Otras entidades del Valle,Contexto,10000000
2026-08-15 11:25:34,contratos,CO1.PCCNTR.9800967,2026-08-13,INSTITUTO DEPARTAMENTAL DE BELLAS ARTES,Descentralizadas de la Gobernación,Contexto,5492667
2026-08-15 11:25:34,contratos,CO1.PCCNTR.9800347,2026-08-13,INSTITUTO DEPARTAMENTAL DE BELLAS ARTES,Descentralizadas de la Gobernación,Contexto,22256000
2026-08-15 11:25:34,contratos,CO1.PCCNTR.9801602,2026-08-13,EMPRESA SOCIAL DEL ESTADO HOSPITAL BENJAMIN BARNEY GASCA,Otras entidades del Valle,Contexto,2120000
2026-08-15 11:25:34,contratos,CO1.PCCNTR.9806692,2026-08-13,MUNICIPIO DE LA UNION,Otras entidades del Valle,Contexto,14000000
2026-08-15 11:25:34,contratos,CO1.PCCNTR.9801729,2026-08-13,Concejo Munnicipal de Yotoco,Otras entidades del Valle,Contexto,8000000
2026-08-15 11:25:34,contratos,CO1.PCCNTR.9801615,2026-08-13,INSTITUTO DEPARTAMENTAL DE BELLAS ARTES,Descentralizadas de la Gobernación,Contexto,16050000
2026-08-15 11:25:34,contratos,CO1.PCCNTR.9799467,2026-08-13,ALCALDIA MUNICIPIO DE JAMUNDI,Otras entidades del Valle,Contexto,15000000
2026-08-15 11:25:34,contratos,CO1.PCCNTR.9807716,2026-08-13,SISTEMA INTEGRADO DE TRANSPORTE REGIONAL EN EL GRAN VALLE SOCIEDAD POR ACCIONES SIMPLIFICADA,Otras entidades del Valle,Contexto,20000000
2026-08-15 11:25:34,contratos,CO1.PCCNTR.9800791,2026-08-13,MUNICIPIO DE FLORIDA,Otras entidades del Valle,Contexto,7500000
2026-08-15 11:25:34,contratos,CO1.PCCNTR.9800900,2026-08-12,MUNICIPIO DE LA UNION,Otras entidades del Valle,Contexto,8794599
2026-08-15 11:25:34,contratos,CO1.PCCNTR.9780682,2026-08-12,ALCALDÍA MUNICIPIO DE PALMIRA,Otras entidades del Valle,Contexto,37588669
2026-08-15 11:25:34,contratos,CO1.PCCNTR.9809520,2026-08-13,ALCALDÍA MUNICIPIO DE PALMIRA,Otras entidades del Valle,Contexto,6900000
2026-08-15 11:25:34,contratos,CO1.PCCNTR.9803235,2026-08-13,MUNICIPIO DE YUMBO VALLE,Otras entidades del Valle,Contexto,16400000
2026-08-15 11:25:34,contratos,CO1.PCCNTR.9800846,2026-08-13,UNIDAD CENTRAL DEL VALLE DEL CAUCA,Otras entidades del Valle,Contexto,8000000
2026-08-15 11:25:34,contratos,CO1.PCCNTR.9779437,2026-08-13,ALCALDIA MUNICIPAL DE SAN PEDRO VALLE DEL CAUCA,Otras entidades del Valle,Contexto,12500000
2026-08-15 11:25:34,contratos,CO1.PCCNTR.9803158,2026-08-13,ALCALDIA MUNICIPIO DE JAMUNDI,Otras entidades del Valle,Contexto,27000000
2026-08-15 11:25:34,contratos,CO1.PCCNTR.9807346,2026-08-13,MUNICIPIO DE FLORIDA,Otras entidades del Valle,Contexto,6300000
2026-08-15 11:25:34,contratos,CO1.PCCNTR.9796828,2026-08-12,ALCALDIA DISTRITAL DE BUENAVENTURA-VALLE,Otras entidades del Valle,Contexto,18565750
2026-08-15 11:25:34,contratos,CO1.PCCNTR.9800224,2026-08-13,MUNICIPIO DE FLORIDA,Otras entidades del Valle,Contexto,10000000
2026-08-15 11:25:34,contratos,CO1.PCCNTR.9785010,2026-08-13,MUNICIPIO DE SEVILLA,Otras entidades del Valle,Contexto,11000000
2026-08-15 11:25:34,contratos,CO1.PCCNTR.9808809,2026-08-13,BENEFICENCIA DEL VALLE DEL CAUCA E.I.C.E,Descentralizadas de la Gobernación,Contexto,14000000
2026-08-15 11:25:34,contratos,CO1.PCCNTR.9800362,2026-08-12,ALCALDIA DISTRITAL DE BUENAVENTURA-VALLE,Otras entidades del Valle,Contexto,18565750
2026-08-15 11:25:34,contratos,CO1.PCCNTR.9810144,2026-08-14,ALCALDÍA MUNICIPIO DE PALMIRA,Otras entidades del Valle,Contexto,8100000
2026-08-15 11:25:34,contratos,CO1.PCCNTR.9801560,2026-08-13,ALCALDIA DE ALCALA,Otras entidades del Valle,Contexto,14000000
2026-08-15 11:25:34,contratos,CO1.PCCNTR.9808138,2026-08-13,ALCALDIA MUNICIPIO DE JAMUNDI,Otras entidades del Valle,Contexto,20000000
2026-08-15 11:25:34,contratos,CO1.PCCNTR.9779727,2026-08-14,ALCALDIA MUNICIPAL DE SAN PEDRO VALLE DEL CAUCA,Otras entidades del Valle,Contexto,2340000
2026-08-15 11:25:34,contratos,CO1.PCCNTR.9807607,2026-08-13,INSTITUTO COLOMBIANO DE BALLET CLÁSICO INCOLBALLET,Otras entidades del Valle,Contexto,2500000
2026-08-15 11:25:34,contratos,CO1.PCCNTR.9808253,2026-08-13,MUNICIPIO DE BUGALAGRANDE,Otras entidades del Valle,Contexto,15460000
2026-08-15 11:25:34,contratos,CO1.PCCNTR.9806160,2026-08-13,INSTITUTO MUNICIPAL DEL DEPORTE Y LA RECREACION DE YUMBO,Otras entidades del Valle,Contexto,10400000
2026-08-15 11:25:34,contratos,CO1.PCCNTR.9808320,2026-08-13,ALCALDIA MUNICIPIO DE JAMUNDI,Otras entidades del Valle,Contexto,19000000
2026-08-15 11:25:34,contratos,CO1.PCCNTR.9807959,2026-08-13,MUNICIPIO DE CARTAGO,Otras entidades del Valle,Contexto,15750000
2026-08-15 11:25:34,contratos,CO1.PCCNTR.9804238,2026-08-13,INSTITUTO DISTRITAL DE GESTIÓN DE RIESGOS Y CAMBIO CLIMÁTICO - IDIGER,Fuera del Valle,Contexto,114240000
2026-08-15 11:25:34,contratos,CO1.PCCNTR.9798912,2026-08-12,CAJA DE LA VIVIENDA POPULAR//,Fuera del Valle,Contexto,25566667
2026-08-15 11:25:34,contratos,CO1.PCCNTR.9805415,2026-08-14,AGENCIA PARA LA INFRAESTRUCTURA DEL META,Fuera del Valle,Otra urgencia,1113139823
2026-08-15 11:25:34,contratos,CO1.PCCNTR.9809806,2026-08-13,MUNICIPIO DE MANIZALES,Fuera del Valle,Otra urgencia,360000000
2026-08-15 11:25:34,contratos,CO1.PCCNTR.9802021,2026-08-12,EMPRESA DE DESARROLLO URBANO Y RURAL TAMESIS,Fuera del Valle,Contexto,35724631
2026-08-15 11:25:34,contratos,CO1.PCCNTR.9804357,2026-08-14,ALCALDIA DE PASTO,Fuera del Valle,Otra urgencia,12500000
2026-08-15 11:25:34,contratos,CO1.PCCNTR.9805634,2026-08-13,MUNICIPIO MATANZA,Fuera del Valle,Contexto,39998980
2026-08-15 11:25:34,contratos,CO1.PCCNTR.9801708,2026-08-12,ALCALDIA MUNICIPIO DE RIOSUCIO CALDAS,Fuera del Valle,Otra urgencia,49000000
2026-08-15 11:25:34,contratos,CO1.PCCNTR.9806246,2026-08-13,FONDO DE GESTION DEL RIESGO DE DESASTRES DEL DEPARTAMENTO DEL CASANARE,Fuera del Valle,Contexto,14400000
2026-08-15 11:25:34,contratos,CO1.PCCNTR.9809009,2026-08-13,MUNICIPIO DE MANIZALES,Fuera del Valle,Otra urgencia,1000000000
2026-08-15 11:25:34,contratos,CO1.PCCNTR.9807348,2026-08-13,INSTITUTO MUNICIPAL DE DEPORTES Y RECREACIÓN DE APARTADÓ,Fuera del Valle,Otra urgencia,294724000
2026-08-15 11:25:34,contratos,CO1.PCCNTR.9805754,2026-08-13,ALCALDIA MUNICIPIO DE RIOSUCIO CALDAS,Fuera del Valle,Otra urgencia,50000000
2026-08-15 11:25:34,contratos,CO1.PCCNTR.9801983,2026-08-12,MUNICIPIO DE RIOBLANCO,Fuera del Valle,Contexto,48255326
2026-08-15 11:25:34,contratos,CO1.PCCNTR.9798856,2026-08-12,ALCALDIA MUNICIPIO DE BOSCONIA,Fuera del Valle,Contexto,316133336
2026-08-15 11:25:34,contratos,CO1.PCCNTR.9799391,2026-08-12,AGENCIA PARA LA INFRAESTRUCTURA DEL META,Fuera del Valle,Otra urgencia,18553976646
2026-08-15 11:25:34,contratos,CO1.PCCNTR.9801665,2026-08-12,Gobernación Norte de Santander*,Fuera del Valle,Otra urgencia,399913920
2026-08-15 11:25:34,procesos,CO1.REQ.10754668,2026-08-13,PLANEACIÓN MUNICIPAL CALI**,Alcaldía de Cali,Contexto,31235000
2026-08-15 11:25:34,procesos,CO1.REQ.10845173,2026-08-13,PLANEACIÓN MUNICIPAL CALI**,Alcaldía de Cali,Contexto,31235000
2026-08-15 11:25:34,procesos,CO1.REQ.10841737,2026-08-12,SANTIAGO DE CALI DISTRITO ESPECIAL - SECRETARIA DE GOBIERNO,Alcaldía de Cali,Contexto,10653000
2026-08-15 11:25:34,procesos,CO1.REQ.10845101,2026-08-13,SANTIAGO DE CALI DISTRITO ESPECIAL - SECRETARIA DE MOVILIDAD,Alcaldía de Cali,Contexto,6510000
2026-08-15 11:25:34,procesos,CO1.REQ.10843590,2026-08-12,SANTIAGO DE CALI DISTRITO ESPECIAL - DEPARTAMENTO ADMINISTRATIVO DE CONTRATACION PUBLICA,Alcaldía de Cali,Contexto,31304000
2026-08-15 11:25:34,procesos,CO1.REQ.10845441,2026-08-13,PLANEACIÓN MUNICIPAL CALI**,Alcaldía de Cali,Contexto,39130000
2026-08-15 11:25:34,procesos,CO1.REQ.10843542,2026-08-12,SANTIAGO DE CALI DISTRITO ESPECIAL - UNIDAD ADMINISTRATIVA ESPECIAL DE SERVICIOS PUBLICOS,Alcaldía de Cali,Contexto,5584000
2026-08-15 11:25:34,procesos,CO1.REQ.10841230,2026-08-12,DEPARTAMENTO DEL VALLE DEL CAUCA - SECRETARIA DE TURISMO,Gobernación del Valle,Contexto,6000000
2026-08-15 11:25:34,procesos,CO1.REQ.10841418,2026-08-12,DEPARTAMENTO DEL VALLE DEL CAUCA - SECRETARIA DE TURISMO,Gobernación del Valle,Contexto,10000000
2026-08-15 11:25:34,procesos,CO1.REQ.10840711,2026-08-12,DEPARTAMENTO DEL VALLE DEL CAUCA - SECRETARIA DE TURISMO,Gobernación del Valle,Contexto,7700000
2026-08-15 11:25:34,procesos,CO1.REQ.10843193,2026-08-12,SANTIAGO DE CALI DISTRITO ESPECIAL - UNIDAD ADMINISTRATIVA ESPECIAL DE SERVICIOS PUBLICOS,Alcaldía de Cali,Contexto,24025000
2026-08-15 11:25:34,procesos,CO1.REQ.10844967,2026-08-12,SANTIAGO DE CALI DISTRITO ESPECIAL - DEPARTAMENTO ADMINISTRATIVO DE CONTRATACION PUBLICA,Alcaldía de Cali,Contexto,31304000
2026-08-15 11:25:34,procesos,CO1.REQ.10843605,2026-08-12,SANTIAGO DE CALI DISTRITO ESPECIAL - DEPARTAMENTO ADMINISTRATIVO DE CONTRATACION PUBLICA,Alcaldía de Cali,Contexto,10653000
2026-08-15 11:25:34,procesos,CO1.REQ.10845298,2026-08-12,SANTIAGO DE CALI DISTRITO ESPECIAL - SECRETARIA DE BIENESTAR SOCIAL,Alcaldía de Cali,Contexto,24988000
2026-08-15 11:25:34,procesos,CO1.REQ.10820602,2026-08-13,SANTIAGO DE CALI DISTRITO ESPECIAL - SECRETARÍA DE PAZ Y CULTURA CIUDADANA,Alcaldía de Cali,Contexto,9610000
2026-08-15 11:25:34,procesos,CO1.REQ.10818791,2026-08-13,SANTIAGO DE CALI DISTRITO ESPECIAL - SECRETARÍA DE PAZ Y CULTURA CIUDADANA,Alcaldía de Cali,Contexto,11326000
2026-08-15 11:25:34,procesos,CO1.REQ.10812189,2026-08-13,PLANEACIÓN MUNICIPAL CALI**,Alcaldía de Cali,Contexto,19735000
2026-08-15 11:25:34,procesos,CO1.REQ.10843456,2026-08-12,SANTIAGO DE CALI DISTRITO ESPECIAL - DEPARTAMENTO ADMINISTRATIVO DE CONTRATACION PUBLICA,Alcaldía de Cali,Contexto,31304000
2026-08-15 11:25:34,procesos,CO1.REQ.10845958,2026-08-13,SECRETARIA DE EDUCACION DE CALI,Alcaldía de Cali,Contexto,19220000
2026-08-15 11:25:34,procesos,CO1.REQ.10840897,2026-08-12,DEPARTAMENTO DEL VALLE DEL CAUCA - SECRETARIA DE TURISMO,Gobernación del Valle,Contexto,3000000
2026-08-15 11:25:34,procesos,CO1.REQ.10848025,2026-08-13,GOBERNACION DEL VALLE DEL CAUCA - DADI,Gobernación del Valle,Contexto,3500000
2026-08-15 11:25:34,procesos,CO1.REQ.10846797,2026-08-13,SECRETARIA DE EDUCACION DE CALI,Alcaldía de Cali,Contexto,28315000
2026-08-15 11:25:34,procesos,CO1.REQ.10841738,2026-08-12,DEPARTAMENTO DEL VALLE DEL CAUCA - SECRETARIA DE TURISMO,Gobernación del Valle,Contexto,2500000
2026-08-15 11:25:34,procesos,CO1.REQ.10748572,2026-08-13,GOBERNACION DEL VALLE DEL CAUCA - DADI,Gobernación del Valle,Contexto,0
2026-08-15 11:25:34,procesos,CO1.REQ.10841918,2026-08-12,SANTIAGO DE CALI DISTRITO ESPECIAL - SECRETARIA DEL DEPORTE Y LA RECREACIÓN,Alcaldía de Cali,Contexto,11326000
2026-08-15 11:25:34,procesos,CO1.REQ.10843731,2026-08-13,PLANEACIÓN MUNICIPAL CALI**,Alcaldía de Cali,Contexto,19735000
2026-08-15 11:25:34,procesos,CO1.REQ.10840743,2026-08-12,DEPARTAMENTO DEL VALLE DEL CAUCA - SECRETARIA DE TURISMO,Gobernación del Valle,Contexto,5000000
2026-08-15 11:25:34,procesos,CO1.REQ.10845310,2026-08-13,PLANEACIÓN MUNICIPAL CALI**,Alcaldía de Cali,Contexto,28315000
2026-08-15 11:25:34,procesos,CO1.REQ.10847779,2026-08-13,GOBERNACION DEL VALLE DEL CAUCA - DADI,Gobernación del Valle,Contexto,6000000
2026-08-15 11:25:34,procesos,CO1.REQ.10848155,2026-08-13,GOBERNACION DEL VALLE DEL CAUCA - DADI,Gobernación del Valle,Contexto,7700000
2026-08-15 11:25:34,procesos,CO1.REQ.10813401,2026-08-13,SANTIAGO DE CALI DISTRITO ESPECIAL -DEPARTAMENTO ADMINISTRATIVO DE DESARROLLO E INNOVACION INSTITUCIONAL,Alcaldía de Cali,Contexto,10653000
2026-08-15 11:25:34,procesos,CO1.REQ.10818884,2026-08-13,SANTIAGO DE CALI DISTRITO ESPECIAL - SECRETARÍA DE PAZ Y CULTURA CIUDADANA,Alcaldía de Cali,Contexto,11326000
2026-08-15 11:25:34,procesos,CO1.REQ.10845928,2026-08-12,SANTIAGO DE CALI DISTRITO ESPECIAL - SECRETARIA DE BIENESTAR SOCIAL,Alcaldía de Cali,Contexto,22652000
2026-08-15 11:25:34,procesos,CO1.REQ.10845017,2026-08-12,SANTIAGO DE CALI DISTRITO ESPECIAL - SECRETARIA DE BIENESTAR SOCIAL,Alcaldía de Cali,Contexto,11841000
2026-08-15 11:25:34,procesos,CO1.REQ.10820206,2026-08-13,SANTIAGO DE CALI DISTRITO ESPECIAL - SECRETARÍA DE PAZ Y CULTURA CIUDADANA,Alcaldía de Cali,Contexto,5584000
2026-08-15 11:25:34,procesos,CO1.REQ.10845935,2026-08-12,SANTIAGO DE CALI DISTRITO ESPECIAL - SECRETARIA DE BIENESTAR SOCIAL,Alcaldía de Cali,Contexto,10653000
2026-08-15 11:25:34,procesos,CO1.REQ.10841520,2026-08-12,DEPARTAMENTO DEL VALLE DEL CAUCA - SECRETARIA DE TURISMO,Gobernación del Valle,Contexto,2500000
2026-08-15 11:25:34,procesos,CO1.REQ.10843550,2026-08-12,SANTIAGO DE CALI DISTRITO ESPECIAL - DEPARTAMENTO ADMINISTRATIVO DE CONTRATACION PUBLICA,Alcaldía de Cali,Contexto,16989000
2026-08-15 11:25:34,procesos,CO1.REQ.10840908,2026-08-12,DEPARTAMENTO DEL VALLE DEL CAUCA - SECRETARIA DE TURISMO,Gobernación del Valle,Contexto,7700000
2026-08-15 11:25:34,procesos,CO1.REQ.10841581,2026-08-12,DEPARTAMENTO DEL VALLE DEL CAUCA - SECRETARIA DE TURISMO,Gobernación del Valle,Contexto,6000000
2026-08-15 11:25:34,procesos,CO1.REQ.10845234,2026-08-13,PLANEACIÓN MUNICIPAL CALI**,Alcaldía de Cali,Contexto,31235000
2026-08-15 11:25:34,procesos,CO1.REQ.10820403,2026-08-13,SANTIAGO DE CALI DISTRITO ESPECIAL - SECRETARÍA DE PAZ Y CULTURA CIUDADANA,Alcaldía de Cali,Contexto,9610000
2026-08-15 11:25:34,procesos,CO1.REQ.10844434,2026-08-13,SANTIAGO DE CALI DISTRITO ESPECIAL - SECRETARIA DE BIENESTAR SOCIAL,Alcaldía de Cali,Contexto,7894000
2026-08-15 11:25:34,procesos,CO1.REQ.10840724,2026-08-12,DEPARTAMENTO DEL VALLE DEL CAUCA - SECRETARIA DE TURISMO,Gobernación del Valle,Contexto,6000000
2026-08-15 11:25:34,procesos,CO1.REQ.10844595,2026-08-12,DEPARTAMENTO ADMINISTRATIVO DE GESTION DEL MEDIO AMBIENTE DAGMA,Alcaldía de Cali,Contexto,6247000
2026-08-15 11:25:34,procesos,CO1.REQ.10837317,2026-08-13,PLANEACIÓN MUNICIPAL CALI**,Alcaldía de Cali,Contexto,14525000
2026-08-15 11:25:34,procesos,CO1.REQ.10843104,2026-08-12,DEPARTAMENTO ADMINISTRATIVO DE GESTION DEL MEDIO AMBIENTE DAGMA,Alcaldía de Cali,Contexto,4805000
2026-08-15 11:25:34,procesos,CO1.REQ.10846092,2026-08-13,SANTIAGO DE CALI DISTRITO ESPECIAL - SECRETARIA DE SEGURIDAD Y JUSTICIA,Alcaldía de Cali,Contexto,3551000
2026-08-15 11:25:34,procesos,CO1.REQ.10840733,2026-08-12,DEPARTAMENTO DEL VALLE DEL CAUCA - SECRETARIA DE TURISMO,Gobernación del Valle,Contexto,7000000
2026-08-15 11:25:34,procesos,CO1.REQ.10840499,2026-08-12,DEPARTAMENTO DEL VALLE DEL CAUCA - SECRETARIA DE TURISMO,Gobernación del Valle,Contexto,7700000
2026-08-15 11:25:34,procesos,CO1.REQ.10841534,2026-08-12,SANTIAGO DE CALI DISTRITO ESPECIAL - SECRETARIA DE GOBIERNO,Alcaldía de Cali,Contexto,37104000
2026-08-15 11:25:34,procesos,CO1.REQ.10843132,2026-08-12,REGION ADMINISTRATIVA DE PLANIFICACION RAP PACIFICO,Otras entidades del Valle,Contexto,18400000
2026-08-15 11:25:34,procesos,CO1.REQ.10840731,2026-08-12,ALCALDÍA MUNICIPIO DE PALMIRA,Otras entidades del Valle,Contexto,12000000
2026-08-15 11:25:34,procesos,CO1.REQ.10845736,2026-08-12,EMPRESAS MUNICIPALES DE CALI,Descentralizadas de Cali,Contexto,8689408
2026-08-15 11:25:34,procesos,CO1.REQ.10846312,2026-08-13,INSTITUTO MUNICIPAL DEL DEPORTE Y LA RECREACION DE YUMBO,Otras entidades del Valle,Contexto,8800000
2026-08-15 11:25:34,procesos,CO1.REQ.10845324,2026-08-12,HOSPITAL RAUL OREJUELA BUENO,Otras entidades del Valle,Contexto,4000000
2026-08-15 11:25:34,procesos,CO1.REQ.10841963,2026-08-12,ESCUELA DE POLICIA SIMON BOLIVAR,Otras entidades del Valle,Contexto,8386980
2026-08-15 11:25:34,procesos,CO1.REQ.10843940,2026-08-12,CONCEJO MUNICIPAL DE PALMIRA,Otras entidades del Valle,Contexto,4000000
2026-08-15 11:25:34,procesos,CO1.REQ.10836312,2026-08-13,CVC,Otras entidades del Valle,Contexto,13500000
2026-08-15 11:25:34,procesos,CO1.REQ.10845247,2026-08-12,HOSPITAL RAUL OREJUELA BUENO,Otras entidades del Valle,Contexto,6000000
2026-08-15 11:25:34,procesos,CO1.REQ.10846846,2026-08-13,CVC,Otras entidades del Valle,Contexto,32550000
2026-08-15 11:25:34,procesos,CO1.REQ.10846087,2026-08-13,INSTITUCION EDUCATIVA JULIO CAICEDO Y TELLEZ,Otras entidades del Valle,Contexto,2895000
2026-08-15 11:25:34,procesos,CO1.REQ.10846333,2026-08-13,INSTITUTO MUNICIPAL DEL DEPORTE Y LA RECREACION DE YUMBO,Otras entidades del Valle,Contexto,8800000
2026-08-15 11:25:34,procesos,CO1.REQ.10843464,2026-08-12,HOSPITAL HENRY VALENCIA OROZCO EMPRESA SOCIAL DEL ESTADO,Otras entidades del Valle,Contexto,490000
2026-08-15 11:25:34,procesos,CO1.REQ.10843363,2026-08-12,HOSPITAL HENRY VALENCIA OROZCO EMPRESA SOCIAL DEL ESTADO,Otras entidades del Valle,Contexto,900000
2026-08-15 11:25:34,procesos,CO1.REQ.10846400,2026-08-13,ALCALDIA MUNICIPAL DE YOTOCO,Otras entidades del Valle,Contexto,11500000
2026-08-15 11:25:34,procesos,CO1.REQ.10844422,2026-08-12,ALCALDIA DISTRITAL DE BUENAVENTURA-VALLE,Otras entidades del Valle,Contexto,21218000
2026-08-15 11:25:34,procesos,CO1.REQ.10847703,2026-08-13,INSTITUTO MUNICIPAL DEL DEPORTE Y LA RECREACION DE YUMBO,Otras entidades del Valle,Contexto,10000000
2026-08-15 11:25:34,procesos,CO1.REQ.10840082,2026-08-13,ALCALDIA MUNICIPAL DE YOTOCO,Otras entidades del Valle,Contexto,17330000
2026-08-15 11:25:34,procesos,CO1.REQ.10843260,2026-08-12,MUNICIPIO DE OBANDO VALLE,Otras entidades del Valle,Contexto,200000000
2026-08-15 11:25:34,procesos,CO1.REQ.10844328,2026-08-12,EMPRESA SOCIAL DEL ESTADO HOSPITAL BENJAMIN BARNEY GASCA,Otras entidades del Valle,Contexto,2120000
2026-08-15 11:25:34,procesos,CO1.REQ.10843497,2026-08-12,EMPRESA SOCIAL DEL ESTADO HOSPITAL BENJAMIN BARNEY GASCA,Otras entidades del Valle,Contexto,3000000
2026-08-15 11:25:34,procesos,CO1.REQ.10842852,2026-08-12,ALCALDIA MUNICIPIO DE JAMUNDI,Otras entidades del Valle,Contexto,27000000
2026-08-15 11:25:34,procesos,CO1.REQ.10844971,2026-08-12,Secretaría de Bienestar Social - Alcaldía de Tuluá,Otras entidades del Valle,Contexto,112200000
2026-08-15 11:25:34,procesos,CO1.REQ.10846482,2026-08-13,Secretaría Privada - Alcaldía de Tuluá,Otras entidades del Valle,Contexto,16000000
2026-08-15 11:25:34,procesos,CO1.REQ.10843014,2026-08-13,FUNDACION CENTRO INTERNACIONAL DE VACUNAS,Otras entidades del Valle,Contexto,5349106
2026-08-15 11:25:34,procesos,CO1.REQ.10845233,2026-08-12,HOSPITAL RAUL OREJUELA BUENO,Otras entidades del Valle,Contexto,222000000
2026-08-15 11:25:34,procesos,CO1.REQ.10840982,2026-08-12,MUNICIPIO DE YUMBO VALLE,Otras entidades del Valle,Contexto,10000000
2026-08-15 11:25:34,procesos,CO1.REQ.10844012,2026-08-12,EMPRESA SOCIAL DEL ESTADO HOSPITAL BENJAMIN BARNEY GASCA,Otras entidades del Valle,Contexto,2120000
2026-08-15 11:25:34,procesos,CO1.REQ.10840969,2026-08-12,ALCALDIA MUNICIPIO DE JAMUNDI,Otras entidades del Valle,Contexto,15000000
2026-08-15 11:25:34,procesos,CO1.REQ.10842833,2026-08-12,MUNICIPIO DE OBANDO VALLE,Otras entidades del Valle,Contexto,25000000
2026-08-15 11:25:34,procesos,CO1.REQ.10848002,2026-08-13,MUNICIPIO DE FLORIDA,Otras entidades del Valle,Contexto,6300000
2026-08-15 11:25:34,procesos,CO1.REQ.10841914,2026-08-12,HOSPITAL DEPARTAMENTAL MARIO CORREA RENGIFO ESE,Descentralizadas de la Gobernación,Contexto,10000000
2026-08-15 11:25:34,procesos,CO1.REQ.10840307,2026-08-13,MUNICIPIO DE YUMBO VALLE,Otras entidades del Valle,Contexto,16400000
2026-08-15 11:25:34,procesos,CO1.REQ.10843062,2026-08-12,INSTITUCION EDUCATIVA GOLONDRINAS,Otras entidades del Valle,Contexto,3906000
2026-08-15 11:25:34,procesos,CO1.REQ.10848014,2026-08-13,MUNICIPIO DE LA UNION,Otras entidades del Valle,Contexto,30000000
2026-08-15 11:25:34,procesos,CO1.REQ.10840814,2026-08-12,MUNICIPIO DE CALIMA EL DARIEN VALLE,Otras entidades del Valle,Contexto,9166665
2026-08-15 11:25:34,procesos,CO1.REQ.10841037,2026-08-12,MUNICIPIO DE VERSALLES,Otras entidades del Valle,Contexto,13500000
2026-08-15 11:25:34,procesos,CO1.REQ.10842463,2026-08-12,MUNICIPIO DE LA UNION,Otras entidades del Valle,Contexto,11950000
2026-08-15 11:25:34,procesos,CO1.REQ.10841602,2026-08-12,INSTITUTO MUNICIPAL DEL DEPORTE Y LA RECREACION DE PALMIRA,Otras entidades del Valle,Contexto,12000000
2026-08-15 11:25:34,procesos,CO1.REQ.10842427,2026-08-12,Departamento Administrativo de Planeación - Alcaldía de Tuluá,Otras entidades del Valle,Contexto,17172000
2026-08-15 11:25:34,procesos,CO1.REQ.10843710,2026-08-12,EMPRESA SOCIAL DEL ESTADO HOSPITAL BENJAMIN BARNEY GASCA,Otras entidades del Valle,Contexto,2700000
2026-08-15 11:25:34,procesos,CO1.REQ.10847824,2026-08-13,Secretaria de Desarrollo Agropecuario y Medio Ambiente - Alcaldía de Tuluá,Otras entidades del Valle,Contexto,14000000
2026-08-15 11:25:34,procesos,CO1.REQ.10847897,2026-08-13,CVC,Otras entidades del Valle,Contexto,149646000
2026-08-15 11:25:34,procesos,CO1.REQ.10847837,2026-08-13,UNIVERSIDAD DEL VALLE,Descentralizadas de la Gobernación,Contexto,11925000
2026-08-15 11:25:34,procesos,CO1.REQ.10844318,2026-08-12,INSTITUTO DEPARTAMENTAL DE BELLAS ARTES,Descentralizadas de la Gobernación,Contexto,27040000
2026-08-15 11:25:34,procesos,CO1.REQ.10841989,2026-08-12,MUNICIPIO DE YUMBO VALLE,Otras entidades del Valle,Contexto,10000000
2026-08-15 11:25:34,procesos,CO1.REQ.10847208,2026-08-13,EMPRESAS MUNICIPALES DE CALI,Descentralizadas de Cali,Contexto,2879380330
2026-08-15 11:25:34,procesos,CO1.REQ.10812364,2026-08-13,CVC,Otras entidades del Valle,Contexto,28507500
2026-08-15 11:25:34,procesos,CO1.REQ.10842902,2026-08-12,INSTITUTO DEPARTAMENTAL DE BELLAS ARTES,Descentralizadas de la Gobernación,Contexto,8970000
2026-08-15 11:25:34,procesos,CO1.REQ.10841336,2026-08-12,FUNDACION CENTRO INTERNACIONAL DE VACUNAS,Otras entidades del Valle,Contexto,12096300
2026-08-15 11:25:34,procesos,CO1.REQ.10842556,2026-08-12,MUNICIPIO DE LA UNION,Otras entidades del Valle,Contexto,8794599
2026-08-15 11:25:34,procesos,CO1.REQ.10841685,2026-08-12,EMPRESA SOCIAL DEL ESTADO HOSPITAL BENJAMIN BARNEY GASCA,Otras entidades del Valle,Contexto,2120000
2026-08-15 11:25:34,procesos,CO1.REQ.10841489,2026-08-12,MUNICIPIO DE EL CERRITO.,Otras entidades del Valle,Contexto,12500000
2026-08-15 11:25:34,procesos,CO1.REQ.10847776,2026-08-13,MUNICIPIO DE FLORIDA,Otras entidades del Valle,Contexto,10000000
2026-08-15 11:25:34,procesos,CO1.REQ.10843851,2026-08-12,ALCALDIA MUNICIPIO DE JAMUNDI,Otras entidades del Valle,Contexto,27000000
2026-08-15 11:25:34,procesos,CO1.REQ.10842388,2026-08-12,MUNICIPIO DE YUMBO VALLE,Otras entidades del Valle,Contexto,16400000
2026-08-15 11:25:34,procesos,CO1.REQ.10847504,2026-08-13,HOSPITAL MUNICIPAL LUIS ABLANQUE DE LA PLATA EMPRESA SOCIAL DEL ESTADO,Otras entidades del Valle,Contexto,40000000
2026-08-15 11:25:34,procesos,CO1.REQ.10844578,2026-08-12,ESCUELA DE POLICIA SIMON BOLIVAR,Otras entidades del Valle,Contexto,0
2026-08-15 11:25:34,procesos,CO1.REQ.10840476,2026-08-12,INSTITUCION EDUCATIVA RODRIGO LLOREDA CAICEDO*,Otras entidades del Valle,Contexto,5956000
2026-08-15 11:25:34,procesos,CO1.REQ.10843324,2026-08-12,EMPRESA SOCIAL DEL ESTADO HOSPITAL BENJAMIN BARNEY GASCA,Otras entidades del Valle,Contexto,2120000
2026-08-15 11:25:34,procesos,CO1.REQ.10842405,2026-08-12,DEPARTAMENTO ADMINISTRATIVO NACIONAL DE ESTADISTICA-SUROCCIDENTE,Otras entidades del Valle,Contexto,6996000
2026-08-15 11:25:34,procesos,CO1.REQ.10841054,2026-08-13,MUNICIPIO DE YUMBO VALLE,Otras entidades del Valle,Contexto,16400000
2026-08-15 11:25:34,procesos,CO1.REQ.10841518,2026-08-12,MUNICIPIO DE FLORIDA,Otras entidades del Valle,Contexto,10000000
2026-08-15 11:25:34,procesos,CO1.REQ.10846173,2026-08-13,MUNICIPIO DE FLORIDA,Otras entidades del Valle,Contexto,8000000
2026-08-15 11:25:34,procesos,CO1.REQ.10842215,2026-08-12,HOSPITAL MUNICIPAL LUIS ABLANQUE DE LA PLATA EMPRESA SOCIAL DEL ESTADO,Otras entidades del Valle,Contexto,27500000
2026-08-15 11:25:34,procesos,CO1.REQ.10841110,2026-08-12,SOCIEDAD DE ACUEDUCTOS Y ALCANTARILLADOS DEL VALLE DEL CAUCA S.A. - E.S.P.,Descentralizadas de la Gobernación,Contexto,8810880
2026-08-15 11:25:34,procesos,CO1.REQ.10844221,2026-08-12,INSTITUCION EDUCATIVA TECNICA INDUSTRIAL LUZ HAYDEE GUERRERO MOLINA,Otras entidades del Valle,Contexto,4648140
2026-08-15 11:25:34,procesos,CO1.REQ.10842430,2026-08-12,INSTITUTO DEPARTAMENTAL DE BELLAS ARTES,Descentralizadas de la Gobernación,Contexto,13364000
2026-08-15 11:25:34,procesos,CO1.REQ.10840604,2026-08-12,MUNICIPIO DE CALIMA EL DARIEN VALLE,Otras entidades del Valle,Contexto,9166665
2026-08-15 11:25:34,procesos,CO1.REQ.10846667,2026-08-13,ALCALDIA MUNICIPIO DE JAMUNDI,Otras entidades del Valle,Contexto,36000000
2026-08-15 11:25:34,procesos,CO1.REQ.10843586,2026-08-12,REGIONAL DE ASEGURAMIENTO EN SALUD No. 4,Otras entidades del Valle,Contexto,5000000
2026-08-15 11:25:34,procesos,CO1.REQ.10843377,2026-08-12,EMPRESA SOCIAL DEL ESTADO HOSPITAL BENJAMIN BARNEY GASCA,Otras entidades del Valle,Contexto,2350000
2026-08-15 11:25:34,procesos,CO1.REQ.10841237,2026-08-12,ALCALDIA DE ALCALA,Otras entidades del Valle,Contexto,12500000
2026-08-15 11:25:34,procesos,CO1.REQ.10842161,2026-08-12,E.S.E HOSPITAL LOCAL DE CANDELARIA VALLE,Otras entidades del Valle,Contexto,13200000
2026-08-15 11:25:34,procesos,CO1.REQ.10842667,2026-08-12,HOSPITAL MUNICIPAL LUIS ABLANQUE DE LA PLATA EMPRESA SOCIAL DEL ESTADO,Otras entidades del Valle,Contexto,27500000
2026-08-15 11:25:34,procesos,CO1.REQ.10840789,2026-08-12,HOSPITAL SAN RAFAEL EL CERRITO,Otras entidades del Valle,Contexto,4700000
2026-08-15 11:25:34,procesos,CO1.REQ.10841969,2026-08-12,SOCIEDAD DE ACUEDUCTOS Y ALCANTARILLADOS DEL VALLE DEL CAUCA S.A. - E.S.P.,Descentralizadas de la Gobernación,Contexto,2000000
2026-08-15 11:25:34,procesos,CO1.REQ.10845557,2026-08-12,HOSPITAL MUNICIPAL LUIS ABLANQUE DE LA PLATA EMPRESA SOCIAL DEL ESTADO,Otras entidades del Valle,Contexto,25299995
2026-08-15 11:25:34,procesos,CO1.REQ.10842224,2026-08-12,MUNICIPIO DE YUMBO VALLE,Otras entidades del Valle,Contexto,10000000
2026-08-15 11:25:34,procesos,CO1.REQ.10847820,2026-08-13,REGION DE PLANEACION Y GESTION DEL CENTRO DEL VALLE- RPG CENVALLE,Otras entidades del Valle,Contexto,11500000
2026-08-15 11:25:34,procesos,CO1.REQ.10843099,2026-08-12,MUNICIPIO DE FLORIDA,Otras entidades del Valle,Contexto,7500000
2026-08-15 11:25:34,procesos,CO1.REQ.10845220,2026-08-12,HOSPITAL RAUL OREJUELA BUENO,Otras entidades del Valle,Contexto,5000000
2026-08-15 11:25:34,procesos,CO1.REQ.10846777,2026-08-13,MUNICIPIO DE SAN JUAN BAUTISTA DE GUACARI2,Otras entidades del Valle,Contexto,17600000
2026-08-15 11:25:34,procesos,CO1.REQ.10842643,2026-08-12,MUNICIPIO DE FLORIDA,Otras entidades del Valle,Contexto,10000000
2026-08-15 11:25:34,procesos,CO1.REQ.10843595,2026-08-12,ALCALDIA DE ALCALA,Otras entidades del Valle,Contexto,14000000
2026-08-15 11:25:34,procesos,CO1.REQ.10846284,2026-08-13,INSTITUTO DEPARTAMENTAL DE BELLAS ARTES,Descentralizadas de la Gobernación,Contexto,13900000
2026-08-15 11:25:34,procesos,CO1.REQ.10841102,2026-08-13,MUNICIPIO DE YUMBO VALLE,Otras entidades del Valle,Contexto,10000000
2026-08-15 11:25:34,procesos,CO1.REQ.10843865,2026-08-13,CVC,Otras entidades del Valle,Contexto,31377850
2026-08-15 11:25:34,procesos,CO1.REQ.10843571,2026-08-12,EMPRESA SOCIAL DEL ESTADO HOSPITAL BENJAMIN BARNEY GASCA,Otras entidades del Valle,Contexto,2120000
2026-08-15 11:25:34,procesos,CO1.REQ.10847166,2026-08-13,CVC,Otras entidades del Valle,Contexto,628231057
2026-08-15 11:25:34,procesos,CO1.REQ.10843008,2026-08-12,ESCUELA DE POLICIA SIMON BOLIVAR,Otras entidades del Valle,Contexto,8386980
2026-08-15 11:25:34,procesos,CO1.REQ.10842148,2026-08-12,MUNICIPIO DE YUMBO VALLE,Otras entidades del Valle,Contexto,8800000
2026-08-15 11:25:34,procesos,CO1.REQ.10841525,2026-08-12,EMPRESA SOCIAL DEL ESTADO HOSPITAL BENJAMIN BARNEY GASCA,Otras entidades del Valle,Contexto,2387000
2026-08-15 11:25:34,procesos,CO1.REQ.10842524,2026-08-12,MUNICIPIO DE FLORIDA,Otras entidades del Valle,Contexto,10000000
2026-08-15 11:25:34,procesos,CO1.REQ.10846425,2026-08-13,CVC,Otras entidades del Valle,Contexto,27500000
2026-08-15 11:25:34,procesos,CO1.REQ.10840827,2026-08-12,ALCALDÍA MUNICIPIO DE PALMIRA,Otras entidades del Valle,Contexto,12000000
2026-08-15 11:25:34,procesos,CO1.REQ.10841381,2026-08-12,PERSONERIA MUNICIPAL DE FLORIDA VALLE DEL CAUCA,Otras entidades del Valle,Contexto,10500000
2026-08-15 11:25:34,procesos,CO1.REQ.10846750,2026-08-13,INSTITUCION EDUCATIVA ALBERTO CARVAJAL BORRERO,Otras entidades del Valle,Contexto,1367930
2026-08-15 11:25:34,procesos,CO1.REQ.10846035,2026-08-13,CVC,Otras entidades del Valle,Contexto,30000000
2026-08-15 11:25:34,procesos,CO1.REQ.10840865,2026-08-12,MUNICIPIO DE YUMBO VALLE,Otras entidades del Valle,Contexto,8800000
2026-08-15 11:25:34,procesos,CO1.REQ.10847516,2026-08-13,ALCALDIA MUNICIPAL DE YOTOCO,Otras entidades del Valle,Contexto,1755469163
2026-08-15 11:25:34,procesos,CO1.REQ.10847791,2026-08-13,INSTITUCION EDUCATIVA MAYOR DE YUMBO,Otras entidades del Valle,Contexto,3506890
2026-08-15 11:25:34,procesos,CO1.REQ.10844223,2026-08-12,INSTITUTO MUNICIPAL PARA EL DESARROLLO SOCIAL Y ECONÓMICO DE PALMIRA,Otras entidades del Valle,Contexto,7500000
2026-08-15 11:25:34,procesos,CO1.REQ.10842567,2026-08-12,HOSPITAL HENRY VALENCIA OROZCO EMPRESA SOCIAL DEL ESTADO,Otras entidades del Valle,Contexto,1750905
2026-08-15 11:25:34,procesos,CO1.REQ.10847663,2026-08-13,INSTITUTO MUNICIPAL DEL DEPORTE Y LA RECREACION DE YUMBO,Otras entidades del Valle,Contexto,10000000
2026-08-15 11:25:34,procesos,CO1.REQ.10841289,2026-08-12,INSTITUTO MUNICIPAL DEL DEPORTE Y LA RECREACION DE PALMIRA,Otras entidades del Valle,Contexto,8000000
2026-08-15 11:25:34,procesos,CO1.REQ.10843265,2026-08-12,E.S.E HOSPITAL LOCAL DE CANDELARIA VALLE,Otras entidades del Valle,Contexto,3000000
2026-08-15 11:25:34,procesos,CO1.REQ.10845919,2026-08-13,HOSPITAL MUNICIPAL LUIS ABLANQUE DE LA PLATA EMPRESA SOCIAL DEL ESTADO,Otras entidades del Valle,Contexto,56666666
2026-08-15 11:25:34,procesos,CO1.REQ.10840859,2026-08-12,MUNICIPIO DE YUMBO VALLE,Otras entidades del Valle,Contexto,8000000
2026-08-15 11:25:34,procesos,CO1.REQ.10845199,2026-08-13,HOSPITAL MUNICIPAL LUIS ABLANQUE DE LA PLATA EMPRESA SOCIAL DEL ESTADO,Otras entidades del Valle,Contexto,23205000
2026-08-15 11:25:34,procesos,CO1.REQ.10843463,2026-08-12,EMPRESA SOCIAL DEL ESTADO HOSPITAL BENJAMIN BARNEY GASCA,Otras entidades del Valle,Contexto,5000000
2026-08-15 11:25:34,procesos,CO1.REQ.10842998,2026-08-12,INSTITUTO DEPARTAMENTAL DE BELLAS ARTES,Descentralizadas de la Gobernación,Contexto,5492667
2026-08-15 11:25:34,procesos,CO1.REQ.10845208,2026-08-12,HOSPITAL RAUL OREJUELA BUENO,Otras entidades del Valle,Contexto,5700000
2026-08-15 11:25:34,procesos,CO1.REQ.10847365,2026-08-13,INSTITUCION EDUCATIVA ALBERTO CARVAJAL BORRERO,Otras entidades del Valle,Contexto,5693000
2026-08-15 11:25:34,procesos,CO1.REQ.10841082,2026-08-12,HOSPITAL MUNICIPAL LUIS ABLANQUE DE LA PLATA EMPRESA SOCIAL DEL ESTADO,Otras entidades del Valle,Contexto,30000000
2026-08-15 11:25:34,procesos,CO1.REQ.10840577,2026-08-12,ALCALDÍA MUNICIPIO DE PALMIRA,Otras entidades del Valle,Contexto,12000000
2026-08-15 11:25:34,procesos,CO1.REQ.10840603,2026-08-12,MUNICIPIO DE FLORIDA,Otras entidades del Valle,Contexto,9600000
2026-08-15 11:25:34,procesos,CO1.REQ.10844405,2026-08-12,HOSPITAL HENRY VALENCIA OROZCO EMPRESA SOCIAL DEL ESTADO,Otras entidades del Valle,Contexto,35000
2026-08-15 11:25:34,procesos,CO1.REQ.10841027,2026-08-12,MUNICIPIO DE YUMBO VALLE,Otras entidades del Valle,Contexto,16400000
2026-08-15 11:25:34,procesos,CO1.REQ.10845815,2026-08-12,INSTITUTO MUNICIPAL DEL DEPORTE Y LA RECREACION DE YUMBO,Otras entidades del Valle,Contexto,8000000
2026-08-15 11:25:34,procesos,CO1.REQ.10846660,2026-08-13,INSTITUTO DEPARTAMENTAL DE BELLAS ARTES,Descentralizadas de la Gobernación,Contexto,23540000
2026-08-15 11:25:34,procesos,CO1.REQ.10840588,2026-08-12,MUNICIPIO DE FLORIDA,Otras entidades del Valle,Contexto,7500000
2026-08-15 11:25:34,procesos,CO1.REQ.10844423,2026-08-12,ALCALDIA MUNICIPIO DE JAMUNDI,Otras entidades del Valle,Contexto,20000000
2026-08-15 11:25:34,procesos,CO1.REQ.10847506,2026-08-13,FUNDACION CENTRO INTERNACIONAL DE VACUNAS,Otras entidades del Valle,Contexto,5349106
2026-08-15 11:25:34,procesos,CO1.REQ.10846999,2026-08-13,Secretaria de Desarrollo Agropecuario y Medio Ambiente - Alcaldía de Tuluá,Otras entidades del Valle,Contexto,14000000
2026-08-15 11:25:34,procesos,CO1.REQ.10841855,2026-08-12,MUNICIPIO DE YUMBO VALLE,Otras entidades del Valle,Contexto,8000000
2026-08-15 11:25:34,procesos,CO1.REQ.10840621,2026-08-12,MUNICIPIO DE CALIMA EL DARIEN VALLE,Otras entidades del Valle,Contexto,9166665
2026-08-15 11:25:34,procesos,CO1.REQ.10842997,2026-08-12,ALCALDIA DE ALCALA,Otras entidades del Valle,Contexto,12500000
2026-08-15 11:25:34,procesos,CO1.REQ.10848103,2026-08-13,INSTITUTO MUNICIPAL DEL DEPORTE Y LA RECREACION DE YUMBO,Otras entidades del Valle,Contexto,8800000
2026-08-15 11:25:34,procesos,CO1.REQ.10847742,2026-08-13,MUNICIPIO DE EL CERRITO.,Otras entidades del Valle,Contexto,20800000
2026-08-15 11:25:34,procesos,CO1.REQ.10843315,2026-08-12,INSTITUTO DEPARTAMENTAL DE BELLAS ARTES,Descentralizadas de la Gobernación,Contexto,22256000
2026-08-15 11:25:34,procesos,CO1.REQ.10844507,2026-08-12,HOSPITAL HENRY VALENCIA OROZCO EMPRESA SOCIAL DEL ESTADO,Otras entidades del Valle,Contexto,823313
2026-08-15 11:25:34,procesos,CO1.REQ.10847903,2026-08-13,MUNICIPIO DE FLORIDA,Otras entidades del Valle,Contexto,15000000
2026-08-15 11:25:34,procesos,CO1.REQ.10845953,2026-08-13,HOSPITAL MUNICIPAL LUIS ABLANQUE DE LA PLATA EMPRESA SOCIAL DEL ESTADO,Otras entidades del Valle,Contexto,75000000
2026-08-15 11:25:34,procesos,CO1.REQ.10840697,2026-08-12,EMPRESAS MUNICIPALES DE CALI,Descentralizadas de Cali,Contexto,50456000
2026-08-15 11:25:34,procesos,CO1.REQ.10843291,2026-08-12,Insitución Educativa Gabriela Mistral,Otras entidades del Valle,Contexto,22029000
2026-08-15 11:25:34,procesos,CO1.REQ.10840608,2026-08-12,MUNICIPIO DE YUMBO VALLE,Otras entidades del Valle,Contexto,8800000
2026-08-15 11:25:34,procesos,CO1.REQ.10844113,2026-08-12,EMPRESA SOCIAL DEL ESTADO HOSPITAL BENJAMIN BARNEY GASCA,Otras entidades del Valle,Contexto,2387000
2026-08-15 11:25:34,procesos,CO1.REQ.10847002,2026-08-13,HOSPITAL KENNEDY ESE,Otras entidades del Valle,Contexto,3500000
2026-08-15 11:25:34,procesos,CO1.REQ.10843575,2026-08-12,E.S.E HOSPITAL LOCAL DE CANDELARIA VALLE,Otras entidades del Valle,Contexto,3000000
2026-08-15 11:25:34,procesos,CO1.REQ.10842574,2026-08-12,INSTITUCION EDUCATIVA NORMAL SUPERIOR NUESTRA SEÑORA DE LAS MERCEDES,Otras entidades del Valle,Contexto,6000000
2026-08-15 11:25:34,procesos,CO1.REQ.10840712,2026-08-13,MUNICIPIO DE YUMBO VALLE,Otras entidades del Valle,Contexto,8800000
2026-08-15 11:25:34,procesos,CO1.REQ.10842966,2026-08-12,MUNICIPIO DE FLORIDA,Otras entidades del Valle,Contexto,15000000
2026-08-15 11:25:34,procesos,CO1.REQ.10848041,2026-08-13,ALCALDIA MUNICIPIO DE JAMUNDI,Otras entidades del Valle,Contexto,20000000
2026-08-15 11:25:34,procesos,CO1.REQ.10846804,2026-08-13,MUNICIPIO DE FLORIDA,Otras entidades del Valle,Contexto,9000000
2026-08-15 11:25:34,procesos,CO1.REQ.10846257,2026-08-13,INSTITUTO MUNICIPAL DEL DEPORTE Y LA RECREACION DE YUMBO,Otras entidades del Valle,Contexto,8800000
2026-08-15 11:25:34,procesos,CO1.REQ.10841362,2026-08-12,MUNICIPIO DE YUMBO VALLE,Otras entidades del Valle,Contexto,8800000
2026-08-15 11:25:34,procesos,CO1.REQ.10842379,2026-08-12,MUNICIPIO DE YUMBO VALLE,Otras entidades del Valle,Contexto,6600000
2026-08-15 11:25:34,procesos,CO1.REQ.10843047,2026-08-12,HOSPITAL HENRY VALENCIA OROZCO EMPRESA SOCIAL DEL ESTADO,Otras entidades del Valle,Contexto,1687051
2026-08-15 11:25:34,procesos,CO1.REQ.10840645,2026-08-13,MUNICIPIO DE YUMBO VALLE,Otras entidades del Valle,Contexto,10000000
2026-08-15 11:25:34,procesos,CO1.REQ.10847354,2026-08-13,MUNICIPIO DE SAN JUAN BAUTISTA DE GUACARI2,Otras entidades del Valle,Contexto,17755000
2026-08-15 11:25:34,procesos,CO1.REQ.10841371,2026-08-12,EMPRESA SOCIAL DEL ESTADO HOSPITAL BENJAMIN BARNEY GASCA,Otras entidades del Valle,Contexto,2387000
2026-08-15 11:25:34,procesos,CO1.REQ.10843026,2026-08-12,INSTITUTO DEPARTAMENTAL DE BELLAS ARTES,Descentralizadas de la Gobernación,Contexto,5492667
2026-08-15 11:25:34,procesos,CO1.REQ.10843084,2026-08-12,HOSPITAL HENRY VALENCIA OROZCO EMPRESA SOCIAL DEL ESTADO,Otras entidades del Valle,Contexto,1961325
2026-08-15 11:25:34,procesos,CO1.REQ.10845710,2026-08-12,EMPRESAS MUNICIPALES DE CALI,Descentralizadas de Cali,Contexto,19500000
2026-08-15 11:25:34,procesos,CO1.REQ.10846025,2026-08-13,INSTITUTO MUNICIPAL DEL DEPORTE Y LA RECREACION DE YUMBO,Otras entidades del Valle,Contexto,16400000
2026-08-15 11:25:34,procesos,CO1.REQ.10840970,2026-08-12,MUNICIPIO DE YUMBO VALLE,Otras entidades del Valle,Contexto,8800000
2026-08-15 11:25:34,procesos,CO1.REQ.10840497,2026-08-12,MUNICIPIO DE CALIMA EL DARIEN VALLE,Otras entidades del Valle,Contexto,9166665
2026-08-15 11:25:34,procesos,CO1.REQ.10840628,2026-08-13,MUNICIPIO DE YUMBO VALLE,Otras entidades del Valle,Contexto,10000000
2026-08-15 11:25:34,procesos,CO1.REQ.10842535,2026-08-12,Insitución Educativa Gabriela Mistral,Otras entidades del Valle,Contexto,15500000
2026-08-15 11:25:34,procesos,CO1.REQ.10844528,2026-08-12,MUNICIPIO DE CARTAGO,Otras entidades del Valle,Contexto,29500000
2026-08-15 11:25:34,procesos,CO1.REQ.10840920,2026-08-12,HOSPITAL SAN RAFAEL EL CERRITO,Otras entidades del Valle,Contexto,5562000
2026-08-15 11:25:34,procesos,CO1.REQ.10844484,2026-08-12,BENEFICENCIA DEL VALLE DEL CAUCA E.I.C.E,Descentralizadas de la Gobernación,Contexto,100000000
2026-08-15 11:25:34,procesos,CO1.REQ.10847312,2026-08-13,MUNICIPIO DE FLORIDA,Otras entidades del Valle,Contexto,15000000
2026-08-15 11:25:34,procesos,CO1.REQ.10844835,2026-08-13,UPRES VALLE,Otras entidades del Valle,Contexto,13978965
2026-08-15 11:25:34,procesos,CO1.REQ.10842000,2026-08-12,INSTITUTO DEPARTAMENTAL DE BELLAS ARTES,Descentralizadas de la Gobernación,Contexto,22256000
2026-08-15 11:25:34,procesos,CO1.REQ.10845451,2026-08-12,INSTITUCION EDUCATIVA HERNANDO LLORENTE ARROYO,Otras entidades del Valle,Contexto,2600000
2026-08-15 11:25:34,procesos,CO1.REQ.10841551,2026-08-12,EMPRESA SOCIAL DEL ESTADO HOSPITAL BENJAMIN BARNEY GASCA,Otras entidades del Valle,Contexto,2120000
2026-08-15 11:25:34,procesos,CO1.REQ.10847874,2026-08-13,MUNICIPIO DE SAN JUAN BAUTISTA DE GUACARI2,Otras entidades del Valle,Contexto,11400000
2026-08-15 11:25:34,procesos,CO1.REQ.10842638,2026-08-12,INSTITUTO DEPARTAMENTAL DE BELLAS ARTES,Descentralizadas de la Gobernación,Contexto,9165000
2026-08-15 11:25:34,procesos,CO1.REQ.10842397,2026-08-12,E.S.E HOSPITAL LOCAL DE CANDELARIA VALLE,Otras entidades del Valle,Contexto,14100000
2026-08-15 11:25:34,procesos,CO1.REQ.10840992,2026-08-12,ALCALDIA MUNICIPIO DE JAMUNDI,Otras entidades del Valle,Contexto,20000000
2026-08-15 11:25:34,procesos,CO1.REQ.10842221,2026-08-12,EMPRESA SOCIAL DEL ESTADO HOSPITAL BENJAMIN BARNEY GASCA,Otras entidades del Valle,Contexto,2120000
2026-08-15 11:25:34,procesos,CO1.REQ.10841077,2026-08-12,INSTITUCION EDUCATIVA LUIS FERNANDO CAICEDO,Otras entidades del Valle,Contexto,1217964
2026-08-15 11:25:34,procesos,CO1.REQ.10847488,2026-08-13,CONCEJO MUNICIPAL DE CANDELARIA,Otras entidades del Valle,Contexto,11280000
2026-08-15 11:25:34,procesos,CO1.REQ.10842504,2026-08-12,MUNICIPIO DE CARTAGO,Otras entidades del Valle,Contexto,24750000
2026-08-15 11:25:34,procesos,CO1.REQ.10841120,2026-08-12,MUNICIPIO DE YUMBO VALLE,Otras entidades del Valle,Contexto,8800000
2026-08-15 11:25:34,procesos,CO1.REQ.10841561,2026-08-12,ESCUELA DE POLICIA SIMON BOLIVAR,Otras entidades del Valle,Contexto,0
2026-08-15 11:25:34,procesos,CO1.REQ.10847818,2026-08-13,MUNICIPIO DE BUGALAGRANDE,Otras entidades del Valle,Contexto,14400000
2026-08-15 11:25:34,procesos,CO1.REQ.10845225,2026-08-12,ALCALDIA MUNICIPIO DE JAMUNDI,Otras entidades del Valle,Contexto,27000000
2026-08-15 11:25:34,procesos,CO1.REQ.10843894,2026-08-12,INSTITUTO DEPARTAMENTAL DE BELLAS ARTES,Descentralizadas de la Gobernación,Contexto,11025000
2026-08-15 11:25:34,procesos,CO1.REQ.10847892,2026-08-13,MUNICIPIO DE FLORIDA,Otras entidades del Valle,Contexto,10000000
2026-08-15 11:25:34,procesos,CO1.REQ.10842129,2026-08-12,INSTITUTO DEPARTAMENTAL DE BELLAS ARTES,Descentralizadas de la Gobernación,Contexto,22256000
2026-08-15 11:25:34,procesos,CO1.REQ.10832376,2026-08-13,ALCALDIA MUNICIPAL DE BUGA,Otras entidades del Valle,Contexto,8000000
2026-08-15 11:25:34,procesos,CO1.REQ.10844436,2026-08-13,CVC,Otras entidades del Valle,Contexto,20500000
2026-08-15 11:25:34,procesos,CO1.REQ.10844131,2026-08-12,REGIONAL DE ASEGURAMIENTO EN SALUD No. 4,Otras entidades del Valle,Contexto,10868440
2026-08-15 11:25:34,procesos,CO1.REQ.10845351,2026-08-12,HOSPITAL RAUL OREJUELA BUENO,Otras entidades del Valle,Contexto,4000000
2026-08-15 11:25:34,procesos,CO1.REQ.10841501,2026-08-12,HOSPITAL MUNICIPAL LUIS ABLANQUE DE LA PLATA EMPRESA SOCIAL DEL ESTADO,Otras entidades del Valle,Contexto,50000000
2026-08-15 11:25:34,procesos,CO1.REQ.10843042,2026-08-12,E.S.E HOSPITAL LOCAL DE CANDELARIA VALLE,Otras entidades del Valle,Contexto,13200000
2026-08-15 11:25:34,procesos,CO1.REQ.10841302,2026-08-13,MUNICIPIO DE YUMBO VALLE,Otras entidades del Valle,Contexto,16400000
2026-08-15 11:25:34,procesos,CO1.REQ.10841797,2026-08-12,EMPRESA SOCIAL DEL ESTADO HOSPITAL BENJAMIN BARNEY GASCA,Otras entidades del Valle,Contexto,2120000
2026-08-15 11:25:34,procesos,CO1.REQ.10848141,2026-08-13,EMPRESA SOCIAL DEL ESTADO HOSPITAL BENJAMIN BARNEY GASCA,Otras entidades del Valle,Contexto,2387000
2026-08-15 11:25:34,procesos,CO1.REQ.10841172,2026-08-13,MUNICIPIO DE YUMBO VALLE,Otras entidades del Valle,Contexto,18000000
2026-08-15 11:25:34,procesos,CO1.REQ.10842420,2026-08-12,FUNDACION CENTRO INTERNACIONAL DE VACUNAS,Otras entidades del Valle,Contexto,13752238
2026-08-15 11:25:34,procesos,CO1.REQ.10846528,2026-08-13,MUNICIPIO DE FLORIDA,Otras entidades del Valle,Contexto,8000000
2026-08-15 11:25:34,procesos,CO1.REQ.10843221,2026-08-12,MUNICIPIO DE OBANDO VALLE,Otras entidades del Valle,Contexto,200000000
2026-08-15 11:25:34,procesos,CO1.REQ.10841129,2026-08-12,MUNICIPIO DE YUMBO VALLE,Otras entidades del Valle,Contexto,8800000
2026-08-15 11:25:34,procesos,CO1.REQ.10841876,2026-08-12,MUNICIPIO DE FLORIDA,Otras entidades del Valle,Contexto,6000000
2026-08-15 11:25:34,procesos,CO1.REQ.10843878,2026-08-12,MUNICIPIO DE CARTAGO,Otras entidades del Valle,Contexto,12000000
2026-08-15 11:25:34,procesos,CO1.REQ.10843269,2026-08-12,MUNICIPIO DE CARTAGO,Otras entidades del Valle,Contexto,20250000
2026-08-15 11:25:34,procesos,CO1.REQ.10846086,2026-08-13,CVC,Otras entidades del Valle,Contexto,30780000
2026-08-15 11:25:34,procesos,CO1.REQ.10844254,2026-08-12,EMPRESA SOCIAL DEL ESTADO HOSPITAL BENJAMIN BARNEY GASCA,Otras entidades del Valle,Contexto,2350000
2026-08-15 11:25:34,procesos,CO1.REQ.10841299,2026-08-12,INSTITUCION EDUCATIVA INMACULADA CONCEPCION,Otras entidades del Valle,Contexto,6591146
2026-08-15 11:25:34,procesos,CO1.REQ.10843436,2026-08-12,MUNICIPIO DE FLORIDA,Otras entidades del Valle,Contexto,10000000
2026-08-15 11:25:34,procesos,CO1.REQ.10846165,2026-08-13,ALCALDIA MUNICIPIO DE JAMUNDI,Otras entidades del Valle,Contexto,18000000
2026-08-15 11:25:34,procesos,CO1.REQ.10840849,2026-08-12,ALCALDIA MUNICIPIO DE JAMUNDI,Otras entidades del Valle,Contexto,19000000
2026-08-15 11:25:34,procesos,CO1.REQ.10846169,2026-08-13,ALCALDIA DE PASTO,Fuera del Valle,Otra urgencia,12500000
2026-08-15 11:25:34,procesos,CO1.REQ.10842804,2026-08-12,Gobernación Norte de Santander*,Fuera del Valle,Otra urgencia,399913920
2026-08-15 11:25:34,procesos,CO1.REQ.10843365,2026-08-12,EMPRESA DE VIVIENDA DE ANTIOQUIA-VIVA,Fuera del Valle,Contexto,140451297
2026-08-15 11:25:34,procesos,CO1.REQ.10840298,2026-08-12,FONDO DE GESTION DEL RIESGO DE DESASTRES DEL DEPARTAMENTO DEL CASANARE,Fuera del Valle,Contexto,14400000
2026-08-15 11:25:34,procesos,CO1.REQ.10843583,2026-08-12,ALCALDIA MUNICIPIO DE RIOSUCIO CALDAS,Fuera del Valle,Otra urgencia,49000000
2026-08-15 11:25:34,procesos,CO1.REQ.10844751,2026-08-12,MUNICIPIO DE PAMPLONA,Fuera del Valle,Otra urgencia,70000000
2026-08-15 11:25:34,procesos,CO1.REQ.10844249,2026-08-13,INSTITUTO DISTRITAL DE GESTIÓN DE RIESGOS Y CAMBIO CLIMÁTICO - IDIGER,Fuera del Valle,Contexto,114240000
2026-08-15 11:25:34,procesos,CO1.REQ.10845108,2026-08-12,EMPRESA DE SERVICIOS PUBLICOS DE TAME,Fuera del Valle,Contexto,454185507
2026-08-15 11:25:34,procesos,CO1.REQ.10843491,2026-08-12,EMPRESA DE DESARROLLO URBANO Y RURAL TAMESIS,Fuera del Valle,Contexto,35724631
2026-08-15 11:25:34,procesos,CO1.REQ.10844157,2026-08-12,MUNICIPIO DE RIOBLANCO,Fuera del Valle,Contexto,48255326
2026-08-15 11:25:34,procesos,CO1.REQ.10840409,2026-08-13,AGENCIA PARA LA INFRAESTRUCTURA DEL META,Fuera del Valle,Otra urgencia,1113139823
2026-08-15 11:25:34,procesos,CO1.REQ.10842481,2026-08-12,HOSPITAL DEPARTAMENTAL CENTENARIO ESE,Descentralizadas de la Gobernación,Contexto,3162000
2026-08-15 11:25:34,procesos,CO1.REQ.10842353,2026-08-12,HOSPITAL DEPARTAMENTAL CENTENARIO ESE,Descentralizadas de la Gobernación,Contexto,16000000
2026-08-15 11:25:34,procesos,CO1.REQ.10835754,2026-08-11,HOSPITAL DEL ROSARIO DE GINEBRA,Fuera del Valle,Contexto,11760000
2026-08-15 11:25:34,procesos,CO1.REQ.10827527,2026-08-10,HOSPITAL DEL ROSARIO DE GINEBRA,Fuera del Valle,Contexto,9200000
2026-08-15 11:25:34,procesos,CO1.REQ.10827943,2026-08-10,HOSPITAL DEL ROSARIO DE GINEBRA,Fuera del Valle,Contexto,21200000
2026-08-15 11:25:34,procesos,CO1.REQ.10831574,2026-08-11,HOSPITAL LOCAL YOTOCO,Fuera del Valle,Contexto,8000000
2026-08-15 11:25:34,secop1,26-4-14774106-13699026,2026-08-13,VALLE DEL CAUCA - CÁMARA DE COMERCIO DE CALI,Otras entidades del Valle,Contexto,60000000
2026-08-15 11:25:34,secop1,26-4-14774603-13699545,2026-08-06,VALLE DEL CAUCA - CAMARA DE COMERCIO DE TULUA,Otras entidades del Valle,Contexto,450000
2026-08-15 11:25:34,secop1,26-4-14774691-13699643,2026-08-11,VALLE DEL CAUCA - CAMARA DE COMERCIO DE TULUA,Otras entidades del Valle,Contexto,450000
2026-08-15 11:25:34,secop1,26-4-14774360-13699332,2026-08-13,VALLE DEL CAUCA - CÁMARA DE COMERCIO DE CALI,Otras entidades del Valle,Contexto,60000000
2026-08-15 11:25:34,secop1,26-12-14774755,2026-08-14,VALLE DEL CAUCA - CORPORACIÓN VALLECAUCANA DE LAS CUENCAS HIDROGRÁFICAS Y EL MEDIO AMBIENTE - CORPOCUENCAS,Otras entidades del Valle,Contexto,0
2026-08-15 11:25:34,secop1,26-4-14774479-13699388,2026-08-06,VALLE DEL CAUCA - CAMARA DE COMERCIO DE TULUA,Otras entidades del Valle,Contexto,158950
2026-08-15 11:25:34,secop1,26-4-14774774-13699745,2026-08-14,VALLE DEL CAUCA - CÁMARA DE COMERCIO DE CALI,Otras entidades del Valle,Contexto,17500000
2026-08-15 11:25:34,secop1,26-4-14774722-13699693,2026-08-13,VALLE DEL CAUCA - CÁMARA DE COMERCIO DE CALI,Otras entidades del Valle,Contexto,60000000
2026-08-15 11:25:34,secop1,26-4-14774411-13699327,2026-08-05,VALLE DEL CAUCA - CAMARA DE COMERCIO DE TULUA,Otras entidades del Valle,Contexto,1500000
2026-08-15 11:25:34,secop1,26-4-14774249-13699191,2026-07-31,VALLE DEL CAUCA - CAMARA DE COMERCIO DE TULUA,Otras entidades del Valle,Contexto,5000000
2026-08-15 11:25:34,secop1,26-4-14775000-13699977,2026-08-11,VALLE DEL CAUCA - CÁMARA DE COMERCIO DE PALMIRA,Otras entidades del Valle,Contexto,7616000
2026-08-15 11:25:34,secop1,26-4-14774336-13699266,2026-08-11,VALLE DEL CAUCA - CAMARA DE COMERCIO DE TULUA,Otras entidades del Valle,Contexto,1920000
2026-08-15 11:25:34,secop1,26-13-14762559-13699692,2026-08-11,VALLE DEL CAUCA  - INSTITUTO MUNICIPAL DEL DEPORTE Y CULTURA TORO CIUDAD CONFEDERADA,Otras entidades del Valle,Contexto,2700000
2026-08-15 11:25:34,secop1,26-4-14774289-13699226,2026-08-13,VALLE DEL CAUCA - CAMARA DE COMERCIO DE TULUA,Otras entidades del Valle,Contexto,13057539
2026-08-15 11:25:34,secop1,26-4-14774651-13699600,2026-08-05,VALLE DEL CAUCA - CAMARA DE COMERCIO DE TULUA,Otras entidades del Valle,Contexto,6250731
2026-08-15 11:25:34,secop1,26-4-14774954-13699915,2026-08-05,VALLE DEL CAUCA - CAMARA DE COMERCIO DE TULUA,Otras entidades del Valle,Contexto,320000
2026-08-15 11:25:34,secop1,26-4-14774309-13699253,2026-07-31,VALLE DEL CAUCA - CAMARA DE COMERCIO DE TULUA,Otras entidades del Valle,Contexto,3150000
2026-08-15 11:25:34,secop1,26-4-14774820-13699796,2026-08-14,VALLE DEL CAUCA - CÁMARA DE COMERCIO DE CALI,Otras entidades del Valle,Contexto,200000000
2026-08-15 11:25:34,secop1,26-4-14774391-13699314,2026-08-05,VALLE DEL CAUCA - CAMARA DE COMERCIO DE TULUA,Otras entidades del Valle,Contexto,109480
2026-08-15 11:25:34,secop1,26-4-14774633-13699580,2026-08-05,VALLE DEL CAUCA - CAMARA DE COMERCIO DE TULUA,Otras entidades del Valle,Contexto,5499893
2026-08-15 11:25:34,secop1,26-4-14774354-13699289,2026-08-11,VALLE DEL CAUCA - CAMARA DE COMERCIO DE TULUA,Otras entidades del Valle,Contexto,69674500
2026-08-15 11:25:34,secop1,26-12-14774493-13699443,2026-08-13,VALLE DEL CAUCA - INSTITUTO MUNICIPAL DE DEPORTES Y RECREACIÓN -  IMDER YOTOCO,Otras entidades del Valle,Contexto,19000000
2026-08-15 11:25:34,secop1,26-4-14774496-13699509,2026-07-31,VALLE DEL CAUCA - CAMARA DE COMERCIO DE TULUA,Otras entidades del Valle,Contexto,3300000
2026-08-15 11:25:34,secop1,26-4-14774443-13699353,2026-08-04,VALLE DEL CAUCA - CAMARA DE COMERCIO DE TULUA,Otras entidades del Valle,Contexto,761600
2026-08-15 11:25:34,secop1,26-4-14774665-13699624,2026-08-04,VALLE DEL CAUCA - CAMARA DE COMERCIO DE TULUA,Otras entidades del Valle,Contexto,1577850
2026-08-15 11:25:34,secop1,26-4-14774175-13699078,2026-08-13,VALLE DEL CAUCA - CÁMARA DE COMERCIO DE CALI,Otras entidades del Valle,Contexto,75000000
2026-08-15 11:25:34,secop1,26-4-14774052-13698950,2026-08-13,VALLE DEL CAUCA - CÁMARA DE COMERCIO DE CALI,Otras entidades del Valle,Contexto,104159843
2026-08-15 11:25:34,secop1,26-12-14773349-13700085,2026-08-13,VALLE DEL CAUCA - ALCALDÍA MUNICIPIO DE EL CAIRO,Otras entidades del Valle,Alta,108306058
2026-08-15 11:25:34,secop1,26-12-14774798-13699775,2026-08-13,NARIÑO - ALCALDÍA MUNICIPIO DE LOS ANDES,Fuera del Valle,Otra urgencia,20000000
2026-08-15 11:25:34,secop1,26-9-510995-13699321,2026-08-11,VICHADA - ALCALDÍA MUNICIPIO DE LA PRIMAVERA,Fuera del Valle,Contexto,99724500
2026-08-15 11:25:34,secop1,26-4-14774958,2026-08-14,CAUCA - CÁMARA DE COMERCIO DEL CAUCA,Fuera del Valle,Otra urgencia,0
2026-08-15 11:25:34,secop1,26-12-14774749-13699741,2026-08-13,NARIÑO - ALCALDÍA MUNICIPIO DE LOS ANDES,Fuera del Valle,Otra urgencia,6618780
2026-08-15 11:25:34,secop1,26-12-14774340,2026-08-14,BOYACÁ - ALCALDÍA MUNICIPIO DE MONGUA,Fuera del Valle,Otra urgencia,0
2026-08-15 11:25:34,secop1,26-12-14773898-13698772,2026-08-11,VAUPÉS - ALCALDÍA MUNICIPIO DE CARURU,Fuera del Valle,Contexto,14960000
2026-08-15 11:25:34,secop1,26-12-14771350-13696028,2026-08-06,VAUPÉS - ALCALDÍA MUNICIPIO DE CARURU,Fuera del Valle,Contexto,41792137
2026-08-15 11:25:34,secop1,26-13-14771378,2026-08-11,VAUPÉS - ALCALDÍA MUNICIPIO DE CARURU,Fuera del Valle,Contexto,0
2026-08-15 11:25:34,secop1,26-12-14773907-13698823,2026-08-11,VAUPÉS - ALCALDÍA MUNICIPIO DE CARURU,Fuera del Valle,Contexto,27600000
2026-08-15 11:25:34,secop1,26-9-510649-13699218,2026-08-11,VAUPÉS - ALCALDÍA MUNICIPIO DE CARURU,Fuera del Valle,Contexto,199926000
2026-08-15 11:25:34,secop1,26-13-14769188,2026-08-10,VAUPÉS - ALCALDÍA MUNICIPIO DE CARURU,Fuera del Valle,Contexto,0
2026-08-15 11:25:34,secop1,26-13-14771957,2026-08-12,VAUPÉS - ALCALDÍA MUNICIPIO DE CARURU,Fuera del Valle,Contexto,0
2026-08-16 13:54:16,contratos,CO1.PCCNTR.9816218,2026-08-14,SANTIAGO DE CALI DISTRITO ESPECIAL - SECRETARIA DE INFRAESTRUCTURA,Alcaldía de Cali,Contexto,11326000
2026-08-16 13:54:16,contratos,CO1.PCCNTR.9805352,2026-08-15,SANTIAGO DE CALI DISTRITO ESPECIAL - SECRETARÍA DE PAZ Y CULTURA CIUDADANA,Alcaldía de Cali,Contexto,9610000
2026-08-16 13:54:16,contratos,CO1.PCCNTR.9814982,2026-08-14,DEPARTAMENTO DEL VALLE DEL CAUCA-SECRETARIA DE GESTION DEL RIESGO DE DESASTRES,Gobernación del Valle,Media,6000000
2026-08-16 13:54:16,contratos,CO1.PCCNTR.9810338,2026-08-14,SANTIAGO DE CALI DISTRITO ESPECIAL - SECRETARIA DE BIENESTAR SOCIAL,Alcaldía de Cali,Contexto,10653000
2026-08-16 13:54:16,contratos,CO1.PCCNTR.9815652,2026-08-14,SANTIAGO DE CALI DISTRITO ESPECIAL - SECRETARIA DE INFRAESTRUCTURA,Alcaldía de Cali,Contexto,5585200
2026-08-16 13:54:16,contratos,CO1.PCCNTR.9810048,2026-08-14,GOBERNACION DEL VALLE DEL CAUCA - DADI,Gobernación del Valle,Contexto,7000000
2026-08-16 13:54:16,contratos,CO1.PCCNTR.9813564,2026-08-14,GOBERNACIÓN VALLE DEL CAUCA -SECRETARIA DE SALUD,Gobernación del Valle,Contexto,25000000
2026-08-16 13:54:16,contratos,CO1.PCCNTR.9812292,2026-08-14,GOBERNACIÓN VALLE DEL CAUCA -SECRETARIA DE SALUD,Gobernación del Valle,Contexto,17500000
2026-08-16 13:54:16,contratos,CO1.PCCNTR.9798014,2026-08-14,UAEPA2,Alcaldía de Cali,Contexto,9610000
2026-08-16 13:54:16,contratos,CO1.PCCNTR.9812257,2026-08-14,GOBERNACION DEL VALLE DEL CAUCA - DADI,Gobernación del Valle,Contexto,5000000
2026-08-16 13:54:16,contratos,CO1.PCCNTR.9810974,2026-08-14,GOBERNACION DEL VALLE DEL CAUCA - DADI,Gobernación del Valle,Contexto,5000000
2026-08-16 13:54:16,contratos,CO1.PCCNTR.9810166,2026-08-14,GOBERNACION DEL VALLE DEL CAUCA - DADI,Gobernación del Valle,Contexto,5000000
2026-08-16 13:54:16,contratos,CO1.PCCNTR.9813914,2026-08-14,SECRETARIA DE PAZ TERRITORIAL Y RECONCILIACIÓN,Gobernación del Valle,Contexto,7700000
2026-08-16 13:54:16,contratos,CO1.PCCNTR.9805639,2026-08-15,SANTIAGO DE CALI DISTRITO ESPECIAL - SECRETARÍA DE PAZ Y CULTURA CIUDADANA,Alcaldía de Cali,Contexto,5584000
2026-08-16 13:54:16,contratos,CO1.PCCNTR.9810182,2026-08-14,GOBERNACION DEL VALLE DEL CAUCA - DADI,Gobernación del Valle,Contexto,5000000
2026-08-16 13:54:16,contratos,CO1.PCCNTR.9815677,2026-08-14,SANTIAGO DE CALI DISTRITO ESPECIAL - SECRETARIA DE INFRAESTRUCTURA,Alcaldía de Cali,Contexto,5585200
2026-08-16 13:54:16,contratos,CO1.PCCNTR.9809372,2026-08-14,GOBERNACION DEL VALLE DEL CAUCA - DADI,Gobernación del Valle,Contexto,5000000
2026-08-16 13:54:16,contratos,CO1.PCCNTR.9813164,2026-08-14,SECRETARIA DE PAZ TERRITORIAL Y RECONCILIACIÓN,Gobernación del Valle,Contexto,7700000
2026-08-16 13:54:16,contratos,CO1.PCCNTR.9805871,2026-08-14,DEPARTAMENTO ADMINISTRATIVO DE GESTION DEL MEDIO AMBIENTE DAGMA,Alcaldía de Cali,Contexto,3947000
2026-08-16 13:54:16,contratos,CO1.PCCNTR.9816657,2026-08-15,DEPARTAMENTO DEL VALLE DEL CAUCA-SECRETARIA DE GESTION DEL RIESGO DE DESASTRES,Gobernación del Valle,Media,3000000
2026-08-16 13:54:16,contratos,CO1.PCCNTR.9813113,2026-08-14,SANTIAGO DE CALI DISTRITO ESPECIAL - SECRETARIA DE MOVILIDAD,Alcaldía de Cali,Contexto,9610000
2026-08-16 13:54:16,contratos,CO1.PCCNTR.9814908,2026-08-14,GOBERNACION DEL VALLE DEL CAUCA - DADI,Gobernación del Valle,Contexto,6000000
2026-08-16 13:54:16,contratos,CO1.PCCNTR.9805908,2026-08-14,GOBERNACION DEL VALLE DEL CAUCA - DADI,Gobernación del Valle,Contexto,7000000
2026-08-16 13:54:16,contratos,CO1.PCCNTR.9810307,2026-08-14,CONCEJO DISTRITAL DE SANTIAGO DE CALI,Alcaldía de Cali,Contexto,30000000
2026-08-16 13:54:16,contratos,CO1.PCCNTR.9817010,2026-08-14,DEPARTAMENTO DEL VALLE DEL CAUCA-SECRETARIA DE GESTION DEL RIESGO DE DESASTRES,Gobernación del Valle,Media,3500000
2026-08-16 13:54:16,contratos,CO1.PCCNTR.9815688,2026-08-14,SANTIAGO DE CALI DISTRITO ESPECIAL - SECRETARIA DE INFRAESTRUCTURA,Alcaldía de Cali,Contexto,8377800
2026-08-16 13:54:16,contratos,CO1.PCCNTR.9810264,2026-08-14,GOBERNACION DEL VALLE DEL CAUCA - DADI,Gobernación del Valle,Contexto,5000000
2026-08-16 13:54:16,contratos,CO1.PCCNTR.9811463,2026-08-14,SECRETARIA GENERAL- GOBERNACION DEL VALLE,Gobernación del Valle,Contexto,14000000
2026-08-16 13:54:16,contratos,CO1.PCCNTR.9810313,2026-08-14,GOBERNACION DEL VALLE DEL CAUCA - DADI,Gobernación del Valle,Contexto,6000000
2026-08-16 13:54:16,contratos,CO1.PCCNTR.9810792,2026-08-14,SECRETARIA GENERAL- GOBERNACION DEL VALLE,Gobernación del Valle,Contexto,6000000
2026-08-16 13:54:16,contratos,CO1.PCCNTR.9813603,2026-08-14,SECRETARIA DE PAZ TERRITORIAL Y RECONCILIACIÓN,Gobernación del Valle,Contexto,3500000
2026-08-16 13:54:16,contratos,CO1.PCCNTR.9811876,2026-08-14,GOBERNACIÓN VALLE DEL CAUCA -SECRETARIA DE SALUD,Gobernación del Valle,Contexto,35000000
2026-08-16 13:54:16,contratos,CO1.PCCNTR.9811329,2026-08-14,SECRETARIA GENERAL- GOBERNACION DEL VALLE,Gobernación del Valle,Contexto,10000000
2026-08-16 13:54:16,contratos,CO1.PCCNTR.9811380,2026-08-14,SECRETARIA GENERAL- GOBERNACION DEL VALLE,Gobernación del Valle,Contexto,12000000
2026-08-16 13:54:16,contratos,CO1.PCCNTR.9812567,2026-08-14,GOBERNACION DEL VALLE DEL CAUCA - DADI,Gobernación del Valle,Contexto,5000000
2026-08-16 13:54:16,contratos,CO1.PCCNTR.9805499,2026-08-14,GOBERNACION DEL VALLE DEL CAUCA - DADI,Gobernación del Valle,Contexto,5000000
2026-08-16 13:54:16,contratos,CO1.PCCNTR.9813140,2026-08-14,SANTIAGO DE CALI DISTRITO ESPECIAL - SECRETARIA DE BIENESTAR SOCIAL,Alcaldía de Cali,Contexto,16989000
2026-08-16 13:54:16,contratos,CO1.PCCNTR.9810669,2026-08-14,SECRETARIA GENERAL- GOBERNACION DEL VALLE,Gobernación del Valle,Contexto,12000000
2026-08-16 13:54:16,contratos,CO1.PCCNTR.9810699,2026-08-14,SECRETARIA GENERAL- GOBERNACION DEL VALLE,Gobernación del Valle,Contexto,20000000
2026-08-16 13:54:16,contratos,CO1.PCCNTR.9813634,2026-08-14,SECRETARIA DE EDUCACION DE CALI,Alcaldía de Cali,Contexto,22652000
2026-08-16 13:54:16,contratos,CO1.PCCNTR.9809982,2026-08-14,CONCEJO DISTRITAL DE SANTIAGO DE CALI,Alcaldía de Cali,Contexto,17070000
2026-08-16 13:54:16,contratos,CO1.PCCNTR.9815062,2026-08-14,DEPARTAMENTO DEL VALLE DEL CAUCA-SECRETARIA DE GESTION DEL RIESGO DE DESASTRES,Gobernación del Valle,Media,3000000
2026-08-16 13:54:16,contratos,CO1.PCCNTR.9811907,2026-08-14,GOBERNACION DEL VALLE DEL CAUCA - DADI,Gobernación del Valle,Contexto,2500000
2026-08-16 13:54:16,contratos,CO1.PCCNTR.9810825,2026-08-14,GOBERNACION DEL VALLE DEL CAUCA - DADI,Gobernación del Valle,Contexto,7700000
2026-08-16 13:54:16,contratos,CO1.PCCNTR.9755051,2026-08-14,SANTIAGO DE CALI DISTRITO ESPECIAL - SECRETARIA DE SEGURIDAD Y JUSTICIA,Alcaldía de Cali,Contexto,11620000
2026-08-16 13:54:16,contratos,CO1.PCCNTR.9811992,2026-08-14,SECRETARIA GENERAL- GOBERNACION DEL VALLE,Gobernación del Valle,Contexto,8000000
2026-08-16 13:54:16,contratos,CO1.PCCNTR.9812689,2026-08-14,SECRETARIA DE PAZ TERRITORIAL Y RECONCILIACIÓN,Gobernación del Valle,Contexto,5000000
2026-08-16 13:54:16,contratos,CO1.PCCNTR.9815042,2026-08-15,DEPARTAMENTO DEL VALLE DEL CAUCA-SECRETARIA DE GESTION DEL RIESGO DE DESASTRES,Gobernación del Valle,Media,7700000
2026-08-16 13:54:16,contratos,CO1.PCCNTR.9812629,2026-08-14,SECRETARIA DE PAZ TERRITORIAL Y RECONCILIACIÓN,Gobernación del Valle,Contexto,3000000
2026-08-16 13:54:16,contratos,CO1.PCCNTR.9813693,2026-08-14,SECRETARIA DE EDUCACION DE CALI,Alcaldía de Cali,Contexto,22652000
2026-08-16 13:54:16,contratos,CO1.PCCNTR.9809670,2026-08-14,GOBERNACION DEL VALLE DEL CAUCA - DADI,Gobernación del Valle,Contexto,5000000
2026-08-16 13:54:16,contratos,CO1.PCCNTR.9809988,2026-08-14,SANTIAGO DE CALI DISTRITO ESPECIAL - SECRETARIA DE SEGURIDAD Y JUSTICIA,Alcaldía de Cali,Contexto,11168000
2026-08-16 13:54:16,contratos,CO1.PCCNTR.9811471,2026-08-14,GOBERNACION DEL VALLE DEL CAUCA - DADI,Gobernación del Valle,Contexto,5000000
2026-08-16 13:54:16,contratos,CO1.PCCNTR.9812612,2026-08-14,CONCEJO DISTRITAL DE SANTIAGO DE CALI,Alcaldía de Cali,Contexto,10545000
2026-08-16 13:54:16,contratos,CO1.PCCNTR.9785222,2026-08-14,SANTIAGO DE CALI DISTRITO ESPECIAL - SECRETARIA DEL DEPORTE Y LA RECREACIÓN,Alcaldía de Cali,Contexto,7894000
2026-08-16 13:54:16,contratos,CO1.PCCNTR.9785110,2026-08-14,Departamento Administrativo de Control Interno Disciplinario de Juzgamiento,Alcaldía de Cali,Contexto,24025000
2026-08-16 13:54:16,contratos,CO1.PCCNTR.9785435,2026-08-14,SANTIAGO DE CALI DISTRITO ESPECIAL - SECRETARIA DEL DEPORTE Y LA RECREACIÓN,Alcaldía de Cali,Contexto,9084000
2026-08-16 13:54:16,contratos,CO1.PCCNTR.9810559,2026-08-14,GOBERNACIÓN VALLE DEL CAUCA -SECRETARIA DE SALUD,Gobernación del Valle,Contexto,30000000
2026-08-16 13:54:16,contratos,CO1.PCCNTR.9814588,2026-08-15,DEPARTAMENTO DEL VALLE DEL CAUCA-SECRETARIA DE GESTION DEL RIESGO DE DESASTRES,Gobernación del Valle,Media,2500000
2026-08-16 13:54:16,contratos,CO1.PCCNTR.9817217,2026-08-14,OFICINA DE CONTROL DISCIPLINARIO INTERNO DE JUZGAMIENTO,Gobernación del Valle,Contexto,3500000
2026-08-16 13:54:16,contratos,CO1.PCCNTR.9810921,2026-08-14,SANTIAGO DE CALI  DISTRITO ESPECIAL - SECRETARIA DE CULTURA,Alcaldía de Cali,Contexto,16989000
2026-08-16 13:54:16,contratos,CO1.PCCNTR.9812110,2026-08-14,GOBERNACION DEL VALLE DEL CAUCA - DADI,Gobernación del Valle,Contexto,6000000
2026-08-16 13:54:16,contratos,CO1.PCCNTR.9812060,2026-08-14,GOBERNACION DEL VALLE DEL CAUCA - DADI,Gobernación del Valle,Contexto,2500000
2026-08-16 13:54:16,contratos,CO1.PCCNTR.9811933,2026-08-14,SANTIAGO DE CALI  DISTRITO ESPECIAL - SECRETARIA DE CULTURA,Alcaldía de Cali,Contexto,19820500
2026-08-16 13:54:16,contratos,CO1.PCCNTR.9799289,2026-08-14,SANTIAGO DE CALI DISTRITO ESPECIAL - SECRETARIA DE SEGURIDAD Y JUSTICIA,Alcaldía de Cali,Contexto,11168000
2026-08-16 13:54:16,contratos,CO1.PCCNTR.9814268,2026-08-14,DEPARTAMENTO DEL VALLE DEL CAUCA-SECRETARIA DE GESTION DEL RIESGO DE DESASTRES,Gobernación del Valle,Media,4000000
2026-08-16 13:54:16,contratos,CO1.PCCNTR.9811435,2026-08-14,GOBERNACION DEL VALLE DEL CAUCA - DADI,Gobernación del Valle,Contexto,5000000
2026-08-16 13:54:16,contratos,CO1.PCCNTR.9814431,2026-08-15,SANTIAGO DE CALI DISTRITO ESPECIAL - SECRETARIA DISTRITAL DE SALUD DE CALI,Alcaldía de Cali,Contexto,11168000
2026-08-16 13:54:16,contratos,CO1.PCCNTR.9816202,2026-08-14,GOBERNACIÓN VALLE DEL CAUCA -SECRETARIA DE SALUD,Gobernación del Valle,Contexto,25000000
2026-08-16 13:54:16,contratos,CO1.PCCNTR.9811672,2026-08-14,GOBERNACION DEL VALLE DEL CAUCA - DADI,Gobernación del Valle,Contexto,4000000
2026-08-16 13:54:16,contratos,CO1.PCCNTR.9814721,2026-08-14,GOBERNACION DEL VALLE DEL CAUCA - DADI,Gobernación del Valle,Contexto,7700000
2026-08-16 13:54:16,contratos,CO1.PCCNTR.9812080,2026-08-14,GOBERNACION DEL VALLE DEL CAUCA - DADI,Gobernación del Valle,Contexto,2500000
2026-08-16 13:54:16,contratos,CO1.PCCNTR.9809985,2026-08-14,CONCEJO DISTRITAL DE SANTIAGO DE CALI,Alcaldía de Cali,Contexto,28315000
2026-08-16 13:54:16,contratos,CO1.PCCNTR.9816667,2026-08-14,DEPARTAMENTO DEL VALLE DEL CAUCA-SECRETARIA DE GESTION DEL RIESGO DE DESASTRES,Gobernación del Valle,Media,4000000
2026-08-16 13:54:16,contratos,CO1.PCCNTR.9812426,2026-08-14,SECRETARIA DE PAZ TERRITORIAL Y RECONCILIACIÓN,Gobernación del Valle,Contexto,6000000
2026-08-16 13:54:16,contratos,CO1.PCCNTR.9809787,2026-08-14,SANTIAGO DE CALI DISTRITO ESPECIAL - SECRETARIA DE BIENESTAR SOCIAL,Alcaldía de Cali,Contexto,33512000
2026-08-16 13:54:16,contratos,CO1.PCCNTR.9816291,2026-08-14,DEPARTAMENTO DEL VALLE DEL CAUCA-SECRETARIA DE GESTION DEL RIESGO DE DESASTRES,Gobernación del Valle,Media,4000000
2026-08-16 13:54:16,contratos,CO1.PCCNTR.9811753,2026-08-14,SANTIAGO DE CALI DISTRITO ESPECIAL - UNIDAD ADMINISTRATIVA ESPECIAL DE SERVICIOS PUBLICOS,Alcaldía de Cali,Contexto,31235000
2026-08-16 13:54:16,contratos,CO1.PCCNTR.9817426,2026-08-15,DEPARTAMENTO DEL VALLE DEL CAUCA-SECRETARIA DE GESTION DEL RIESGO DE DESASTRES,Gobernación del Valle,Media,7700000
2026-08-16 13:54:16,contratos,CO1.PCCNTR.9814532,2026-08-14,DEPARTAMENTO DEL VALLE DEL CAUCA-SECRETARIA DE GESTION DEL RIESGO DE DESASTRES,Gobernación del Valle,Media,7000000
2026-08-16 13:54:16,contratos,CO1.PCCNTR.9812250,2026-08-14,CONCEJO DISTRITAL DE SANTIAGO DE CALI,Alcaldía de Cali,Contexto,27225000
2026-08-16 13:54:16,contratos,CO1.PCCNTR.9814500,2026-08-15,DEPARTAMENTO DEL VALLE DEL CAUCA-SECRETARIA DE GESTION DEL RIESGO DE DESASTRES,Gobernación del Valle,Media,6000000
2026-08-16 13:54:16,contratos,CO1.PCCNTR.9809054,2026-08-14,GOBERNACION DEL VALLE DEL CAUCA - DADI,Gobernación del Valle,Contexto,4000000
2026-08-16 13:54:16,contratos,CO1.PCCNTR.9809241,2026-08-14,DEPARTAMENTO ADMINISTRATIVO DE GESTION DEL MEDIO AMBIENTE DAGMA,Alcaldía de Cali,Contexto,3551000
2026-08-16 13:54:16,contratos,CO1.PCCNTR.9817254,2026-08-15,DEPARTAMENTO DEL VALLE DEL CAUCA-SECRETARIA DE GESTION DEL RIESGO DE DESASTRES,Gobernación del Valle,Media,4000000
2026-08-16 13:54:16,contratos,CO1.PCCNTR.9811321,2026-08-14,SANTIAGO DE CALI  DISTRITO ESPECIAL - SECRETARIA DE CULTURA,Alcaldía de Cali,Contexto,23478000
2026-08-16 13:54:16,contratos,CO1.PCCNTR.9810205,2026-08-14,CONCEJO DISTRITAL DE SANTIAGO DE CALI,Alcaldía de Cali,Contexto,13960000
2026-08-16 13:54:16,contratos,CO1.PCCNTR.9816002,2026-08-14,DEPARTAMENTO DEL VALLE DEL CAUCA-SECRETARIA DE GESTION DEL RIESGO DE DESASTRES,Gobernación del Valle,Media,4000000
2026-08-16 13:54:16,contratos,CO1.PCCNTR.9811882,2026-08-14,PLANEACIÓN MUNICIPAL CALI**,Alcaldía de Cali,Contexto,31235000
2026-08-16 13:54:16,contratos,CO1.PCCNTR.9813046,2026-08-14,GOBERNACION DEL VALLE DEL CAUCA - DADI,Gobernación del Valle,Contexto,3500000
2026-08-16 13:54:16,contratos,CO1.PCCNTR.9817276,2026-08-15,DEPARTAMENTO DEL VALLE DEL CAUCA-SECRETARIA DE GESTION DEL RIESGO DE DESASTRES,Gobernación del Valle,Media,5000000
2026-08-16 13:54:16,contratos,CO1.PCCNTR.9814052,2026-08-14,SECRETARIA DE EDUCACION DE CALI,Alcaldía de Cali,Contexto,11620000
2026-08-16 13:54:16,contratos,CO1.PCCNTR.9815480,2026-08-14,SANTIAGO DE CALI DISTRITO ESPECIAL - SECRETARIA DE INFRAESTRUCTURA,Alcaldía de Cali,Contexto,5585200
2026-08-16 13:54:16,contratos,CO1.PCCNTR.9805283,2026-08-14,SANTIAGO DE CALI DISTRITO ESPECIAL - SECRETARÍA DE PAZ Y CULTURA CIUDADANA,Alcaldía de Cali,Contexto,11326000
2026-08-16 13:54:16,contratos,CO1.PCCNTR.9810571,2026-08-14,GOBERNACIÓN VALLE DEL CAUCA -SECRETARIA DE SALUD,Gobernación del Valle,Contexto,15000000
2026-08-16 13:54:16,contratos,CO1.PCCNTR.9809925,2026-08-14,GOBERNACION DEL VALLE DEL CAUCA - DADI,Gobernación del Valle,Contexto,6000000
2026-08-16 13:54:16,contratos,CO1.PCCNTR.9813520,2026-08-14,GOBERNACIÓN VALLE DEL CAUCA -SECRETARIA DE SALUD,Gobernación del Valle,Contexto,15000000
2026-08-16 13:54:16,contratos,CO1.PCCNTR.9814661,2026-08-14,GOBERNACIÓN VALLE DEL CAUCA -SECRETARIA DE SALUD,Gobernación del Valle,Contexto,15000000
2026-08-16 13:54:16,contratos,CO1.PCCNTR.9812627,2026-08-14,GOBERNACION DEL VALLE DEL CAUCA - DADI,Gobernación del Valle,Contexto,6000000
2026-08-16 13:54:16,contratos,CO1.PCCNTR.9798362,2026-08-14,UAEPA2,Alcaldía de Cali,Contexto,5584000
2026-08-16 13:54:16,contratos,CO1.PCCNTR.9809749,2026-08-14,SANTIAGO DE CALI DISTRITO ESPECIAL - SECRETARIA DE BIENESTAR SOCIAL,Alcaldía de Cali,Contexto,16989000
2026-08-16 13:54:16,contratos,CO1.PCCNTR.9798694,2026-08-14,SANTIAGO DE CALI DISTRITO ESPECIAL - SECRETARIA DE DESARROLLO ECONOMICO,Alcaldía de Cali,Contexto,10653000
2026-08-16 13:54:16,contratos,CO1.PCCNTR.9812122,2026-08-14,SANTIAGO DE CALI DISTRITO ESPECIAL - SECRETARIA DE BIENESTAR SOCIAL,Alcaldía de Cali,Contexto,16989000
2026-08-16 13:54:16,contratos,CO1.PCCNTR.9817428,2026-08-15,DEPARTAMENTO DEL VALLE DEL CAUCA-SECRETARIA DE GESTION DEL RIESGO DE DESASTRES,Gobernación del Valle,Media,6000000
2026-08-16 13:54:16,contratos,CO1.PCCNTR.9810224,2026-08-14,GOBERNACION DEL VALLE DEL CAUCA - DADI,Gobernación del Valle,Contexto,7700000
2026-08-16 13:54:16,contratos,CO1.PCCNTR.9817047,2026-08-14,OFICINA DE CONTROL DISCIPLINARIO INTERNO DE JUZGAMIENTO,Gobernación del Valle,Contexto,5000000
2026-08-16 13:54:16,contratos,CO1.PCCNTR.9810110,2026-08-14,SANTIAGO DE CALI DISTRITO ESPECIAL - SECRETARIA DE BIENESTAR SOCIAL,Alcaldía de Cali,Contexto,22652000
2026-08-16 13:54:16,contratos,CO1.PCCNTR.9810969,2026-08-14,GOBERNACION DEL VALLE DEL CAUCA - DADI,Gobernación del Valle,Contexto,5000000
2026-08-16 13:54:16,contratos,CO1.PCCNTR.9812016,2026-08-15,SANTIAGO DE CALI DISTRITO ESPECIAL - SECRETARIA DE BIENESTAR SOCIAL,Alcaldía de Cali,Contexto,14415000
2026-08-16 13:54:16,contratos,CO1.PCCNTR.9772071,2026-08-14,SANTIAGO DE CALI DISTRITO ESPECIAL - SECRETARIA DE SEGURIDAD Y JUSTICIA,Alcaldía de Cali,Contexto,22652000
2026-08-16 13:54:16,contratos,CO1.PCCNTR.9810145,2026-08-14,SANTIAGO DE CALI DISTRITO ESPECIAL - SECRETARIA DE BIENESTAR SOCIAL,Alcaldía de Cali,Contexto,5584000
2026-08-16 13:54:16,contratos,CO1.PCCNTR.9769893,2026-08-14,SANTIAGO DE CALI DISTRITO ESPECIAL - SECRETARIA DE MOVILIDAD,Alcaldía de Cali,Contexto,5584000
2026-08-16 13:54:16,contratos,CO1.PCCNTR.9814301,2026-08-15,DEPARTAMENTO DEL VALLE DEL CAUCA-SECRETARIA DE GESTION DEL RIESGO DE DESASTRES,Gobernación del Valle,Media,7700000
2026-08-16 13:54:16,contratos,CO1.PCCNTR.9809030,2026-08-14,GOBERNACION DEL VALLE DEL CAUCA - DADI,Gobernación del Valle,Contexto,5000000
2026-08-16 13:54:16,contratos,CO1.PCCNTR.9816257,2026-08-14,SECRETARIA GENERAL- GOBERNACION DEL VALLE,Gobernación del Valle,Contexto,15400000
2026-08-16 13:54:16,contratos,CO1.PCCNTR.9810201,2026-08-14,SANTIAGO DE CALI DISTRITO ESPECIAL - SECRETARIA DE BIENESTAR SOCIAL,Alcaldía de Cali,Contexto,8376000
2026-08-16 13:54:16,contratos,CO1.PCCNTR.9812370,2026-08-15,SANTIAGO DE CALI DISTRITO ESPECIAL - SECRETARIA DE BIENESTAR SOCIAL,Alcaldía de Cali,Contexto,31304000
2026-08-16 13:54:16,contratos,CO1.PCCNTR.9812171,2026-08-14,SECRETARIA GENERAL- GOBERNACION DEL VALLE,Gobernación del Valle,Contexto,8000000
2026-08-16 13:54:16,contratos,CO1.PCCNTR.9811757,2026-08-14,GOBERNACION DEL VALLE DEL CAUCA - DADI,Gobernación del Valle,Contexto,4000000
2026-08-16 13:54:16,contratos,CO1.PCCNTR.9814123,2026-08-14,GOBERNACIÓN VALLE DEL CAUCA -SECRETARIA DE SALUD,Gobernación del Valle,Contexto,20000000
2026-08-16 13:54:16,contratos,CO1.PCCNTR.9811752,2026-08-14,GOBERNACION DEL VALLE DEL CAUCA - DADI,Gobernación del Valle,Contexto,7700000
2026-08-16 13:54:16,contratos,CO1.PCCNTR.9811478,2026-08-14,SECRETARIA GENERAL- GOBERNACION DEL VALLE,Gobernación del Valle,Contexto,8000000
2026-08-16 13:54:16,contratos,CO1.PCCNTR.9810038,2026-08-14,GOBERNACION DEL VALLE DEL CAUCA - DADI,Gobernación del Valle,Contexto,7000000
2026-08-16 13:54:16,contratos,CO1.PCCNTR.9768231,2026-08-14,SANTIAGO DE CALI DISTRITO ESPECIAL - DEPARTAMENTO ADMINISTRATIVO DE HACIENDA,Alcaldía de Cali,Contexto,9765000
2026-08-16 13:54:16,contratos,CO1.PCCNTR.9814601,2026-08-14,GOBERNACION DEL VALLE DEL CAUCA - DADI,Gobernación del Valle,Contexto,4000000
2026-08-16 13:54:16,contratos,CO1.PCCNTR.9813011,2026-08-14,GOBERNACIÓN VALLE DEL CAUCA -SECRETARIA DE SALUD,Gobernación del Valle,Contexto,20000000
2026-08-16 13:54:16,contratos,CO1.PCCNTR.9811595,2026-08-14,GOBERNACION DEL VALLE DEL CAUCA - DADI,Gobernación del Valle,Contexto,5000000
2026-08-16 13:54:16,contratos,CO1.PCCNTR.9814613,2026-08-14,GOBERNACION DEL VALLE DEL CAUCA - DADI,Gobernación del Valle,Contexto,5000000
2026-08-16 13:54:16,contratos,CO1.PCCNTR.9817127,2026-08-14,OFICINA DE CONTROL DISCIPLINARIO INTERNO DE JUZGAMIENTO,Gobernación del Valle,Contexto,3500000
2026-08-16 13:54:16,contratos,CO1.PCCNTR.9812388,2026-08-14,GOBERNACION DEL VALLE DEL CAUCA - DADI,Gobernación del Valle,Contexto,6500000
2026-08-16 13:54:16,contratos,CO1.PCCNTR.9811223,2026-08-14,GOBERNACION DEL VALLE DEL CAUCA - DADI,Gobernación del Valle,Contexto,6000000
2026-08-16 13:54:16,contratos,CO1.PCCNTR.9814957,2026-08-14,DEPARTAMENTO DEL VALLE DEL CAUCA-SECRETARIA DE GESTION DEL RIESGO DE DESASTRES,Gobernación del Valle,Media,2500000
2026-08-16 13:54:16,contratos,CO1.PCCNTR.9812607,2026-08-14,SANTIAGO DE CALI DISTRITO ESPECIAL - SECRETARIA DE BIENESTAR SOCIAL,Alcaldía de Cali,Contexto,14415000
2026-08-16 13:54:16,contratos,CO1.PCCNTR.9813984,2026-08-14,DEPARTAMENTO DEL VALLE DEL CAUCA-SECRETARIA DE GESTION DEL RIESGO DE DESASTRES,Gobernación del Valle,Media,2500000
2026-08-16 13:54:16,contratos,CO1.PCCNTR.9810329,2026-08-14,GOBERNACION DEL VALLE DEL CAUCA - DADI,Gobernación del Valle,Contexto,5000000
2026-08-16 13:54:16,contratos,CO1.PCCNTR.9807390,2026-08-14,CONCEJO DISTRITAL DE SANTIAGO DE CALI,Alcaldía de Cali,Contexto,15650000
2026-08-16 13:54:16,contratos,CO1.PCCNTR.9814257,2026-08-14,GOBERNACIÓN VALLE DEL CAUCA -SECRETARIA DE SALUD,Gobernación del Valle,Contexto,25000000
2026-08-16 13:54:16,contratos,CO1.PCCNTR.9810159,2026-08-14,SANTIAGO DE CALI DISTRITO ESPECIAL - SECRETARIA DE BIENESTAR SOCIAL,Alcaldía de Cali,Contexto,10653000
2026-08-16 13:54:16,contratos,CO1.PCCNTR.9814418,2026-08-14,DEPARTAMENTO DEL VALLE DEL CAUCA-SECRETARIA DE GESTION DEL RIESGO DE DESASTRES,Gobernación del Valle,Media,4000000
2026-08-16 13:54:16,contratos,CO1.PCCNTR.9807935,2026-08-15,SANTIAGO DE CALI DISTRITO ESPECIAL - SECRETARÍA DE PAZ Y CULTURA CIUDADANA,Alcaldía de Cali,Contexto,11326000
2026-08-16 13:54:16,contratos,CO1.PCCNTR.9812481,2026-08-14,SECRETARIA DE PAZ TERRITORIAL Y RECONCILIACIÓN,Gobernación del Valle,Contexto,6000000
2026-08-16 13:54:16,contratos,CO1.PCCNTR.9809525,2026-08-14,GOBERNACION DEL VALLE DEL CAUCA - DADI,Gobernación del Valle,Contexto,2500000
2026-08-16 13:54:16,contratos,CO1.PCCNTR.9810817,2026-08-14,GOBERNACION DEL VALLE DEL CAUCA - DADI,Gobernación del Valle,Contexto,7700000
2026-08-16 13:54:16,contratos,CO1.PCCNTR.9816702,2026-08-14,SECRETARIA GENERAL- GOBERNACION DEL VALLE,Gobernación del Valle,Contexto,12000000
2026-08-16 13:54:16,contratos,CO1.PCCNTR.9812998,2026-08-14,SECRETARIA DE EDUCACION DE CALI,Alcaldía de Cali,Contexto,31304000
2026-08-16 13:54:16,contratos,CO1.PCCNTR.9812616,2026-08-15,SANTIAGO DE CALI  DISTRITO ESPECIAL - SECRETARIA DE CULTURA,Alcaldía de Cali,Contexto,21864500
2026-08-16 13:54:16,contratos,CO1.PCCNTR.9810934,2026-08-14,GOBERNACION DEL VALLE DEL CAUCA - DADI,Gobernación del Valle,Contexto,7700000
2026-08-16 13:54:16,contratos,CO1.PCCNTR.9810544,2026-08-14,GOBERNACIÓN VALLE DEL CAUCA -SECRETARIA DE SALUD,Gobernación del Valle,Contexto,20000000
2026-08-16 13:54:16,contratos,CO1.PCCNTR.9810154,2026-08-15,SANTIAGO DE CALI DISTRITO ESPECIAL - SECRETARIA DE BIENESTAR SOCIAL,Alcaldía de Cali,Contexto,14204000
2026-08-16 13:54:16,contratos,CO1.PCCNTR.9779984,2026-08-14,SANTIAGO DE CALI DISTRITO ESPECIAL - SECRETARIA DE SEGURIDAD Y JUSTICIA,Alcaldía de Cali,Contexto,11168000
2026-08-16 13:54:16,contratos,CO1.PCCNTR.9814346,2026-08-14,GOBERNACION DEL VALLE DEL CAUCA - DADI,Gobernación del Valle,Contexto,10000000
2026-08-16 13:54:16,contratos,CO1.PCCNTR.9814612,2026-08-14,DEPARTAMENTO DEL VALLE DEL CAUCA-SECRETARIA DE GESTION DEL RIESGO DE DESASTRES,Gobernación del Valle,Media,2500000
2026-08-16 13:54:16,contratos,CO1.PCCNTR.9804465,2026-08-14,SANTIAGO DE CALI DISTRITO ESPECIAL - SECRETARIA DE SEGURIDAD Y JUSTICIA,Alcaldía de Cali,Contexto,3551000
2026-08-16 13:54:16,contratos,CO1.PCCNTR.9808273,2026-08-14,SANTIAGO DE CALI DISTRITO ESPECIAL - UNIDAD ADMINISTRATIVA ESPECIAL DE SERVICIOS PUBLICOS,Alcaldía de Cali,Contexto,5663000
2026-08-16 13:54:16,contratos,CO1.PCCNTR.9816951,2026-08-14,SANTIAGO DE CALI DISTRITO ESPECIAL - SECRETARIA DEL DEPORTE Y LA RECREACIÓN,Alcaldía de Cali,Contexto,11326000
2026-08-16 13:54:16,contratos,CO1.PCCNTR.9796316,2026-08-14,UAEPA2,Alcaldía de Cali,Contexto,9610000
2026-08-16 13:54:16,contratos,CO1.PCCNTR.9812379,2026-08-14,GOBERNACION DEL VALLE DEL CAUCA - DADI,Gobernación del Valle,Contexto,7000000
2026-08-16 13:54:16,contratos,CO1.PCCNTR.9815702,2026-08-14,DEPARTAMENTO DEL VALLE DEL CAUCA-SECRETARIA DE GESTION DEL RIESGO DE DESASTRES,Gobernación del Valle,Media,7000000
2026-08-16 13:54:16,contratos,CO1.PCCNTR.9814756,2026-08-14,GOBERNACION DEL VALLE DEL CAUCA - DADI,Gobernación del Valle,Contexto,5000000
2026-08-16 13:54:16,contratos,CO1.PCCNTR.9811741,2026-08-14,PLANEACIÓN MUNICIPAL CALI**,Alcaldía de Cali,Contexto,35180000
2026-08-16 13:54:16,contratos,CO1.PCCNTR.9805311,2026-08-15,SANTIAGO DE CALI DISTRITO ESPECIAL - SECRETARÍA DE PAZ Y CULTURA CIUDADANA,Alcaldía de Cali,Contexto,9610000
2026-08-16 13:54:16,contratos,CO1.PCCNTR.9810034,2026-08-14,GOBERNACION DEL VALLE DEL CAUCA - DADI,Gobernación del Valle,Contexto,2500000
2026-08-16 13:54:16,contratos,CO1.PCCNTR.9813808,2026-08-14,GOBERNACION DEL VALLE DEL CAUCA - DADI,Gobernación del Valle,Contexto,5000000
2026-08-16 13:54:16,contratos,CO1.PCCNTR.9810204,2026-08-14,GOBERNACION DEL VALLE DEL CAUCA - DADI,Gobernación del Valle,Contexto,7000000
2026-08-16 13:54:16,contratos,CO1.PCCNTR.9809844,2026-08-14,UAEPA2,Alcaldía de Cali,Contexto,9610000
2026-08-16 13:54:16,contratos,CO1.PCCNTR.9810841,2026-08-14,GOBERNACION DEL VALLE DEL CAUCA - DADI,Gobernación del Valle,Contexto,2500000
2026-08-16 13:54:16,contratos,CO1.PCCNTR.9810056,2026-08-14,SANTIAGO DE CALI DISTRITO ESPECIAL - SECRETARIA DE BIENESTAR SOCIAL,Alcaldía de Cali,Contexto,8376000
2026-08-16 13:54:16,contratos,CO1.PCCNTR.9808976,2026-08-14,GOBERNACION DEL VALLE DEL CAUCA - DADI,Gobernación del Valle,Contexto,5000000
2026-08-16 13:54:16,contratos,CO1.PCCNTR.9807380,2026-08-15,SANTIAGO DE CALI DISTRITO ESPECIAL - SECRETARIA DE BIENESTAR SOCIAL,Alcaldía de Cali,Contexto,23478000
2026-08-16 13:54:16,contratos,CO1.PCCNTR.9817116,2026-08-14,SECRETARIA DE MOVILIDAD Y TRANSPORTE,Gobernación del Valle,Contexto,10000000
2026-08-16 13:54:16,contratos,CO1.PCCNTR.9816698,2026-08-15,OFICINA DE CONTROL DISCIPLINARIO INTERNO DE JUZGAMIENTO,Gobernación del Valle,Contexto,5000000
2026-08-16 13:54:16,contratos,CO1.PCCNTR.9813659,2026-08-14,GOBERNACION DEL VALLE DEL CAUCA - DADI,Gobernación del Valle,Contexto,7700000
2026-08-16 13:54:16,contratos,CO1.PCCNTR.9815612,2026-08-14,DEPARTAMENTO DEL VALLE DEL CAUCA-SECRETARIA DE GESTION DEL RIESGO DE DESASTRES,Gobernación del Valle,Media,6000000
2026-08-16 13:54:16,contratos,CO1.PCCNTR.9815818,2026-08-15,DEPARTAMENTO DEL VALLE DEL CAUCA-SECRETARIA DE GESTION DEL RIESGO DE DESASTRES,Gobernación del Valle,Media,7700000
2026-08-16 13:54:16,contratos,CO1.PCCNTR.9812247,2026-08-14,GOBERNACION DEL VALLE DEL CAUCA - DADI,Gobernación del Valle,Contexto,3000000
2026-08-16 13:54:16,contratos,CO1.PCCNTR.9814778,2026-08-14,GOBERNACION DEL VALLE DEL CAUCA - DADI,Gobernación del Valle,Contexto,4000000
2026-08-16 13:54:16,contratos,CO1.PCCNTR.9812374,2026-08-14,GOBERNACION DEL VALLE DEL CAUCA - DADI,Gobernación del Valle,Contexto,7000000
2026-08-16 13:54:16,contratos,CO1.PCCNTR.9810997,2026-08-15,SANTIAGO DE CALI DISTRITO ESPECIAL - SECRETARIA DE MOVILIDAD,Alcaldía de Cali,Contexto,9610000
2026-08-16 13:54:16,contratos,CO1.PCCNTR.9812458,2026-08-14,GOBERNACION DEL VALLE DEL CAUCA - DADI,Gobernación del Valle,Contexto,2500000
2026-08-16 13:54:16,contratos,CO1.PCCNTR.9813506,2026-08-15,SANTIAGO DE CALI DISTRITO ESPECIAL - SECRETARIA DE BIENESTAR SOCIAL,Alcaldía de Cali,Contexto,9610000
2026-08-16 13:54:16,contratos,CO1.PCCNTR.9811891,2026-08-14,GOBERNACION DEL VALLE DEL CAUCA - DADI,Gobernación del Valle,Contexto,6000000
2026-08-16 13:54:16,contratos,CO1.PCCNTR.9812320,2026-08-14,GOBERNACIÓN VALLE DEL CAUCA -SECRETARIA DE SALUD,Gobernación del Valle,Contexto,25000000
2026-08-16 13:54:16,contratos,CO1.PCCNTR.9810031,2026-08-14,SANTIAGO DE CALI DISTRITO ESPECIAL - SECRETARIA DE BIENESTAR SOCIAL,Alcaldía de Cali,Contexto,16989000
2026-08-16 13:54:16,contratos,CO1.PCCNTR.9731332,2026-08-14,SECRETARIA DE EDUCACION DE CALI,Alcaldía de Cali,Contexto,14204000
2026-08-16 13:54:16,contratos,CO1.PCCNTR.9814113,2026-08-14,GOBERNACION DEL VALLE DEL CAUCA - DADI,Gobernación del Valle,Contexto,4000000
2026-08-16 13:54:16,contratos,CO1.PCCNTR.9793905,2026-08-14,UAEPA2,Alcaldía de Cali,Contexto,5810000
2026-08-16 13:54:16,contratos,CO1.PCCNTR.9813110,2026-08-15,SANTIAGO DE CALI DISTRITO ESPECIAL - SECRETARIA DE MOVILIDAD,Alcaldía de Cali,Contexto,6510000
2026-08-16 13:54:16,contratos,CO1.PCCNTR.9810690,2026-08-14,PLANEACIÓN MUNICIPAL CALI**,Alcaldía de Cali,Contexto,22652000
2026-08-16 13:54:16,contratos,CO1.PCCNTR.9806280,2026-08-14,SANTIAGO DE CALI DISTRITO ESPECIAL - SECRETARIA DE SEGURIDAD Y JUSTICIA,Alcaldía de Cali,Contexto,24988000
2026-08-16 13:54:16,contratos,CO1.PCCNTR.9812027,2026-08-14,SANTIAGO DE CALI DISTRITO ESPECIAL - SECRETARIA DE SEGURIDAD Y JUSTICIA,Alcaldía de Cali,Contexto,6247000
2026-08-16 13:54:16,contratos,CO1.PCCNTR.9811869,2026-08-14,SECRETARIA GENERAL- GOBERNACION DEL VALLE,Gobernación del Valle,Contexto,10000000
2026-08-16 13:54:16,contratos,CO1.PCCNTR.9814054,2026-08-14,GOBERNACION DEL VALLE DEL CAUCA - DADI,Gobernación del Valle,Contexto,7700000
2026-08-16 13:54:16,contratos,CO1.PCCNTR.9809996,2026-08-15,SANTIAGO DE CALI DISTRITO ESPECIAL - SECRETARIA DE BIENESTAR SOCIAL,Alcaldía de Cali,Contexto,12494000
2026-08-16 13:54:16,contratos,CO1.PCCNTR.9816819,2026-08-14,CONCEJO MUNICIPAL DE GUADALAJARA DE BUGA,Otras entidades del Valle,Contexto,14000000
2026-08-16 13:54:16,contratos,CO1.PCCNTR.9810890,2026-08-14,ALCALDIA MUNICIPIO DE JAMUNDI,Otras entidades del Valle,Contexto,11500000
2026-08-16 13:54:16,contratos,CO1.PCCNTR.9808923,2026-08-14,Secretaría de Bienestar Social - Alcaldía de Tuluá,Otras entidades del Valle,Contexto,15880000
2026-08-16 13:54:16,contratos,CO1.PCCNTR.9799917,2026-08-14,ALCALDIA DE ALCALA,Otras entidades del Valle,Contexto,12500000
2026-08-16 13:54:16,contratos,CO1.PCCNTR.9810537,2026-08-14,ALCALDIA MUNICIPIO DE JAMUNDI,Otras entidades del Valle,Contexto,27000000
2026-08-16 13:54:16,contratos,CO1.PCCNTR.9817184,2026-08-14,MUNICIPIO DE YUMBO VALLE,Otras entidades del Valle,Contexto,16400000
2026-08-16 13:54:16,contratos,CO1.PCCNTR.9812597,2026-08-14,INSTITUTO COLOMBIANO DE BALLET CLÁSICO INCOLBALLET,Otras entidades del Valle,Contexto,10500000
2026-08-16 13:54:16,contratos,CO1.PCCNTR.9813672,2026-08-14,INSTITUTO COLOMBIANO DE BALLET CLÁSICO INCOLBALLET,Otras entidades del Valle,Contexto,10500000
2026-08-16 13:54:16,contratos,CO1.PCCNTR.9816326,2026-08-14,MUNICIPIO DE YUMBO VALLE,Otras entidades del Valle,Contexto,16400000
2026-08-16 13:54:16,contratos,CO1.PCCNTR.9814057,2026-08-14,ALCALDIA DISTRITAL DE BUENAVENTURA-VALLE,Otras entidades del Valle,Contexto,10609000
2026-08-16 13:54:16,contratos,CO1.PCCNTR.9813545,2026-08-14,MUNICIPIO DE BUGALAGRANDE,Otras entidades del Valle,Contexto,14994000
2026-08-16 13:54:16,contratos,CO1.PCCNTR.9816892,2026-08-14,MUNICIPIO DE YUMBO VALLE,Otras entidades del Valle,Contexto,8000000
2026-08-16 13:54:16,contratos,CO1.PCCNTR.9811856,2026-08-14,ALCALDIA DISTRITAL DE BUENAVENTURA-VALLE,Otras entidades del Valle,Contexto,10609000
2026-08-16 13:54:16,contratos,CO1.PCCNTR.9816267,2026-08-14,ALCALDIA DISTRITAL DE BUENAVENTURA-VALLE,Otras entidades del Valle,Contexto,18565750
2026-08-16 13:54:16,contratos,CO1.PCCNTR.9812918,2026-08-14,ALCALDIA DISTRITAL DE BUENAVENTURA-VALLE,Otras entidades del Valle,Contexto,13261250
2026-08-16 13:54:16,contratos,CO1.PCCNTR.9730035,2026-08-14,REGIONAL DE ASEGURAMIENTO EN SALUD No. 4,Otras entidades del Valle,Contexto,30457325
2026-08-16 13:54:16,contratos,CO1.PCCNTR.9811386,2026-08-14,MUNICIPIO DE YUMBO VALLE,Otras entidades del Valle,Media,16400000
2026-08-16 13:54:16,contratos,CO1.PCCNTR.9810149,2026-08-14,ALCALDIA MUNICIPIO DE JAMUNDI,Otras entidades del Valle,Contexto,24000000
2026-08-16 13:54:16,contratos,CO1.PCCNTR.9814028,2026-08-14,MUNICIPIO DE BUGALAGRANDE,Otras entidades del Valle,Contexto,16800000
2026-08-16 13:54:16,contratos,CO1.PCCNTR.9817940,2026-08-15,ALCALDIA MUNICIPIO DE JAMUNDI,Otras entidades del Valle,Media,19000000
2026-08-16 13:54:16,contratos,CO1.PCCNTR.9808174,2026-08-14,Secretaría de Bienestar Social - Alcaldía de Tuluá,Otras entidades del Valle,Contexto,15880000
2026-08-16 13:54:16,contratos,CO1.PCCNTR.9804812,2026-08-14,ALCALDÍA MUNICIPAL DE CANDELARIA VALLE,Otras entidades del Valle,Contexto,187094284.79
2026-08-16 13:54:16,contratos,CO1.PCCNTR.9814405,2026-08-14,MUNICIPIO DE LA UNION,Otras entidades del Valle,Contexto,11950000
2026-08-16 13:54:16,contratos,CO1.PCCNTR.9817274,2026-08-14,MUNICIPIO DE YUMBO VALLE,Otras entidades del Valle,Contexto,8000000
2026-08-16 13:54:16,contratos,CO1.PCCNTR.9811725,2026-08-14,ALCALDIA MUNICIPAL DE ANDALUCIA VALLE DEL CAUCA,Otras entidades del Valle,Contexto,10000000
2026-08-16 13:54:16,contratos,CO1.PCCNTR.9814406,2026-08-14,MUNICIPIO DE CARTAGO,Otras entidades del Valle,Contexto,16000000
2026-08-16 13:54:16,contratos,CO1.PCCNTR.9815864,2026-08-14,MUNICIPIO DE CALIMA EL DARIEN VALLE,Otras entidades del Valle,Contexto,8800000
2026-08-16 13:54:16,contratos,CO1.PCCNTR.9816198,2026-08-14,BENEFICENCIA DEL VALLE DEL CAUCA E.I.C.E,Descentralizadas de la Gobernación,Contexto,14000000
2026-08-16 13:54:16,contratos,CO1.PCCNTR.9815950,2026-08-14,MUNICIPIO DE LA UNION,Otras entidades del Valle,Contexto,18262435
2026-08-16 13:54:16,contratos,CO1.PCCNTR.9811504,2026-08-14,CVC,Otras entidades del Valle,Contexto,19000000
2026-08-16 13:54:16,contratos,CO1.PCCNTR.9814384,2026-08-14,MUNICIPIO DE BUGALAGRANDE,Otras entidades del Valle,Contexto,16800000
2026-08-16 13:54:16,contratos,CO1.PCCNTR.9814037,2026-08-14,ALCALDIA MUNICIPIO DE JAMUNDI,Otras entidades del Valle,Contexto,25000000
2026-08-16 13:54:16,contratos,CO1.PCCNTR.9816556,2026-08-14,MUNICIPIO DE YUMBO VALLE,Otras entidades del Valle,Contexto,8800000
2026-08-16 13:54:16,contratos,CO1.PCCNTR.9813185,2026-08-14,INSTITUTO COLOMBIANO DE BALLET CLÁSICO INCOLBALLET,Otras entidades del Valle,Contexto,7500000
2026-08-16 13:54:16,contratos,CO1.PCCNTR.9804282,2026-08-14,UPRES VALLE,Otras entidades del Valle,Contexto,13978965
2026-08-16 13:54:16,contratos,CO1.PCCNTR.9812332,2026-08-14,ALCALDIA DISTRITAL DE BUENAVENTURA-VALLE,Otras entidades del Valle,Contexto,10609000
2026-08-16 13:54:16,contratos,CO1.PCCNTR.9816517,2026-08-14,MUNICIPIO DE YUMBO VALLE,Otras entidades del Valle,Contexto,8000000
2026-08-16 13:54:16,contratos,CO1.PCCNTR.9814921,2026-08-14,MUNICIPIO DE BUGALAGRANDE,Otras entidades del Valle,Contexto,9724000
2026-08-16 13:54:16,contratos,CO1.PCCNTR.9814223,2026-08-14,MUNICIPIO DE BUGALAGRANDE,Otras entidades del Valle,Contexto,13000000
2026-08-16 13:54:16,contratos,CO1.PCCNTR.9812556,2026-08-14,ALCALDIA MUNICIPIO DE JAMUNDI,Otras entidades del Valle,Contexto,21000000
2026-08-16 13:54:16,contratos,CO1.PCCNTR.9809288,2026-08-15,ALCALDÍA MUNICIPIO DE PALMIRA,Otras entidades del Valle,Contexto,14000000
2026-08-16 13:54:16,contratos,CO1.PCCNTR.9812469,2026-08-14,DEPARTAMENTO ADMINISTRATIVO NACIONAL DE ESTADISTICA-SUROCCIDENTE,Otras entidades del Valle,Media,11606400
2026-08-16 13:54:16,contratos,CO1.PCCNTR.9816664,2026-08-14,MUNICIPIO DE CARTAGO,Otras entidades del Valle,Contexto,26550000
2026-08-16 13:54:16,contratos,CO1.PCCNTR.9815942,2026-08-14,MUNICIPIO DE YUMBO VALLE,Otras entidades del Valle,Contexto,16400000
2026-08-16 13:54:16,contratos,CO1.PCCNTR.9813158,2026-08-14,ALCALDIA MUNICIPAL DE ANDALUCIA VALLE DEL CAUCA,Otras entidades del Valle,Contexto,11800000
2026-08-16 13:54:16,contratos,CO1.PCCNTR.9796497,2026-08-14,MUNICIPIO DE VERSALLES,Otras entidades del Valle,Contexto,15000000
2026-08-16 13:54:16,contratos,CO1.PCCNTR.9805624,2026-08-14,HOSPITAL MUNICIPAL LUIS ABLANQUE DE LA PLATA EMPRESA SOCIAL DEL ESTADO,Otras entidades del Valle,Contexto,27500000
2026-08-16 13:54:16,contratos,CO1.PCCNTR.9815023,2026-08-14,MUNICIPIO DE EL CERRITO.,Otras entidades del Valle,Contexto,32500000
2026-08-16 13:54:16,contratos,CO1.PCCNTR.9814951,2026-08-14,MUNICIPIO DE LA UNION,Otras entidades del Valle,Contexto,34000000
2026-08-16 13:54:16,contratos,CO1.PCCNTR.9812267,2026-08-14,ALCALDIA MUNICIPIO DE JAMUNDI,Otras entidades del Valle,Contexto,11500000
2026-08-16 13:54:16,contratos,CO1.PCCNTR.9812921,2026-08-14,CVC,Otras entidades del Valle,Contexto,31891520
2026-08-16 13:54:16,contratos,CO1.PCCNTR.9817244,2026-08-14,MUNICIPIO DE YUMBO VALLE,Otras entidades del Valle,Contexto,8800000
2026-08-16 13:54:16,contratos,CO1.PCCNTR.9813120,2026-08-14,INSTITUTO COLOMBIANO DE BALLET CLÁSICO INCOLBALLET,Otras entidades del Valle,Contexto,13500000
2026-08-16 13:54:16,contratos,CO1.PCCNTR.9755928,2026-08-14,REGIONAL DE ASEGURAMIENTO EN SALUD No. 4,Otras entidades del Valle,Contexto,86000000
2026-08-16 13:54:16,contratos,CO1.PCCNTR.9741027,2026-08-14,REGIONAL DE ASEGURAMIENTO EN SALUD No. 4,Otras entidades del Valle,Contexto,500000000
2026-08-16 13:54:16,contratos,CO1.PCCNTR.9815624,2026-08-14,BENEFICENCIA DEL VALLE DEL CAUCA E.I.C.E,Descentralizadas de la Gobernación,Contexto,14000000
2026-08-16 13:54:16,contratos,CO1.PCCNTR.9812083,2026-08-14,CVC,Otras entidades del Valle,Contexto,30000000
2026-08-16 13:54:16,contratos,CO1.PCCNTR.9803939,2026-08-14,HOSPITAL MUNICIPAL LUIS ABLANQUE DE LA PLATA EMPRESA SOCIAL DEL ESTADO,Otras entidades del Valle,Contexto,75000000
2026-08-16 13:54:16,contratos,CO1.PCCNTR.9817119,2026-08-14,MUNICIPIO DE YUMBO VALLE,Otras entidades del Valle,Contexto,8000000
2026-08-16 13:54:16,contratos,CO1.PCCNTR.9811929,2026-08-14,MUNICIPIO DE BUGALAGRANDE,Otras entidades del Valle,Contexto,36540000
2026-08-16 13:54:16,contratos,CO1.PCCNTR.9808742,2026-08-14,Secretaría de Hábitat e Infraestructura - Alcaldía de Tuluá,Otras entidades del Valle,Contexto,21835000
2026-08-16 13:54:16,contratos,CO1.PCCNTR.9813527,2026-08-14,INSTITUTO COLOMBIANO DE BALLET CLÁSICO INCOLBALLET,Otras entidades del Valle,Contexto,10500000
2026-08-16 13:54:16,contratos,CO1.PCCNTR.9803168,2026-08-14,CVC,Otras entidades del Valle,Contexto,33835920
2026-08-16 13:54:16,contratos,CO1.PCCNTR.9806159,2026-08-14,ALCALDIA DISTRITAL DE BUENAVENTURA-VALLE,Otras entidades del Valle,Contexto,20157100
2026-08-16 13:54:16,contratos,CO1.PCCNTR.9812653,2026-08-14,CVC,Otras entidades del Valle,Contexto,1997904792
2026-08-16 13:54:16,contratos,CO1.PCCNTR.9755746,2026-08-15,MUNICIPIO DE ZARZAL,Otras entidades del Valle,Contexto,486725411
2026-08-16 13:54:16,contratos,CO1.PCCNTR.9816539,2026-08-14,MUNICIPIO DE YUMBO VALLE,Otras entidades del Valle,Contexto,8000000
2026-08-16 13:54:16,contratos,CO1.PCCNTR.9814254,2026-08-14,BENEFICENCIA DEL VALLE DEL CAUCA E.I.C.E,Descentralizadas de la Gobernación,Contexto,52500000
2026-08-16 13:54:16,contratos,CO1.PCCNTR.9813173,2026-08-14,INSTITUTO COLOMBIANO DE BALLET CLÁSICO INCOLBALLET,Otras entidades del Valle,Contexto,10500000
2026-08-16 13:54:16,contratos,CO1.PCCNTR.9815977,2026-08-14,MUNICIPIO DE CARTAGO,Otras entidades del Valle,Contexto,27000000
2026-08-16 13:54:16,contratos,CO1.PCCNTR.9814650,2026-08-14,INSTITUTO MUNICIPAL DEL DEPORTE Y LA RECREACION DE YUMBO,Otras entidades del Valle,Contexto,16400000
2026-08-16 13:54:16,contratos,CO1.PCCNTR.9814810,2026-08-15,ALCALDIA MUNICIPIO DE JAMUNDI,Otras entidades del Valle,Contexto,30000000
2026-08-16 13:54:16,contratos,CO1.PCCNTR.9813107,2026-08-14,MUNICIPIO DE CALIMA EL DARIEN VALLE,Otras entidades del Valle,Contexto,8800000
2026-08-16 13:54:16,contratos,CO1.PCCNTR.9813003,2026-08-14,MUNICIPIO DE CALIMA EL DARIEN VALLE,Otras entidades del Valle,Contexto,8800000
2026-08-16 13:54:16,contratos,CO1.PCCNTR.9815323,2026-08-14,MUNICIPIO DE LA UNION,Otras entidades del Valle,Contexto,7387461
2026-08-16 13:54:16,contratos,CO1.PCCNTR.9813849,2026-08-14,MUNICIPIO DE BUGALAGRANDE,Otras entidades del Valle,Media,16800000
2026-08-16 13:54:16,contratos,CO1.PCCNTR.9803169,2026-08-14,CVC,Otras entidades del Valle,Contexto,33835920
2026-08-16 13:54:16,contratos,CO1.PCCNTR.9812211,2026-08-14,INSTITUTO MUNICIPAL DEL DEPORTE Y LA RECREACION DE YUMBO,Otras entidades del Valle,Contexto,8800000
2026-08-16 13:54:16,contratos,CO1.PCCNTR.9814466,2026-08-14,ALCALDIA DISTRITAL DE BUENAVENTURA-VALLE,Otras entidades del Valle,Contexto,18565750
2026-08-16 13:54:16,contratos,CO1.PCCNTR.9812934,2026-08-14,ALCALDIA DISTRITAL DE BUENAVENTURA-VALLE,Otras entidades del Valle,Contexto,18565750
2026-08-16 13:54:16,contratos,CO1.PCCNTR.9814598,2026-08-14,ALCALDIA MUNICIPIO DE JAMUNDI,Otras entidades del Valle,Contexto,25000000
2026-08-16 13:54:16,contratos,CO1.PCCNTR.9814709,2026-08-14,CVC,Otras entidades del Valle,Contexto,31891520
2026-08-16 13:54:16,contratos,CO1.PCCNTR.9814283,2026-08-14,MUNICIPIO DE LA UNION,Otras entidades del Valle,Contexto,11950000
2026-08-16 13:54:16,contratos,CO1.PCCNTR.9808897,2026-08-14,Secretaría de Bienestar Social - Alcaldía de Tuluá,Otras entidades del Valle,Contexto,17865000
2026-08-16 13:54:16,contratos,CO1.PCCNTR.9771126,2026-08-15,MUNICIPIO DE ZARZAL,Otras entidades del Valle,Contexto,52001300
2026-08-16 13:54:16,contratos,CO1.PCCNTR.9810961,2026-08-14,ALCALDIA MUNICIPAL DE YOTOCO,Otras entidades del Valle,Contexto,12710000
2026-08-16 13:54:16,contratos,CO1.PCCNTR.9803450,2026-08-14,CVC,Otras entidades del Valle,Contexto,30129455
2026-08-16 13:54:16,contratos,CO1.PCCNTR.9803935,2026-08-14,HOSPITAL MUNICIPAL LUIS ABLANQUE DE LA PLATA EMPRESA SOCIAL DEL ESTADO,Otras entidades del Valle,Contexto,114512148.2
2026-08-16 13:54:16,contratos,CO1.PCCNTR.9812229,2026-08-14,ALCALDIA DISTRITAL DE BUENAVENTURA-VALLE,Otras entidades del Valle,Contexto,26522500
2026-08-16 13:54:16,contratos,CO1.PCCNTR.9814010,2026-08-14,INSTITUTO DEPARTAMENTAL DE BELLAS ARTES,Descentralizadas de la Gobernación,Contexto,17665000
2026-08-16 13:54:16,contratos,CO1.PCCNTR.9802811,2026-08-14,HOSPITAL MUNICIPAL LUIS ABLANQUE DE LA PLATA EMPRESA SOCIAL DEL ESTADO,Otras entidades del Valle,Contexto,20190240.72
2026-08-16 13:54:16,contratos,CO1.PCCNTR.9815681,2026-08-14,MUNICIPIO DE CALIMA EL DARIEN VALLE,Otras entidades del Valle,Contexto,16800000
2026-08-16 13:54:16,contratos,CO1.PCCNTR.9803449,2026-08-14,CVC,Otras entidades del Valle,Media,21000000
2026-08-16 13:54:16,contratos,CO1.PCCNTR.9805732,2026-08-14,DIMAR - GRUPO INTENDENCIA REGIONAL PACIFICO,Otras entidades del Valle,Contexto,13186800
2026-08-16 13:54:16,contratos,CO1.PCCNTR.9816695,2026-08-14,ALCALDIA MUNICIPIO DE JAMUNDI,Otras entidades del Valle,Contexto,20000000
2026-08-16 13:54:16,contratos,CO1.PCCNTR.9809610,2026-08-14,Secretaría de Bienestar Social - Alcaldía de Tuluá,Otras entidades del Valle,Contexto,11448000
2026-08-16 13:54:16,contratos,CO1.PCCNTR.9816168,2026-08-14,INSTITUTO MUNICIPAL DEL DEPORTE Y LA RECREACION DE YUMBO,Otras entidades del Valle,Contexto,8000000
2026-08-16 13:54:16,contratos,CO1.PCCNTR.9812609,2026-08-14,INSTITUCION EDUCATIVA RAFAEL NAVIA VARON,Otras entidades del Valle,Contexto,10000000
2026-08-16 13:54:16,contratos,CO1.PCCNTR.9817149,2026-08-14,MUNICIPIO DE YUMBO VALLE,Otras entidades del Valle,Contexto,10000000
2026-08-16 13:54:16,contratos,CO1.PCCNTR.9814334,2026-08-14,MUNICIPIO DE BUGALAGRANDE,Otras entidades del Valle,Contexto,9724000
2026-08-16 13:54:16,contratos,CO1.PCCNTR.9815701,2026-08-14,MUNICIPIO DE BUGALAGRANDE,Otras entidades del Valle,Contexto,15240000
2026-08-16 13:54:16,contratos,CO1.PCCNTR.9813150,2026-08-14,CVC,Otras entidades del Valle,Contexto,23100000
2026-08-16 13:54:16,contratos,CO1.PCCNTR.9816540,2026-08-14,CONCEJO MUNICIPAL DE CANDELARIA,Otras entidades del Valle,Contexto,12000000
2026-08-16 13:54:16,contratos,CO1.PCCNTR.9813822,2026-08-14,INSTITUTO COLOMBIANO DE BALLET CLÁSICO INCOLBALLET,Otras entidades del Valle,Contexto,6000000
2026-08-16 13:54:16,contratos,CO1.PCCNTR.9813007,2026-08-14,CVC,Otras entidades del Valle,Contexto,25000000
2026-08-16 13:54:16,contratos,CO1.PCCNTR.9809259,2026-08-14,ALCALDIA MUNICIPIO DE JAMUNDI,Otras entidades del Valle,Contexto,27000000
2026-08-16 13:54:16,contratos,CO1.PCCNTR.9814419,2026-08-14,ALCALDIA DISTRITAL DE BUENAVENTURA-VALLE,Otras entidades del Valle,Contexto,18565750
2026-08-16 13:54:16,contratos,CO1.PCCNTR.9816008,2026-08-15,INSTITUTO MUNICIPAL DEL DEPORTE Y LA RECREACION DE YUMBO,Otras entidades del Valle,Contexto,8800000
2026-08-16 13:54:16,contratos,CO1.PCCNTR.9813001,2026-08-14,CVC,Otras entidades del Valle,Contexto,20000000
2026-08-16 13:54:16,contratos,CO1.PCCNTR.9814739,2026-08-14,MUNICIPIO DE LA UNION,Otras entidades del Valle,Contexto,8138538
2026-08-16 13:54:16,contratos,CO1.PCCNTR.9806177,2026-08-14,ALCALDIA DISTRITAL DE BUENAVENTURA-VALLE,Otras entidades del Valle,Contexto,20157100
2026-08-16 13:54:16,contratos,CO1.PCCNTR.9815221,2026-08-14,ALCALDIA DISTRITAL DE BUENAVENTURA-VALLE,Otras entidades del Valle,Contexto,10609000
2026-08-16 13:54:16,contratos,CO1.PCCNTR.9812513,2026-08-14,ALCALDIA DISTRITAL DE BUENAVENTURA-VALLE,Otras entidades del Valle,Contexto,18565750
2026-08-16 13:54:16,contratos,CO1.PCCNTR.9814895,2026-08-14,CVC,Otras entidades del Valle,Contexto,35080672
2026-08-16 13:54:16,contratos,CO1.PCCNTR.9803003,2026-08-14,ALCALDIA DISTRITAL DE BUENAVENTURA-VALLE,Otras entidades del Valle,Contexto,13261250
2026-08-16 13:54:16,contratos,CO1.PCCNTR.9815836,2026-08-14,ALCALDIA MUNICIPIO DE JAMUNDI,Otras entidades del Valle,Contexto,25000000
2026-08-16 13:54:16,contratos,CO1.PCCNTR.9813830,2026-08-14,INSTITUTO COLOMBIANO DE BALLET CLÁSICO INCOLBALLET,Otras entidades del Valle,Contexto,7500000
2026-08-16 13:54:16,contratos,CO1.PCCNTR.9815222,2026-08-14,MUNICIPIO DE OBANDO VALLE,Otras entidades del Valle,Contexto,13000000
2026-08-16 13:54:16,contratos,CO1.PCCNTR.9814361,2026-08-14,MUNICIPIO DE BUGALAGRANDE,Otras entidades del Valle,Contexto,16000000
2026-08-16 13:54:16,contratos,CO1.PCCNTR.9814326,2026-08-14,ALCALDIA MUNICIPIO DE JAMUNDI,Otras entidades del Valle,Contexto,19000000
2026-08-16 13:54:16,contratos,CO1.PCCNTR.9762171,2026-08-14,REGIONAL DE ASEGURAMIENTO EN SALUD No. 4,Otras entidades del Valle,Contexto,124000000
2026-08-16 13:54:16,contratos,CO1.PCCNTR.9811547,2026-08-14,BENEFICENCIA DEL VALLE DEL CAUCA E.I.C.E,Descentralizadas de la Gobernación,Contexto,32940390
2026-08-16 13:54:16,contratos,CO1.PCCNTR.9811772,2026-08-14,ALCALDIA DISTRITAL DE BUENAVENTURA-VALLE,Otras entidades del Valle,Contexto,18565750
2026-08-16 13:54:16,contratos,CO1.PCCNTR.9816552,2026-08-14,CVC,Otras entidades del Valle,Contexto,41250000
2026-08-16 13:54:16,contratos,CO1.PCCNTR.9807758,2026-08-14,Secretaría de Hacienda - Alcaldía de Tuluá,Otras entidades del Valle,Contexto,19850000
2026-08-16 13:54:16,contratos,CO1.PCCNTR.9815079,2026-08-14,MUNICIPIO DE LA UNION,Otras entidades del Valle,Contexto,12124820
2026-08-16 13:54:16,contratos,CO1.PCCNTR.9810982,2026-08-14,MUNICIPIO DE YUMBO VALLE,Otras entidades del Valle,Contexto,8000000
2026-08-16 13:54:16,contratos,CO1.PCCNTR.9724921,2026-08-14,CVC,Otras entidades del Valle,Contexto,52648009
2026-08-16 13:54:16,contratos,CO1.PCCNTR.9816014,2026-08-14,MUNICIPIO DE CALIMA EL DARIEN VALLE,Otras entidades del Valle,Contexto,12000000
2026-08-16 13:54:16,contratos,CO1.PCCNTR.9814727,2026-08-14,MUNICIPIO DE CALIMA EL DARIEN VALLE,Otras entidades del Valle,Contexto,10000000
2026-08-16 13:54:16,contratos,CO1.PCCNTR.9814913,2026-08-14,MUNICIPIO DE EL CERRITO.,Otras entidades del Valle,Contexto,10830000
2026-08-16 13:54:16,contratos,CO1.PCCNTR.9811774,2026-08-14,ALCALDIA MUNICIPAL DE ANDALUCIA VALLE DEL CAUCA,Otras entidades del Valle,Contexto,15400000
2026-08-16 13:54:16,contratos,CO1.PCCNTR.9813806,2026-08-14,INSTITUTO COLOMBIANO DE BALLET CLÁSICO INCOLBALLET,Otras entidades del Valle,Contexto,13500000
2026-08-16 13:54:16,contratos,CO1.PCCNTR.9817168,2026-08-14,MUNICIPIO DE YUMBO VALLE,Otras entidades del Valle,Contexto,10000000
2026-08-16 13:54:16,contratos,CO1.PCCNTR.9807868,2026-08-14,Secretaría de Hacienda - Alcaldía de Tuluá,Otras entidades del Valle,Contexto,19850000
2026-08-16 13:54:16,contratos,CO1.PCCNTR.9816585,2026-08-15,CENTRO DE DIAGNOSTICO AUTOMOTOR DEL VALLE LIMITADA,Otras entidades del Valle,Contexto,11400976
2026-08-16 13:54:16,contratos,CO1.PCCNTR.9815452,2026-08-14,MUNICIPIO DE CALIMA EL DARIEN VALLE,Otras entidades del Valle,Contexto,12600000
2026-08-16 13:54:16,contratos,CO1.PCCNTR.9740762,2026-08-14,REGIONAL DE ASEGURAMIENTO EN SALUD No. 4,Otras entidades del Valle,Contexto,400000000
2026-08-16 13:54:16,contratos,CO1.PCCNTR.9807219,2026-08-14,REGION ADMINISTRATIVA DE PLANIFICACION RAP PACIFICO,Otras entidades del Valle,Contexto,9900000
2026-08-16 13:54:16,contratos,CO1.PCCNTR.9812952,2026-08-14,PERSONERIA MUNICIPAL DE JAMUNDI VALLE DEL CAUCA,Otras entidades del Valle,Contexto,25000000
2026-08-16 13:54:16,contratos,CO1.PCCNTR.9816381,2026-08-14,MUNICIPIO DE LA UNION,Otras entidades del Valle,Contexto,8138538
2026-08-16 13:54:16,contratos,CO1.PCCNTR.9803682,2026-08-14,HOSPITAL MUNICIPAL LUIS ABLANQUE DE LA PLATA EMPRESA SOCIAL DEL ESTADO,Otras entidades del Valle,Contexto,25299995
2026-08-16 13:54:16,contratos,CO1.PCCNTR.9809716,2026-08-14,ALCALDIA DISTRITAL DE BUENAVENTURA-VALLE,Otras entidades del Valle,Contexto,10150650
2026-08-16 13:54:16,contratos,CO1.PCCNTR.9802601,2026-08-14,CVC,Otras entidades del Valle,Contexto,36302395
2026-08-16 13:54:16,contratos,CO1.PCCNTR.9818048,2026-08-15,ALCALDIA MUNICIPIO DE JAMUNDI,Otras entidades del Valle,Contexto,15000000
2026-08-16 13:54:16,contratos,CO1.PCCNTR.9816159,2026-08-14,MUNICIPIO DE LA UNION,Otras entidades del Valle,Contexto,7387461
2026-08-16 13:54:16,contratos,CO1.PCCNTR.9814512,2026-08-14,ALCALDIA DISTRITAL DE BUENAVENTURA-VALLE,Otras entidades del Valle,Contexto,18565750
2026-08-16 13:54:16,contratos,CO1.PCCNTR.9813558,2026-08-14,ALCALDIA MUNICIPIO DE JAMUNDI,Otras entidades del Valle,Contexto,13800000
2026-08-16 13:54:16,contratos,CO1.PCCNTR.9812951,2026-08-14,ALCALDIA DISTRITAL DE BUENAVENTURA-VALLE,Otras entidades del Valle,Contexto,10609000
2026-08-16 13:54:16,contratos,CO1.PCCNTR.9814498,2026-08-15,ALCALDIA MUNICIPIO DE JAMUNDI,Otras entidades del Valle,Contexto,15000000
2026-08-16 13:54:16,contratos,CO1.PCCNTR.9811826,2026-08-14,Departamento Administrativo de Movilidad y Seguridad Vial - Alcaldía de Tuluá,Otras entidades del Valle,Contexto,15880000
2026-08-16 13:54:16,contratos,CO1.PCCNTR.9809273,2026-08-14,ALCALDÍA MUNICIPIO DE PALMIRA,Otras entidades del Valle,Contexto,14000000
2026-08-16 13:54:16,contratos,CO1.PCCNTR.9816263,2026-08-14,MUNICIPIO DE YUMBO VALLE,Otras entidades del Valle,Contexto,8800000
2026-08-16 13:54:16,contratos,CO1.PCCNTR.9813146,2026-08-14,MUNICIPIO DE YUMBO VALLE,Otras entidades del Valle,Contexto,8800000
2026-08-16 13:54:16,contratos,CO1.PCCNTR.9813174,2026-08-14,ALCALDIA DISTRITAL DE BUENAVENTURA-VALLE,Otras entidades del Valle,Contexto,14852600
2026-08-16 13:54:16,contratos,CO1.PCCNTR.9806279,2026-08-14,ALCALDIA DISTRITAL DE BUENAVENTURA-VALLE,Otras entidades del Valle,Contexto,10609000
2026-08-16 13:54:16,contratos,CO1.PCCNTR.9805267,2026-08-14,MUNICIPIO DE BUGALAGRANDE,Otras entidades del Valle,Contexto,14400000
2026-08-16 13:54:16,contratos,CO1.PCCNTR.9815738,2026-08-14,REGION ADMINISTRATIVA DE PLANIFICACION RAP PACIFICO,Otras entidades del Valle,Media,4000000
2026-08-16 13:54:16,contratos,CO1.PCCNTR.9814218,2026-08-14,MUNICIPIO DE CARTAGO,Otras entidades del Valle,Contexto,24750000
2026-08-16 13:54:16,contratos,CO1.PCCNTR.9815885,2026-08-14,BENEFICENCIA DEL VALLE DEL CAUCA E.I.C.E,Descentralizadas de la Gobernación,Contexto,30000000
2026-08-16 13:54:16,contratos,CO1.PCCNTR.9812503,2026-08-14,ALCALDÍA MUNICIPAL DE ROLDANILLO,Otras entidades del Valle,Contexto,40000000
2026-08-16 13:54:16,contratos,CO1.PCCNTR.9813828,2026-08-14,MUNICIPIO DE BUGALAGRANDE,Otras entidades del Valle,Media,10720000
2026-08-16 13:54:16,contratos,CO1.PCCNTR.9806634,2026-08-14,REGION ADMINISTRATIVA DE PLANIFICACION RAP PACIFICO,Otras entidades del Valle,Contexto,11400000
2026-08-16 13:54:16,contratos,CO1.PCCNTR.9816407,2026-08-14,BENEFICENCIA DEL VALLE DEL CAUCA E.I.C.E,Descentralizadas de la Gobernación,Contexto,17500000
2026-08-16 13:54:16,contratos,CO1.PCCNTR.9810723,2026-08-14,CVC,Otras entidades del Valle,Contexto,88181185
2026-08-16 13:54:16,contratos,CO1.PCCNTR.9815909,2026-08-14,MUNICIPIO DE LA UNION,Otras entidades del Valle,Contexto,12476599
2026-08-16 13:54:16,contratos,CO1.PCCNTR.9806200,2026-08-14,ALCALDIA DISTRITAL DE BUENAVENTURA-VALLE,Otras entidades del Valle,Contexto,20157100
2026-08-16 13:54:16,contratos,CO1.PCCNTR.9813022,2026-08-14,MUNICIPIO DE CALIMA EL DARIEN VALLE,Otras entidades del Valle,Contexto,10400000
2026-08-16 13:54:16,contratos,CO1.PCCNTR.9803356,2026-08-14,CVC,Otras entidades del Valle,Media,34970200
2026-08-16 13:54:16,contratos,CO1.PCCNTR.9815476,2026-08-14,INSTITUTO MUNICIPAL DE DEPORTE Y  RECREACION DE JAMUNDI IMDERE,Otras entidades del Valle,Contexto,12500000
2026-08-16 13:54:16,contratos,CO1.PCCNTR.9813913,2026-08-14,INSTITUTO COLOMBIANO DE BALLET CLÁSICO INCOLBALLET,Otras entidades del Valle,Contexto,15000000
2026-08-16 13:54:16,contratos,CO1.PCCNTR.9816888,2026-08-14,MUNICIPIO DE YUMBO VALLE,Otras entidades del Valle,Contexto,8000000
2026-08-16 13:54:16,contratos,CO1.PCCNTR.9813508,2026-08-14,INSTITUTO COLOMBIANO DE BALLET CLÁSICO INCOLBALLET,Otras entidades del Valle,Contexto,12000000
2026-08-16 13:54:16,contratos,CO1.PCCNTR.9813660,2026-08-14,INSTITUTO COLOMBIANO DE BALLET CLÁSICO INCOLBALLET,Otras entidades del Valle,Contexto,7500000
2026-08-16 13:54:16,contratos,CO1.PCCNTR.9811302,2026-08-14,ALCALDIA MUNICIPAL DE YOTOCO,Otras entidades del Valle,Contexto,9200000
2026-08-16 13:54:16,contratos,CO1.PCCNTR.9816459,2026-08-14,BENEFICENCIA DEL VALLE DEL CAUCA E.I.C.E,Descentralizadas de la Gobernación,Contexto,17500000
2026-08-16 13:54:16,contratos,CO1.PCCNTR.9811896,2026-08-14,ALCALDIA DISTRITAL DE BUENAVENTURA-VALLE,Otras entidades del Valle,Contexto,18565750
2026-08-16 13:54:16,contratos,CO1.PCCNTR.9815963,2026-08-14,MUNICIPIO DE YUMBO VALLE,Otras entidades del Valle,Contexto,16400000
2026-08-16 13:54:16,contratos,CO1.PCCNTR.9813956,2026-08-14,MUNICIPIO DE BUGALAGRANDE,Otras entidades del Valle,Contexto,9724000
2026-08-16 13:54:16,contratos,CO1.PCCNTR.9815112,2026-08-14,MUNICIPIO DE CALIMA EL DARIEN VALLE,Otras entidades del Valle,Contexto,8800000
2026-08-16 13:54:16,contratos,CO1.PCCNTR.9814737,2026-08-14,CVC,Otras entidades del Valle,Contexto,31891520
2026-08-16 13:54:16,contratos,CO1.PCCNTR.9764775,2026-08-14,INSTITUTO MUNICIPAL DEL DEPORTE Y LA RECREACION DE PALMIRA,Otras entidades del Valle,Contexto,30000000
2026-08-16 13:54:16,contratos,CO1.PCCNTR.9817143,2026-08-15,ALCALDIA MUNICIPIO DE JAMUNDI,Otras entidades del Valle,Contexto,17500000
2026-08-16 13:54:16,contratos,CO1.PCCNTR.9817853,2026-08-15,ALCALDIA MUNICIPIO DE JAMUNDI,Otras entidades del Valle,Media,20000000
2026-08-16 13:54:16,contratos,CO1.PCCNTR.9813006,2026-08-14,ALCALDIA DISTRITAL DE BUENAVENTURA-VALLE,Otras entidades del Valle,Contexto,7426300
2026-08-16 13:54:16,contratos,CO1.PCCNTR.9814575,2026-08-14,MUNICIPIO DE LA UNION,Otras entidades del Valle,Contexto,12312435
2026-08-16 13:54:16,contratos,CO1.PCCNTR.9811969,2026-08-14,ALCALDIA MUNICIPIO DE JAMUNDI,Otras entidades del Valle,Contexto,20000000
2026-08-16 13:54:16,contratos,CO1.PCCNTR.9805571,2026-08-14,UNIDAD EJECUTORA DE SANEAMIENTO DEL VALLE DEL CAUCA,Otras entidades del Valle,Contexto,46032880
2026-08-16 13:54:16,contratos,CO1.PCCNTR.9814847,2026-08-14,MUNICIPIO DE CALIMA EL DARIEN VALLE,Otras entidades del Valle,Contexto,8800000
2026-08-16 13:54:16,contratos,CO1.PCCNTR.9813856,2026-08-14,ALCALDIA DISTRITAL DE BUENAVENTURA-VALLE,Otras entidades del Valle,Contexto,6090390
2026-08-16 13:54:16,contratos,CO1.PCCNTR.9811324,2026-08-14,ALCALDIA DE ALCALA,Otras entidades del Valle,Contexto,12000000
2026-08-16 13:54:16,contratos,CO1.PCCNTR.9813058,2026-08-14,INSTITUTO COLOMBIANO DE BALLET CLÁSICO INCOLBALLET,Otras entidades del Valle,Contexto,10500000
2026-08-16 13:54:16,contratos,CO1.PCCNTR.9815823,2026-08-14,CVC,Otras entidades del Valle,Contexto,41250000
2026-08-16 13:54:16,contratos,CO1.PCCNTR.9812493,2026-08-14,MUNICIPIO DE CALIMA EL DARIEN VALLE,Otras entidades del Valle,Contexto,15000000
2026-08-16 13:54:16,contratos,CO1.PCCNTR.9806664,2026-08-14,Departamento Administrativo de Planeación - Alcaldía de Tuluá,Otras entidades del Valle,Contexto,15880000
2026-08-16 13:54:16,contratos,CO1.PCCNTR.9799982,2026-08-14,HOSPITAL MUNICIPAL LUIS ABLANQUE DE LA PLATA EMPRESA SOCIAL DEL ESTADO,Otras entidades del Valle,Contexto,50000000
2026-08-16 13:54:16,contratos,CO1.PCCNTR.9814998,2026-08-14,ALCALDIA MUNICIPIO DE JAMUNDI,Otras entidades del Valle,Contexto,24000000
2026-08-16 13:54:16,contratos,CO1.PCCNTR.9812572,2026-08-14,MUNICIPIO DE CARTAGO,Otras entidades del Valle,Contexto,18000000
2026-08-16 13:54:16,contratos,CO1.PCCNTR.9812104,2026-08-14,ALCALDIA DE FLANDES,Fuera del Valle,Contexto,323960000
2026-08-16 13:54:16,contratos,CO1.PCCNTR.9815860,2026-08-14,MUNICIPIO DE ALGARROBO,Fuera del Valle,Otra urgencia,185000000
2026-08-16 13:54:16,contratos,CO1.PCCNTR.9791533,2026-08-14,SERVICIO GEOLOGICO COLOMBIANO**,Fuera del Valle,Otra urgencia,38220000
2026-08-16 13:54:16,contratos,CO1.PCCNTR.9816869,2026-08-14,ASOCIACION CABLE AEREO MANIZALES,Fuera del Valle,Otra urgencia,47681872
2026-08-16 13:54:16,contratos,CO1.PCCNTR.9815997,2026-08-14,INSTITUCIÓN UNIVERSITARIA ITM,Fuera del Valle,Otra urgencia,13160937
2026-08-16 13:54:16,contratos,CO1.PCCNTR.9814656,2026-08-14,INSTITUTO MUNICIPAL PARA LA RECREACION Y EL DEPORTE DE SOACHA,Fuera del Valle,Otra urgencia,11728610
2026-08-16 13:54:16,contratos,CO1.PCCNTR.9814907,2026-08-14,INSTITUTO DISTRITAL DE GESTIÓN DE RIESGOS Y CAMBIO CLIMÁTICO - IDIGER,Fuera del Valle,Contexto,96000000
2026-08-16 13:54:16,contratos,CO1.PCCNTR.9817313,2026-08-14,MUNICIPIO DE BUCARAMANGA,Fuera del Valle,Contexto,19600000
2026-08-16 13:54:16,contratos,CO1.PCCNTR.9811905,2026-08-14,ALCALDIA DE CIUDAD BOLIVAR,Fuera del Valle,Alta,30000000
2026-08-16 13:54:16,contratos,CO1.PCCNTR.9815521,2026-08-15,ALCALDIA MUNICIPIO DE MANZANARES,Fuera del Valle,Otra urgencia,6000000
2026-08-16 13:54:16,contratos,CO1.PCCNTR.9814940,2026-08-14,INSTITUTO DISTRITAL DE GESTIÓN DE RIESGOS Y CAMBIO CLIMÁTICO - IDIGER,Fuera del Valle,Contexto,96000000
2026-08-16 13:54:16,contratos,CO1.PCCNTR.9794197,2026-08-14,SERVICIO GEOLOGICO COLOMBIANO**,Fuera del Valle,Otra urgencia,60729900
2026-08-16 13:54:16,contratos,CO1.PCCNTR.9812430,2026-08-14,MUNICIPIO DE PUERTO TEJADA,Fuera del Valle,Contexto,391962222
2026-08-16 13:54:16,contratos,CO1.PCCNTR.9814482,2026-08-14,ASOCIACION CABLE AEREO MANIZALES,Fuera del Valle,Otra urgencia,250202767
2026-08-16 13:54:16,contratos,CO1.PCCNTR.9814651,2026-08-14,MUNICIPIO DE PLATO,Fuera del Valle,Contexto,3108000
2026-08-16 13:54:16,contratos,CO1.PCCNTR.9816261,2026-08-14,ALCALDÍA DE CARURU VAUPES,Fuera del Valle,Contexto,35585800
2026-08-16 13:54:16,contratos,CO1.PCCNTR.9814391,2026-08-14,CENTRO NACIONAL DE MEMORIA  HISTORICA,Fuera del Valle,Contexto,23153910
2026-08-16 13:54:16,procesos,CO1.REQ.10860832,2026-08-14,GOBERNACION DEL VALLE DEL CAUCA - DADI,Gobernación del Valle,Contexto,6500000
2026-08-16 13:54:16,procesos,CO1.REQ.10852292,2026-08-14,SECRETARIA DE PAZ TERRITORIAL Y RECONCILIACIÓN,Gobernación del Valle,Contexto,3000000
2026-08-16 13:54:16,procesos,CO1.REQ.10860226,2026-08-14,GOBERNACIÓN VALLE DEL CAUCA -SECRETARIA DE SALUD,Gobernación del Valle,Contexto,30000000
2026-08-16 13:54:16,procesos,CO1.REQ.10854003,2026-08-13,GOBERNACION DEL VALLE DEL CAUCA - DADI,Gobernación del Valle,Contexto,7000000
2026-08-16 13:54:16,procesos,CO1.REQ.10856467,2026-08-14,DEPARTAMENTO DEL VALLE DEL CAUCA-SECRETARIA DE GESTION DEL RIESGO DE DESASTRES,Gobernación del Valle,Media,7700000
2026-08-16 13:54:16,procesos,CO1.REQ.10852093,2026-08-14,SANTIAGO DE CALI DISTRITO ESPECIAL - SECRETARIA DE MOVILIDAD,Alcaldía de Cali,Contexto,7894000
2026-08-16 13:54:16,procesos,CO1.REQ.10853717,2026-08-13,CONCEJO DISTRITAL DE SANTIAGO DE CALI,Alcaldía de Cali,Contexto,30000000
2026-08-16 13:54:16,procesos,CO1.REQ.10860030,2026-08-14,GOBERNACION DEL VALLE DEL CAUCA - DADI,Gobernación del Valle,Contexto,7700000
2026-08-16 13:54:16,procesos,CO1.REQ.10862302,2026-08-14,GOBERNACION DEL VALLE DEL CAUCA - DADI,Gobernación del Valle,Contexto,2500000
2026-08-16 13:54:16,procesos,CO1.REQ.10858845,2026-08-14,GOBERNACION DEL VALLE DEL CAUCA - DADI,Gobernación del Valle,Contexto,5000000
2026-08-16 13:54:16,procesos,CO1.REQ.10848767,2026-08-13,DEPARTAMENTO DEL VALLE DEL CAUCA - OFICINA PARA LA TRANSPARENCIA DE LA GESTIÓN PÚBLICA,Gobernación del Valle,Contexto,6000000
2026-08-16 13:54:16,procesos,CO1.REQ.10846421,2026-08-13,SANTIAGO DE CALI DISTRITO ESPECIAL - SECRETARÍA DE PAZ Y CULTURA CIUDADANA,Alcaldía de Cali,Contexto,7102000
2026-08-16 13:54:16,procesos,CO1.REQ.10853914,2026-08-13,GOBERNACION DEL VALLE DEL CAUCA - DADI,Gobernación del Valle,Contexto,7700000
2026-08-16 13:54:16,procesos,CO1.REQ.10852175,2026-08-14,SANTIAGO DE CALI DISTRITO ESPECIAL - SECRETARIA DE GOBIERNO,Alcaldía de Cali,Contexto,9765000
2026-08-16 13:54:16,procesos,CO1.REQ.10857981,2026-08-14,SECRETARIA GENERAL- GOBERNACION DEL VALLE,Gobernación del Valle,Contexto,15400000
2026-08-16 13:54:16,procesos,CO1.REQ.10856409,2026-08-14,SANTIAGO DE CALI DISTRITO ESPECIAL - DEPARTAMENTO ADMINISTRATIVO DE HACIENDA,Alcaldía de Cali,Contexto,13960000
2026-08-16 13:54:16,procesos,CO1.REQ.10857714,2026-08-14,DEPARTAMENTO ADMINISTRATIVO DE GESTION DEL MEDIO AMBIENTE DAGMA,Alcaldía de Cali,Contexto,17755000
2026-08-16 13:54:16,procesos,CO1.REQ.10860053,2026-08-14,SANTIAGO DE CALI DISTRITO ESPECIAL - SECRETARIA DE INFRAESTRUCTURA,Alcaldía de Cali,Contexto,5585200
2026-08-16 13:54:16,procesos,CO1.REQ.10854504,2026-08-14,SECRETARIA DE PAZ TERRITORIAL Y RECONCILIACIÓN,Gobernación del Valle,Contexto,5000000
2026-08-16 13:54:16,procesos,CO1.REQ.10855483,2026-08-14,SANTIAGO DE CALI DISTRITO ESPECIAL - SECRETARIA DE SEGURIDAD Y JUSTICIA,Alcaldía de Cali,Contexto,2905000
2026-08-16 13:54:16,procesos,CO1.REQ.10857830,2026-08-14,DEPARTAMENTO DEL VALLE DEL CAUCA-SECRETARIA DE GESTION DEL RIESGO DE DESASTRES,Gobernación del Valle,Media,4000000
2026-08-16 13:54:16,procesos,CO1.REQ.10861652,2026-08-14,GOBERNACION DEL VALLE DEL CAUCA - DADI,Gobernación del Valle,Contexto,3500000
2026-08-16 13:54:16,procesos,CO1.REQ.10862131,2026-08-14,DEPARTAMENTO DEL VALLE DEL CAUCA-SECRETARIA DE GESTION DEL RIESGO DE DESASTRES,Gobernación del Valle,Media,4000000
2026-08-16 13:54:16,procesos,CO1.REQ.10852134,2026-08-14,SANTIAGO DE CALI DISTRITO ESPECIAL- UNIDAD ADMINISTRATIVA ESPECIAL DE GESTION DE BIENES Y SERVICIOS - CALI,Alcaldía de Cali,Contexto,0
2026-08-16 13:54:16,procesos,CO1.REQ.10861776,2026-08-14,GOBERNACION DEL VALLE DEL CAUCA - DADI,Gobernación del Valle,Contexto,5000000
2026-08-16 13:54:16,procesos,CO1.REQ.10854790,2026-08-14,GOBERNACION DEL VALLE DEL CAUCA - DADI,Gobernación del Valle,Contexto,6000000
2026-08-16 13:54:16,procesos,CO1.REQ.10842510,2026-08-14,SANTIAGO DE CALI DISTRITO ESPECIAL - SECRETARÍA DE GESTIÓN DEL RIESGO DE EMERGENCIAS Y DESASTRE,Alcaldía de Cali,Media,14415000
2026-08-16 13:54:16,procesos,CO1.REQ.10860711,2026-08-14,GOBERNACION DEL VALLE DEL CAUCA - DADI,Gobernación del Valle,Contexto,4000000
2026-08-16 13:54:16,procesos,CO1.REQ.10856973,2026-08-14,CONCEJO DISTRITAL DE SANTIAGO DE CALI,Alcaldía de Cali,Contexto,10545000
2026-08-16 13:54:16,procesos,CO1.REQ.10849216,2026-08-14,SANTIAGO DE CALI  DISTRITO ESPECIAL - SECRETARIA DE CULTURA,Alcaldía de Cali,Contexto,21864500
2026-08-16 13:54:16,procesos,CO1.REQ.10848782,2026-08-13,DEPARTAMENTO DEL VALLE DEL CAUCA - OFICINA PARA LA TRANSPARENCIA DE LA GESTIÓN PÚBLICA,Gobernación del Valle,Contexto,7700000
2026-08-16 13:54:16,procesos,CO1.REQ.10848398,2026-08-13,DEPARTAMENTO ADMINISTRATIVO DE GESTION DEL MEDIO AMBIENTE DAGMA,Alcaldía de Cali,Contexto,4542000
2026-08-16 13:54:16,procesos,CO1.REQ.10855004,2026-08-14,SECRETARIA GENERAL- GOBERNACION DEL VALLE,Gobernación del Valle,Contexto,8000000
2026-08-16 13:54:16,procesos,CO1.REQ.10850825,2026-08-13,SECRETARIA DE AMBIENTE Y DESARROLLO SOSTENIBLE,Gobernación del Valle,Contexto,6000000
2026-08-16 13:54:16,procesos,CO1.REQ.10858811,2026-08-14,SANTIAGO DE CALI DISTRITO ESPECIAL - SECRETARIA DE GOBIERNO,Alcaldía de Cali,Contexto,11841000
2026-08-16 13:54:16,procesos,CO1.REQ.10852273,2026-08-14,SECRETARIA DE PAZ TERRITORIAL Y RECONCILIACIÓN,Gobernación del Valle,Contexto,6000000
2026-08-16 13:54:16,procesos,CO1.REQ.10862152,2026-08-14,DEPARTAMENTO DEL VALLE DEL CAUCA-SECRETARIA DE GESTION DEL RIESGO DE DESASTRES,Gobernación del Valle,Media,7700000
2026-08-16 13:54:16,procesos,CO1.REQ.10848331,2026-08-13,DEPARTAMENTO DEL VALLE DEL CAUCA - OFICINA PARA LA TRANSPARENCIA DE LA GESTIÓN PÚBLICA,Gobernación del Valle,Contexto,6000000
2026-08-16 13:54:16,procesos,CO1.REQ.10808939,2026-08-13,SANTIAGO DE CALI DISTRITO ESPECIAL - SECRETARIA DISTRITAL DE SALUD DE CALI,Alcaldía de Cali,Contexto,500000000
2026-08-16 13:54:16,procesos,CO1.REQ.10861336,2026-08-14,GOBERNACION DEL VALLE DEL CAUCA - DADI,Gobernación del Valle,Contexto,4000000
2026-08-16 13:54:16,procesos,CO1.REQ.10854603,2026-08-14,SECRETARIA GENERAL- GOBERNACION DEL VALLE,Gobernación del Valle,Contexto,12000000
2026-08-16 13:54:16,procesos,CO1.REQ.10851386,2026-08-14,SANTIAGO DE CALI DISTRITO ESPECIAL - SECRETARIA DE GOBIERNO,Alcaldía de Cali,Contexto,16989000
2026-08-16 13:54:16,procesos,CO1.REQ.10849611,2026-08-13,GOBERNACIÓN VALLE DEL CAUCA -SECRETARIA DE SALUD,Gobernación del Valle,Contexto,15000000
2026-08-16 13:54:16,procesos,CO1.REQ.10861557,2026-08-14,GOBERNACION DEL VALLE DEL CAUCA - DADI,Gobernación del Valle,Contexto,6000000
2026-08-16 13:54:16,procesos,CO1.REQ.10860749,2026-08-14,GOBERNACION DEL VALLE DEL CAUCA - DADI,Gobernación del Valle,Contexto,2500000
2026-08-16 13:54:16,procesos,CO1.REQ.10854887,2026-08-14,GOBERNACION DEL VALLE DEL CAUCA - DADI,Gobernación del Valle,Contexto,5000000
2026-08-16 13:54:16,procesos,CO1.REQ.10856791,2026-08-14,SANTIAGO DE CALI DISTRITO ESPECIAL - DEPARTAMENTO ADMINISTRATIVO DE HACIENDA,Alcaldía de Cali,Contexto,14204000
2026-08-16 13:54:16,procesos,CO1.REQ.10861991,2026-08-14,GOBERNACION DEL VALLE DEL CAUCA - DADI,Gobernación del Valle,Contexto,7700000
2026-08-16 13:54:16,procesos,CO1.REQ.10857133,2026-08-14,SANTIAGO DE CALI DISTRITO ESPECIAL - DEPARTAMENTO ADMINISTRATIVO DE HACIENDA,Alcaldía de Cali,Contexto,11168000
2026-08-16 13:54:16,procesos,CO1.REQ.10861744,2026-08-14,OFICINA DE CONTROL DISCIPLINARIO INTERNO DE JUZGAMIENTO,Gobernación del Valle,Contexto,5000000
2026-08-16 13:54:16,procesos,CO1.REQ.10860620,2026-08-14,GOBERNACION DEL VALLE DEL CAUCA - DADI,Gobernación del Valle,Contexto,5000000
2026-08-16 13:54:16,procesos,CO1.REQ.10857236,2026-08-14,GOBERNACION DEL VALLE DEL CAUCA - DADI,Gobernación del Valle,Contexto,7000000
2026-08-16 13:54:16,procesos,CO1.REQ.10854914,2026-08-14,GOBERNACIÓN VALLE DEL CAUCA -SECRETARIA DE SALUD,Gobernación del Valle,Contexto,15000000
2026-08-16 13:54:16,procesos,CO1.REQ.10859346,2026-08-14,GOBERNACION DEL VALLE DEL CAUCA - DADI,Gobernación del Valle,Contexto,4000000
2026-08-16 13:54:16,procesos,CO1.REQ.10859101,2026-08-14,GOBERNACION DEL VALLE DEL CAUCA - DADI,Gobernación del Valle,Contexto,6000000
2026-08-16 13:54:16,procesos,CO1.REQ.10857898,2026-08-14,GOBERNACION DEL VALLE DEL CAUCA - DADI,Gobernación del Valle,Contexto,5000000
2026-08-16 13:54:16,procesos,CO1.REQ.10854406,2026-08-14,GOBERNACIÓN VALLE DEL CAUCA -SECRETARIA DE SALUD,Gobernación del Valle,Contexto,35000000
2026-08-16 13:54:16,procesos,CO1.REQ.10820603,2026-08-13,SANTIAGO DE CALI DISTRITO ESPECIAL - SECRETARÍA DE PAZ Y CULTURA CIUDADANA,Alcaldía de Cali,Contexto,11326000
2026-08-16 13:54:16,procesos,CO1.REQ.10854008,2026-08-13,GOBERNACION DEL VALLE DEL CAUCA - DADI,Gobernación del Valle,Contexto,5000000
2026-08-16 13:54:16,procesos,CO1.REQ.10861422,2026-08-14,SECRETARIA GENERAL- GOBERNACION DEL VALLE,Gobernación del Valle,Contexto,12000000
2026-08-16 13:54:16,procesos,CO1.REQ.10853271,2026-08-13,SANTIAGO DE CALI DISTRITO ESPECIAL - SECRETARIA DE BIENESTAR SOCIAL,Alcaldía de Cali,Contexto,14204000
2026-08-16 13:54:16,procesos,CO1.REQ.10849850,2026-08-14,SANTIAGO DE CALI  DISTRITO ESPECIAL - SECRETARIA DE CULTURA,Alcaldía de Cali,Contexto,16989000
2026-08-16 13:54:16,procesos,CO1.REQ.10854465,2026-08-14,SECRETARIA GENERAL- GOBERNACION DEL VALLE,Gobernación del Valle,Contexto,8000000
2026-08-16 13:54:16,procesos,CO1.REQ.10858858,2026-08-14,SECRETARIA GENERAL- GOBERNACION DEL VALLE,Gobernación del Valle,Contexto,15400000
2026-08-16 13:54:16,procesos,CO1.REQ.10859703,2026-08-14,GOBERNACION DEL VALLE DEL CAUCA - DADI,Gobernación del Valle,Contexto,7700000
2026-08-16 13:54:16,procesos,CO1.REQ.10853802,2026-08-13,SANTIAGO DE CALI DISTRITO ESPECIAL - SECRETARIA DE BIENESTAR SOCIAL,Alcaldía de Cali,Contexto,14204000
2026-08-16 13:54:16,procesos,CO1.REQ.10860954,2026-08-14,GOBERNACIÓN VALLE DEL CAUCA -SECRETARIA DE SALUD,Gobernación del Valle,Contexto,25000000
2026-08-16 13:54:16,procesos,CO1.REQ.10853934,2026-08-14,GOBERNACION DEL VALLE DEL CAUCA - DADI,Gobernación del Valle,Contexto,5000000
2026-08-16 13:54:16,procesos,CO1.REQ.10861546,2026-08-14,GOBERNACIÓN VALLE DEL CAUCA -SECRETARIA DE SALUD,Gobernación del Valle,Contexto,35000000
2026-08-16 13:54:16,procesos,CO1.REQ.10860575,2026-08-14,SANTIAGO DE CALI DISTRITO ESPECIAL - SECRETARIA DE BIENESTAR SOCIAL,Alcaldía de Cali,Contexto,5584000
2026-08-16 13:54:16,procesos,CO1.REQ.10848557,2026-08-13,DEPARTAMENTO DEL VALLE DEL CAUCA - OFICINA PARA LA TRANSPARENCIA DE LA GESTIÓN PÚBLICA,Gobernación del Valle,Contexto,6000000
2026-08-16 13:54:16,procesos,CO1.REQ.10847956,2026-08-13,DEPARTAMENTO DEL VALLE DEL CAUCA - OFICINA PARA LA TRANSPARENCIA DE LA GESTIÓN PÚBLICA,Gobernación del Valle,Contexto,6000000
2026-08-16 13:54:16,procesos,CO1.REQ.10856749,2026-08-14,CONCEJO DISTRITAL DE SANTIAGO DE CALI,Alcaldía de Cali,Contexto,28315000
2026-08-16 13:54:16,procesos,CO1.REQ.10857802,2026-08-14,SANTIAGO DE CALI DISTRITO ESPECIAL - SECRETARIA DE BIENESTAR SOCIAL,Alcaldía de Cali,Contexto,11841000
2026-08-16 13:54:16,procesos,CO1.REQ.10859365,2026-08-14,GOBERNACION DEL VALLE DEL CAUCA - DADI,Gobernación del Valle,Contexto,5000000
2026-08-16 13:54:16,procesos,CO1.REQ.10861184,2026-08-14,SANTIAGO DE CALI DISTRITO ESPECIAL - SECRETARIA DE SEGURIDAD Y JUSTICIA,Alcaldía de Cali,Contexto,458590000
2026-08-16 13:54:16,procesos,CO1.REQ.10853031,2026-08-13,SANTIAGO DE CALI DISTRITO ESPECIAL - SECRETARIA DISTRITAL DE SALUD DE CALI,Alcaldía de Cali,Contexto,19220000
2026-08-16 13:54:16,procesos,CO1.REQ.10848798,2026-08-13,SANTIAGO DE CALI DISTRITO ESPECIAL - SECRETARIA DE BIENESTAR SOCIAL,Alcaldía de Cali,Contexto,23478000
2026-08-16 13:54:16,procesos,CO1.REQ.10860771,2026-08-14,GOBERNACION DEL VALLE DEL CAUCA - DADI,Gobernación del Valle,Contexto,7700000
2026-08-16 13:54:16,procesos,CO1.REQ.10858860,2026-08-14,SANTIAGO DE CALI DISTRITO ESPECIAL - SECRETARIA DISTRITAL DE SALUD DE CALI,Alcaldía de Cali,Contexto,15788000
2026-08-16 13:54:16,procesos,CO1.REQ.10848088,2026-08-13,GOBERNACIÓN VALLE DEL CAUCA -SECRETARIA DE SALUD,Gobernación del Valle,Contexto,35000000
2026-08-16 13:54:16,procesos,CO1.REQ.10858250,2026-08-14,SECRETARIA DE PAZ TERRITORIAL Y RECONCILIACIÓN,Gobernación del Valle,Contexto,7700000
2026-08-16 13:54:16,procesos,CO1.REQ.10851415,2026-08-13,SANTIAGO DE CALI DISTRITO ESPECIAL - SECRETARIA DE BIENESTAR SOCIAL,Alcaldía de Cali,Contexto,14415000
2026-08-16 13:54:16,procesos,CO1.REQ.10856315,2026-08-14,SANTIAGO DE CALI DISTRITO ESPECIAL - SECRETARIA DE BIENESTAR SOCIAL,Alcaldía de Cali,Contexto,14415000
2026-08-16 13:54:16,procesos,CO1.REQ.10861369,2026-08-14,GOBERNACION DEL VALLE DEL CAUCA - DADI,Gobernación del Valle,Contexto,6000000
2026-08-16 13:54:16,procesos,CO1.REQ.10854486,2026-08-14,GOBERNACION DEL VALLE DEL CAUCA - DADI,Gobernación del Valle,Contexto,5000000
2026-08-16 13:54:16,procesos,CO1.REQ.10854664,2026-08-14,GOBERNACION DEL VALLE DEL CAUCA - DADI,Gobernación del Valle,Contexto,2500000
2026-08-16 13:54:16,procesos,CO1.REQ.10854455,2026-08-14,SANTIAGO DE CALI DISTRITO ESPECIAL - SECRETARIA DE SEGURIDAD Y JUSTICIA,Alcaldía de Cali,Contexto,22652000
2026-08-16 13:54:16,procesos,CO1.REQ.10853835,2026-08-13,SANTIAGO DE CALI DISTRITO ESPECIAL - SECRETARIA DE BIENESTAR SOCIAL,Alcaldía de Cali,Contexto,12494000
2026-08-16 13:54:16,procesos,CO1.REQ.10858199,2026-08-14,DEPARTAMENTO DEL VALLE DEL CAUCA-SECRETARIA DE GESTION DEL RIESGO DE DESASTRES,Gobernación del Valle,Media,2500000
2026-08-16 13:54:16,procesos,CO1.REQ.10858230,2026-08-14,SECRETARIA DE EDUCACION DE CALI,Alcaldía de Cali,Contexto,22652000
2026-08-16 13:54:16,procesos,CO1.REQ.10856863,2026-08-14,GOBERNACION DEL VALLE DEL CAUCA - DADI,Gobernación del Valle,Contexto,2500000
2026-08-16 13:54:16,procesos,CO1.REQ.10848339,2026-08-13,GOBERNACION DEL VALLE DEL CAUCA - DADI,Gobernación del Valle,Contexto,5000000
2026-08-16 13:54:16,procesos,CO1.REQ.10856033,2026-08-14,SANTIAGO DE CALI DISTRITO ESPECIAL - SECRETARIA DE SEGURIDAD Y JUSTICIA,Alcaldía de Cali,Contexto,4805000
2026-08-16 13:54:16,procesos,CO1.REQ.10857683,2026-08-14,SANTIAGO DE CALI DISTRITO ESPECIAL - SECRETARIA DE BIENESTAR SOCIAL,Alcaldía de Cali,Contexto,9610000
2026-08-16 13:54:16,procesos,CO1.REQ.10853919,2026-08-13,GOBERNACION DEL VALLE DEL CAUCA - DADI,Gobernación del Valle,Contexto,3500000
2026-08-16 13:54:16,procesos,CO1.REQ.10858841,2026-08-14,SECRETARIA DE EDUCACION DE CALI,Alcaldía de Cali,Contexto,11620000
2026-08-16 13:54:16,procesos,CO1.REQ.10856035,2026-08-14,GOBERNACION DEL VALLE DEL CAUCA - DADI,Gobernación del Valle,Contexto,6000000
2026-08-16 13:54:16,procesos,CO1.REQ.10861878,2026-08-14,GOBERNACION DEL VALLE DEL CAUCA - DADI,Gobernación del Valle,Contexto,2500000
2026-08-16 13:54:16,procesos,CO1.REQ.10853585,2026-08-13,CONCEJO DISTRITAL DE SANTIAGO DE CALI,Alcaldía de Cali,Contexto,28315000
2026-08-16 13:54:16,procesos,CO1.REQ.10859590,2026-08-14,GOBERNACION DEL VALLE DEL CAUCA - DADI,Gobernación del Valle,Contexto,7000000
2026-08-16 13:54:16,procesos,CO1.REQ.10858252,2026-08-14,GOBERNACIÓN VALLE DEL CAUCA -SECRETARIA DE SALUD,Gobernación del Valle,Contexto,25000000
2026-08-16 13:54:16,procesos,CO1.REQ.10857737,2026-08-14,DEPARTAMENTO DEL VALLE DEL CAUCA-SECRETARIA DE GESTION DEL RIESGO DE DESASTRES,Gobernación del Valle,Media,3500000
2026-08-16 13:54:16,procesos,CO1.REQ.10856788,2026-08-14,CONCEJO DISTRITAL DE SANTIAGO DE CALI,Alcaldía de Cali,Contexto,27225000
2026-08-16 13:54:16,procesos,CO1.REQ.10861919,2026-08-14,SECRETARIA DE MOVILIDAD Y TRANSPORTE,Gobernación del Valle,Contexto,10000000
2026-08-16 13:54:16,procesos,CO1.REQ.10857320,2026-08-14,CONCEJO DISTRITAL DE SANTIAGO DE CALI,Alcaldía de Cali,Contexto,10920000
2026-08-16 13:54:16,procesos,CO1.REQ.10853276,2026-08-13,SANTIAGO DE CALI DISTRITO ESPECIAL - SECRETARIA DE BIENESTAR SOCIAL,Alcaldía de Cali,Contexto,10653000
2026-08-16 13:54:16,procesos,CO1.REQ.10842827,2026-08-14,SANTIAGO DE CALI DISTRITO ESPECIAL - SECRETARÍA DE GESTIÓN DEL RIESGO DE EMERGENCIAS Y DESASTRE,Alcaldía de Cali,Media,16989000
2026-08-16 13:54:16,procesos,CO1.REQ.10857344,2026-08-14,DEPARTAMENTO DEL VALLE DEL CAUCA-SECRETARIA DE GESTION DEL RIESGO DE DESASTRES,Gobernación del Valle,Media,2500000
2026-08-16 13:54:16,procesos,CO1.REQ.10857441,2026-08-14,GOBERNACION DEL VALLE DEL CAUCA - DADI,Gobernación del Valle,Contexto,5000000
2026-08-16 13:54:16,procesos,CO1.REQ.10857063,2026-08-14,DEPARTAMENTO DEL VALLE DEL CAUCA-SECRETARIA DE GESTION DEL RIESGO DE DESASTRES,Gobernación del Valle,Media,2500000
2026-08-16 13:54:16,procesos,CO1.REQ.10852436,2026-08-14,SANTIAGO DE CALI DISTRITO ESPECIAL- UNIDAD ADMINISTRATIVA ESPECIAL DE GESTION DE BIENES Y SERVICIOS - CALI,Alcaldía de Cali,Contexto,0
2026-08-16 13:54:16,procesos,CO1.REQ.10856410,2026-08-14,SANTIAGO DE CALI DISTRITO ESPECIAL - SECRETARIA DE SEGURIDAD Y JUSTICIA,Alcaldía de Cali,Contexto,6247000
2026-08-16 13:54:16,procesos,CO1.REQ.10852577,2026-08-13,GOBERNACION DEL VALLE DEL CAUCA - DADI,Gobernación del Valle,Contexto,4000000
2026-08-16 13:54:16,procesos,CO1.REQ.10858826,2026-08-14,SANTIAGO DE CALI DISTRITO ESPECIAL - SECRETARIA DE GOBIERNO,Alcaldía de Cali,Contexto,11841000
2026-08-16 13:54:16,procesos,CO1.REQ.10856845,2026-08-14,SECRETARIA DE DESARROLLO ECONOMICO Y COMPETITIVIDAD,Gobernación del Valle,Contexto,129300000
2026-08-16 13:54:16,procesos,CO1.REQ.10853817,2026-08-13,GOBERNACION DEL VALLE DEL CAUCA - DADI,Gobernación del Valle,Contexto,5000000
2026-08-16 13:54:16,procesos,CO1.REQ.10859740,2026-08-14,GOBERNACION DEL VALLE DEL CAUCA - DADI,Gobernación del Valle,Contexto,5000000
2026-08-16 13:54:16,procesos,CO1.REQ.10848063,2026-08-14,SANTIAGO DE CALI DISTRITO ESPECIAL - SECRETARIA DE DESARROLLO ECONOMICO,Alcaldía de Cali,Contexto,11841000
2026-08-16 13:54:16,procesos,CO1.REQ.10861333,2026-08-14,SANTIAGO DE CALI DISTRITO ESPECIAL - UNIDAD ADMINISTRATIVA ESPECIAL DE SERVICIOS PUBLICOS,Alcaldía de Cali,Contexto,5663000
2026-08-16 13:54:16,procesos,CO1.REQ.10860260,2026-08-14,GOBERNACION DEL VALLE DEL CAUCA - DADI,Gobernación del Valle,Contexto,6000000
2026-08-16 13:54:16,procesos,CO1.REQ.10855039,2026-08-14,GOBERNACIÓN VALLE DEL CAUCA -SECRETARIA DE SALUD,Gobernación del Valle,Contexto,30000000
2026-08-16 13:54:16,procesos,CO1.REQ.10855344,2026-08-14,GOBERNACION DEL VALLE DEL CAUCA - DADI,Gobernación del Valle,Contexto,5000000
2026-08-16 13:54:16,procesos,CO1.REQ.10853086,2026-08-13,SANTIAGO DE CALI DISTRITO ESPECIAL - SECRETARIA DE BIENESTAR SOCIAL,Alcaldía de Cali,Contexto,33512000
2026-08-16 13:54:16,procesos,CO1.REQ.10861762,2026-08-14,OFICINA DE CONTROL DISCIPLINARIO INTERNO DE JUZGAMIENTO,Gobernación del Valle,Contexto,3500000
2026-08-16 13:54:16,procesos,CO1.REQ.10860842,2026-08-14,GOBERNACION DEL VALLE DEL CAUCA - DADI,Gobernación del Valle,Contexto,6000000
2026-08-16 13:54:16,procesos,CO1.REQ.10854450,2026-08-14,GOBERNACION DEL VALLE DEL CAUCA - DADI,Gobernación del Valle,Contexto,7700000
2026-08-16 13:54:16,procesos,CO1.REQ.10861651,2026-08-14,GOBERNACION DEL VALLE DEL CAUCA - DADI,Gobernación del Valle,Contexto,2500000
2026-08-16 13:54:16,procesos,CO1.REQ.10853763,2026-08-13,SANTIAGO DE CALI DISTRITO ESPECIAL - SECRETARIA DE BIENESTAR SOCIAL,Alcaldía de Cali,Contexto,8376000
2026-08-16 13:54:16,procesos,CO1.REQ.10856012,2026-08-14,SANTIAGO DE CALI DISTRITO ESPECIAL - DEPARTAMENTO ADMINISTRATIVO DE HACIENDA,Alcaldía de Cali,Contexto,22652000
2026-08-16 13:54:16,procesos,CO1.REQ.10861738,2026-08-14,GOBERNACION DEL VALLE DEL CAUCA - DADI,Gobernación del Valle,Contexto,2500000
2026-08-16 13:54:16,procesos,CO1.REQ.10857206,2026-08-14,SANTIAGO DE CALI DISTRITO ESPECIAL - DEPARTAMENTO ADMINISTRATIVO DE HACIENDA,Alcaldía de Cali,Contexto,11168000
2026-08-16 13:54:16,procesos,CO1.REQ.10845306,2026-08-13,PLANEACIÓN MUNICIPAL CALI**,Alcaldía de Cali,Contexto,13020000
2026-08-16 13:54:16,procesos,CO1.REQ.10851042,2026-08-13,SANTIAGO DE CALI DISTRITO ESPECIAL - SECRETARIA DE BIENESTAR SOCIAL,Alcaldía de Cali,Contexto,5584000
2026-08-16 13:54:16,procesos,CO1.REQ.10857382,2026-08-14,GOBERNACION DEL VALLE DEL CAUCA - DADI,Gobernación del Valle,Contexto,5000000
2026-08-16 13:54:16,procesos,CO1.REQ.10859183,2026-08-14,GOBERNACIÓN VALLE DEL CAUCA -SECRETARIA DE SALUD,Gobernación del Valle,Contexto,15000000
2026-08-16 13:54:16,procesos,CO1.REQ.10853836,2026-08-13,SANTIAGO DE CALI DISTRITO ESPECIAL - SECRETARIA DE BIENESTAR SOCIAL,Alcaldía de Cali,Contexto,12494000
2026-08-16 13:54:16,procesos,CO1.REQ.10861018,2026-08-14,GOBERNACION DEL VALLE DEL CAUCA - DADI,Gobernación del Valle,Contexto,3000000
2026-08-16 13:54:16,procesos,CO1.REQ.10853818,2026-08-13,SANTIAGO DE CALI DISTRITO ESPECIAL - SECRETARIA DE BIENESTAR SOCIAL,Alcaldía de Cali,Contexto,12494000
2026-08-16 13:54:16,procesos,CO1.REQ.10858308,2026-08-14,SANTIAGO DE CALI DISTRITO ESPECIAL - SECRETARIA DE BIENESTAR SOCIAL,Alcaldía de Cali,Contexto,5584000
2026-08-16 13:54:16,procesos,CO1.REQ.10859829,2026-08-14,GOBERNACION DEL VALLE DEL CAUCA - DADI,Gobernación del Valle,Contexto,6000000
2026-08-16 13:54:16,procesos,CO1.REQ.10854017,2026-08-13,SANTIAGO DE CALI DISTRITO ESPECIAL - SECRETARIA DE BIENESTAR SOCIAL,Alcaldía de Cali,Contexto,11326000
2026-08-16 13:54:16,procesos,CO1.REQ.10856990,2026-08-14,DEPARTAMENTO DEL VALLE DEL CAUCA-SECRETARIA DE GESTION DEL RIESGO DE DESASTRES,Gobernación del Valle,Media,6000000
2026-08-16 13:54:16,procesos,CO1.REQ.10861769,2026-08-14,OFICINA DE CONTROL DISCIPLINARIO INTERNO DE JUZGAMIENTO,Gobernación del Valle,Contexto,3500000
2026-08-16 13:54:16,procesos,CO1.REQ.10852982,2026-08-14,SANTIAGO DE CALI  DISTRITO ESPECIAL - SECRETARIA DE CULTURA,Alcaldía de Cali,Contexto,21622500
2026-08-16 13:54:16,procesos,CO1.REQ.10857158,2026-08-14,GOBERNACION DEL VALLE DEL CAUCA - DADI,Gobernación del Valle,Contexto,2500000
2026-08-16 13:54:16,procesos,CO1.REQ.10853254,2026-08-13,CONCEJO DISTRITAL DE SANTIAGO DE CALI,Alcaldía de Cali,Contexto,13960000
2026-08-16 13:54:16,procesos,CO1.REQ.10851398,2026-08-13,SECRETARIA DE AMBIENTE Y DESARROLLO SOSTENIBLE,Gobernación del Valle,Contexto,2500000
2026-08-16 13:54:16,procesos,CO1.REQ.10861757,2026-08-14,OFICINA DE CONTROL DISCIPLINARIO INTERNO DE JUZGAMIENTO,Gobernación del Valle,Contexto,5000000
2026-08-16 13:54:16,procesos,CO1.REQ.10857578,2026-08-14,SECRETARIA DE PAZ TERRITORIAL Y RECONCILIACIÓN,Gobernación del Valle,Contexto,3500000
2026-08-16 13:54:16,procesos,CO1.REQ.10848402,2026-08-14,SANTIAGO DE CALI DISTRITO ESPECIAL -DEPARTAMENTO ADMINISTRATIVO DE DESARROLLO E INNOVACION INSTITUCIONAL,Alcaldía de Cali,Contexto,0
2026-08-16 13:54:16,procesos,CO1.REQ.10862430,2026-08-14,GOBERNACION DEL VALLE DEL CAUCA - DADI,Gobernación del Valle,Contexto,4000000
2026-08-16 13:54:16,procesos,CO1.REQ.10853810,2026-08-13,SANTIAGO DE CALI DISTRITO ESPECIAL - SECRETARIA DE SEGURIDAD Y JUSTICIA,Alcaldía de Cali,Contexto,15788000
2026-08-16 13:54:16,procesos,CO1.REQ.10852488,2026-08-14,PLANEACIÓN MUNICIPAL CALI**,Alcaldía de Cali,Contexto,35180000
2026-08-16 13:54:16,procesos,CO1.REQ.10853373,2026-08-13,GOBERNACION DEL VALLE DEL CAUCA - DADI,Gobernación del Valle,Contexto,5000000
2026-08-16 13:54:16,procesos,CO1.REQ.10861962,2026-08-14,GOBERNACION DEL VALLE DEL CAUCA - DADI,Gobernación del Valle,Contexto,2500000
2026-08-16 13:54:16,procesos,CO1.REQ.10860932,2026-08-14,GOBERNACION DEL VALLE DEL CAUCA - DADI,Gobernación del Valle,Contexto,4000000
2026-08-16 13:54:16,procesos,CO1.REQ.10853049,2026-08-13,GOBERNACIÓN VALLE DEL CAUCA -SECRETARIA DE SALUD,Gobernación del Valle,Contexto,15000000
2026-08-16 13:54:16,procesos,CO1.REQ.10857994,2026-08-14,GOBERNACION DEL VALLE DEL CAUCA - DADI,Gobernación del Valle,Contexto,4000000
2026-08-16 13:54:16,procesos,CO1.REQ.10853598,2026-08-13,GOBERNACION DEL VALLE DEL CAUCA - DADI,Gobernación del Valle,Contexto,7000000
2026-08-16 13:54:16,procesos,CO1.REQ.10857637,2026-08-14,DEPARTAMENTO DEL VALLE DEL CAUCA-SECRETARIA DE GESTION DEL RIESGO DE DESASTRES,Gobernación del Valle,Media,6000000
2026-08-16 13:54:16,procesos,CO1.REQ.10851590,2026-08-14,PLANEACIÓN MUNICIPAL CALI**,Alcaldía de Cali,Contexto,31235000
2026-08-16 13:54:16,procesos,CO1.REQ.10851748,2026-08-13,SANTIAGO DE CALI DISTRITO ESPECIAL - UNIDAD ADMINISTRATIVA ESPECIAL DE SERVICIOS PUBLICOS,Alcaldía de Cali,Contexto,5663000
2026-08-16 13:54:16,procesos,CO1.REQ.10857695,2026-08-14,GOBERNACION DEL VALLE DEL CAUCA - DADI,Gobernación del Valle,Contexto,3500000
2026-08-16 13:54:16,procesos,CO1.REQ.10857989,2026-08-14,GOBERNACION DEL VALLE DEL CAUCA - DADI,Gobernación del Valle,Contexto,5000000
2026-08-16 13:54:16,procesos,CO1.REQ.10854324,2026-08-14,SECRETARIA GENERAL- GOBERNACION DEL VALLE,Gobernación del Valle,Contexto,14000000
2026-08-16 13:54:16,procesos,CO1.REQ.10850006,2026-08-13,GOBERNACION DEL VALLE DEL CAUCA - DADI,Gobernación del Valle,Contexto,7700000
2026-08-16 13:54:16,procesos,CO1.REQ.10856647,2026-08-14,CONCEJO DISTRITAL DE SANTIAGO DE CALI,Alcaldía de Cali,Contexto,51870000
2026-08-16 13:54:16,procesos,CO1.REQ.10852223,2026-08-14,SECRETARIA DE PAZ TERRITORIAL Y RECONCILIACIÓN,Gobernación del Valle,Contexto,7700000
2026-08-16 13:54:16,procesos,CO1.REQ.10859256,2026-08-14,GOBERNACION DEL VALLE DEL CAUCA - DADI,Gobernación del Valle,Contexto,10000000
2026-08-16 13:54:16,procesos,CO1.REQ.10859357,2026-08-14,GOBERNACIÓN DEL VALLE DEL CAUCA - SECRETARIA DE LAS TECNOLOGÍAS DE LA INFORMACIÓN Y LAS COMUNICACIONES,Gobernación del Valle,Contexto,2400000000
2026-08-16 13:54:16,procesos,CO1.REQ.10852468,2026-08-13,GOBERNACION DEL VALLE DEL CAUCA - DADI,Gobernación del Valle,Contexto,5000000
2026-08-16 13:54:16,procesos,CO1.REQ.10859986,2026-08-14,GOBERNACION DEL VALLE DEL CAUCA - DADI,Gobernación del Valle,Contexto,2500000
2026-08-16 13:54:16,procesos,CO1.REQ.10858397,2026-08-14,SECRETARIA DE EDUCACION DE CALI,Alcaldía de Cali,Contexto,22652000
2026-08-16 13:54:16,procesos,CO1.REQ.10853657,2026-08-13,SANTIAGO DE CALI DISTRITO ESPECIAL - SECRETARIA DE BIENESTAR SOCIAL,Alcaldía de Cali,Contexto,7894000
2026-08-16 13:54:16,procesos,CO1.REQ.10854532,2026-08-14,SECRETARIA GENERAL- GOBERNACION DEL VALLE,Gobernación del Valle,Contexto,10000000
2026-08-16 13:54:16,procesos,CO1.REQ.10847825,2026-08-14,SANTIAGO DE CALI  DISTRITO ESPECIAL - SECRETARIA DE CULTURA,Alcaldía de Cali,Contexto,8715000
2026-08-16 13:54:16,procesos,CO1.REQ.10861487,2026-08-14,GOBERNACION DEL VALLE DEL CAUCA - DADI,Gobernación del Valle,Contexto,7700000
2026-08-16 13:54:16,procesos,CO1.REQ.10860560,2026-08-14,GOBERNACION DEL VALLE DEL CAUCA - DADI,Gobernación del Valle,Contexto,2500000
2026-08-16 13:54:16,procesos,CO1.REQ.10856633,2026-08-14,GOBERNACION DEL VALLE DEL CAUCA - DADI,Gobernación del Valle,Contexto,2500000
2026-08-16 13:54:16,procesos,CO1.REQ.10850547,2026-08-13,CONCEJO DISTRITAL DE SANTIAGO DE CALI,Alcaldía de Cali,Contexto,15650000
2026-08-16 13:54:16,procesos,CO1.REQ.10851662,2026-08-13,GOBERNACION DEL VALLE DEL CAUCA - DADI,Gobernación del Valle,Contexto,4000000
2026-08-16 13:54:16,procesos,CO1.REQ.10851951,2026-08-13,GOBERNACION DEL VALLE DEL CAUCA - DADI,Gobernación del Valle,Contexto,6000000
2026-08-16 13:54:16,procesos,CO1.REQ.10857972,2026-08-14,GOBERNACION DEL VALLE DEL CAUCA - DADI,Gobernación del Valle,Contexto,7700000
2026-08-16 13:54:16,procesos,CO1.REQ.10648282,2026-08-14,SANTIAGO DE CALI DISTRITO ESPECIAL - SECRETARÍA DE GESTIÓN DEL RIESGO DE EMERGENCIAS Y DESASTRE,Alcaldía de Cali,Media,8376000
2026-08-16 13:54:16,procesos,CO1.REQ.10772947,2026-08-14,SANTIAGO DE CALI  DISTRITO ESPECIAL - SECRETARIA DE CULTURA,Alcaldía de Cali,Contexto,19820500
2026-08-16 13:54:16,procesos,CO1.REQ.10851135,2026-08-13,GOBERNACION DEL VALLE DEL CAUCA - DADI,Gobernación del Valle,Contexto,6000000
2026-08-16 13:54:16,procesos,CO1.REQ.10854430,2026-08-14,GOBERNACION DEL VALLE DEL CAUCA - DADI,Gobernación del Valle,Contexto,7700000
2026-08-16 13:54:16,procesos,CO1.REQ.10853327,2026-08-13,GOBERNACION DEL VALLE DEL CAUCA - DADI,Gobernación del Valle,Contexto,6000000
2026-08-16 13:54:16,procesos,CO1.REQ.10862402,2026-08-14,GOBERNACION DEL VALLE DEL CAUCA - DADI,Gobernación del Valle,Contexto,5000000
2026-08-16 13:54:16,procesos,CO1.REQ.10857498,2026-08-14,GOBERNACIÓN VALLE DEL CAUCA -SECRETARIA DE SALUD,Gobernación del Valle,Contexto,20000000
2026-08-16 13:54:16,procesos,CO1.REQ.10851488,2026-08-13,GOBERNACION DEL VALLE DEL CAUCA - DADI,Gobernación del Valle,Contexto,5000000
2026-08-16 13:54:16,procesos,CO1.REQ.10860318,2026-08-14,SANTIAGO DE CALI DISTRITO ESPECIAL - SECRETARIA DE INFRAESTRUCTURA,Alcaldía de Cali,Contexto,11326000
2026-08-16 13:54:16,procesos,CO1.REQ.10857511,2026-08-14,DEPARTAMENTO DEL VALLE DEL CAUCA-SECRETARIA DE GESTION DEL RIESGO DE DESASTRES,Gobernación del Valle,Media,7700000
2026-08-16 13:54:16,procesos,CO1.REQ.10861206,2026-08-14,GOBERNACIÓN VALLE DEL CAUCA -SECRETARIA DE SALUD,Gobernación del Valle,Contexto,17500000
2026-08-16 13:54:16,procesos,CO1.REQ.10855264,2026-08-14,SANTIAGO DE CALI DISTRITO ESPECIAL - SECRETARIA DE BIENESTAR SOCIAL,Alcaldía de Cali,Contexto,11326000
2026-08-16 13:54:16,procesos,CO1.REQ.10857341,2026-08-14,GOBERNACION DEL VALLE DEL CAUCA - DADI,Gobernación del Valle,Contexto,6500000
2026-08-16 13:54:16,procesos,CO1.REQ.10851689,2026-08-13,GOBERNACION DEL VALLE DEL CAUCA - DADI,Gobernación del Valle,Contexto,3000000
2026-08-16 13:54:16,procesos,CO1.REQ.10861597,2026-08-14,GOBERNACION DEL VALLE DEL CAUCA - DADI,Gobernación del Valle,Contexto,5000000
2026-08-16 13:54:16,procesos,CO1.REQ.10853358,2026-08-13,SANTIAGO DE CALI DISTRITO ESPECIAL - SECRETARIA DE VIVIENDA SOCIAL Y HABITAT,Alcaldía de Cali,Contexto,15652000
2026-08-16 13:54:16,procesos,CO1.REQ.10857449,2026-08-14,GOBERNACION DEL VALLE DEL CAUCA - DADI,Gobernación del Valle,Contexto,3500000
2026-08-16 13:54:16,procesos,CO1.REQ.10861616,2026-08-14,GOBERNACION DEL VALLE DEL CAUCA - DADI,Gobernación del Valle,Contexto,4000000
2026-08-16 13:54:16,procesos,CO1.REQ.10861230,2026-08-14,GOBERNACIÓN VALLE DEL CAUCA -SECRETARIA DE SALUD,Gobernación del Valle,Contexto,20000000
2026-08-16 13:54:16,procesos,CO1.REQ.10848472,2026-08-13,GOBERNACION DEL VALLE DEL CAUCA - DADI,Gobernación del Valle,Contexto,5000000
2026-08-16 13:54:16,procesos,CO1.REQ.10862137,2026-08-14,DEPARTAMENTO DEL VALLE DEL CAUCA-SECRETARIA DE GESTION DEL RIESGO DE DESASTRES,Gobernación del Valle,Media,5000000
2026-08-16 13:54:16,procesos,CO1.REQ.10862123,2026-08-14,GOBERNACION DEL VALLE DEL CAUCA - DADI,Gobernación del Valle,Contexto,2500000
2026-08-16 13:54:16,procesos,CO1.REQ.10857532,2026-08-14,DEPARTAMENTO DEL VALLE DEL CAUCA-SECRETARIA DE GESTION DEL RIESGO DE DESASTRES,Gobernación del Valle,Media,7700000
2026-08-16 13:54:16,procesos,CO1.REQ.10853485,2026-08-13,CONCEJO DISTRITAL DE SANTIAGO DE CALI,Alcaldía de Cali,Contexto,17070000
2026-08-16 13:54:16,procesos,CO1.REQ.10856058,2026-08-14,SANTIAGO DE CALI DISTRITO ESPECIAL - SECRETARIA DE BIENESTAR SOCIAL,Alcaldía de Cali,Contexto,16989000
2026-08-16 13:54:16,procesos,CO1.REQ.10851185,2026-08-14,PLANEACIÓN MUNICIPAL CALI**,Alcaldía de Cali,Contexto,22652000
2026-08-16 13:54:16,procesos,CO1.REQ.10853280,2026-08-13,SANTIAGO DE CALI DISTRITO ESPECIAL - SECRETARIA DE SEGURIDAD Y JUSTICIA,Alcaldía de Cali,Contexto,11168000
2026-08-16 13:54:16,procesos,CO1.REQ.10858764,2026-08-14,GOBERNACION DEL VALLE DEL CAUCA - DADI,Gobernación del Valle,Contexto,2500000
2026-08-16 13:54:16,procesos,CO1.REQ.10854402,2026-08-14,GOBERNACIÓN VALLE DEL CAUCA -SECRETARIA DE SALUD,Gobernación del Valle,Contexto,30000000
2026-08-16 13:54:16,procesos,CO1.REQ.10854956,2026-08-14,SANTIAGO DE CALI DISTRITO ESPECIAL - SECRETARIA DE GOBIERNO,Alcaldía de Cali,Contexto,10653000
2026-08-16 13:54:16,procesos,CO1.REQ.10856891,2026-08-14,GOBERNACION DEL VALLE DEL CAUCA - DADI,Gobernación del Valle,Contexto,5000000
2026-08-16 13:54:16,procesos,CO1.REQ.10852572,2026-08-13,GOBERNACION DEL VALLE DEL CAUCA - DADI,Gobernación del Valle,Contexto,6500000
2026-08-16 13:54:16,procesos,CO1.REQ.10857414,2026-08-14,DEPARTAMENTO DEL VALLE DEL CAUCA-SECRETARIA DE GESTION DEL RIESGO DE DESASTRES,Gobernación del Valle,Media,2500000
2026-08-16 13:54:16,procesos,CO1.REQ.10859646,2026-08-14,SANTIAGO DE CALI DISTRITO ESPECIAL - SECRETARIA DE BIENESTAR SOCIAL,Alcaldía de Cali,Contexto,11326000
2026-08-16 13:54:16,procesos,CO1.REQ.10861266,2026-08-14,GOBERNACION DEL VALLE DEL CAUCA - DADI,Gobernación del Valle,Contexto,6000000
2026-08-16 13:54:16,procesos,CO1.REQ.10854203,2026-08-14,SECRETARIA GENERAL- GOBERNACION DEL VALLE,Gobernación del Valle,Contexto,12000000
2026-08-16 13:54:16,procesos,CO1.REQ.10861842,2026-08-14,GOBERNACION DEL VALLE DEL CAUCA - DADI,Gobernación del Valle,Contexto,2500000
2026-08-16 13:54:16,procesos,CO1.REQ.10856255,2026-08-14,SANTIAGO DE CALI DISTRITO ESPECIAL - UNIDAD ADMINISTRATIVA ESPECIAL DE SERVICIOS PUBLICOS,Alcaldía de Cali,Contexto,31235000
2026-08-16 13:54:16,procesos,CO1.REQ.10853459,2026-08-13,GOBERNACION DEL VALLE DEL CAUCA - DADI,Gobernación del Valle,Contexto,7000000
2026-08-16 13:54:16,procesos,CO1.REQ.10861045,2026-08-14,GOBERNACION DEL VALLE DEL CAUCA - DADI,Gobernación del Valle,Contexto,2500000
2026-08-16 13:54:16,procesos,CO1.REQ.10851668,2026-08-14,SANTIAGO DE CALI DISTRITO ESPECIAL - SECRETARIA DE GOBIERNO,Alcaldía de Cali,Contexto,11841000
2026-08-16 13:54:16,procesos,CO1.REQ.10854392,2026-08-14,GOBERNACIÓN VALLE DEL CAUCA -SECRETARIA DE SALUD,Gobernación del Valle,Contexto,30000000
2026-08-16 13:54:16,procesos,CO1.REQ.10856803,2026-08-14,SANTIAGO DE CALI DISTRITO ESPECIAL - DEPARTAMENTO ADMINISTRATIVO DE HACIENDA,Alcaldía de Cali,Contexto,35180000
2026-08-16 13:54:16,procesos,CO1.REQ.10854304,2026-08-14,SECRETARIA GENERAL- GOBERNACION DEL VALLE,Gobernación del Valle,Contexto,6000000
2026-08-16 13:54:16,procesos,CO1.REQ.10852163,2026-08-13,GOBERNACION DEL VALLE DEL CAUCA - DADI,Gobernación del Valle,Contexto,7700000
2026-08-16 13:54:16,procesos,CO1.REQ.10854505,2026-08-14,SECRETARIA DE PAZ TERRITORIAL Y RECONCILIACIÓN,Gobernación del Valle,Contexto,6000000
2026-08-16 13:54:16,procesos,CO1.REQ.10857216,2026-08-14,DEPARTAMENTO DEL VALLE DEL CAUCA-SECRETARIA DE GESTION DEL RIESGO DE DESASTRES,Gobernación del Valle,Media,7000000
2026-08-16 13:54:16,procesos,CO1.REQ.10861569,2026-08-14,SECRETARIA GENERAL- GOBERNACION DEL VALLE,Gobernación del Valle,Contexto,14000000
2026-08-16 13:54:16,procesos,CO1.REQ.10852222,2026-08-13,GOBERNACIÓN VALLE DEL CAUCA -SECRETARIA DE SALUD,Gobernación del Valle,Contexto,20600000
2026-08-16 13:54:16,procesos,CO1.REQ.10856362,2026-08-14,GOBERNACION DEL VALLE DEL CAUCA - DADI,Gobernación del Valle,Contexto,7700000
2026-08-16 13:54:16,procesos,CO1.REQ.10853369,2026-08-13,SANTIAGO DE CALI DISTRITO ESPECIAL - SECRETARIA DE VIVIENDA SOCIAL Y HABITAT,Alcaldía de Cali,Contexto,9610000
2026-08-16 13:54:16,procesos,CO1.REQ.10856223,2026-08-14,SANTIAGO DE CALI DISTRITO ESPECIAL - DEPARTAMENTO ADMINISTRATIVO DE HACIENDA,Alcaldía de Cali,Contexto,17755000
2026-08-16 13:54:16,procesos,CO1.REQ.10861287,2026-08-14,GOBERNACION DEL VALLE DEL CAUCA - DADI,Gobernación del Valle,Contexto,2500000
2026-08-16 13:54:16,procesos,CO1.REQ.10852644,2026-08-14,SANTIAGO DE CALI DISTRITO ESPECIAL - SECRETARIA DE GOBIERNO,Alcaldía de Cali,Contexto,8715000
2026-08-16 13:54:16,procesos,CO1.REQ.10857409,2026-08-14,GOBERNACIÓN VALLE DEL CAUCA -SECRETARIA DE SALUD,Gobernación del Valle,Contexto,17500000
2026-08-16 13:54:16,procesos,CO1.REQ.10857672,2026-08-14,DEPARTAMENTO DEL VALLE DEL CAUCA-SECRETARIA DE GESTION DEL RIESGO DE DESASTRES,Gobernación del Valle,Media,4000000
2026-08-16 13:54:16,procesos,CO1.REQ.10852350,2026-08-14,SANTIAGO DE CALI DISTRITO ESPECIAL - SECRETARIA DE GOBIERNO,Alcaldía de Cali,Contexto,10653000
2026-08-16 13:54:16,procesos,CO1.REQ.10850100,2026-08-13,SANTIAGO DE CALI DISTRITO ESPECIAL - SECRETARIA DE MOVILIDAD,Alcaldía de Cali,Contexto,9610000
2026-08-16 13:54:16,procesos,CO1.REQ.10859766,2026-08-14,GOBERNACION DEL VALLE DEL CAUCA - DADI,Gobernación del Valle,Contexto,4000000
2026-08-16 13:54:16,procesos,CO1.REQ.10857616,2026-08-14,DEPARTAMENTO DEL VALLE DEL CAUCA-SECRETARIA DE GESTION DEL RIESGO DE DESASTRES,Gobernación del Valle,Media,3000000
2026-08-16 13:54:16,procesos,CO1.REQ.10857623,2026-08-14,DEPARTAMENTO DEL VALLE DEL CAUCA-SECRETARIA DE GESTION DEL RIESGO DE DESASTRES,Gobernación del Valle,Media,7000000
2026-08-16 13:54:16,procesos,CO1.REQ.10852705,2026-08-13,SANTIAGO DE CALI DISTRITO ESPECIAL - SECRETARIA DE SEGURIDAD Y JUSTICIA,Alcaldía de Cali,Contexto,3947000
2026-08-16 13:54:16,procesos,CO1.REQ.10857577,2026-08-14,SANTIAGO DE CALI DISTRITO ESPECIAL - SECRETARIA DE BIENESTAR SOCIAL,Alcaldía de Cali,Contexto,16989000
2026-08-16 13:54:16,procesos,CO1.REQ.10857633,2026-08-14,SANTIAGO DE CALI DISTRITO ESPECIAL - SECRETARIA DE MOVILIDAD,Alcaldía de Cali,Contexto,12012500
2026-08-16 13:54:16,procesos,CO1.REQ.10852780,2026-08-13,SANTIAGO DE CALI DISTRITO ESPECIAL - SECRETARIA DE BIENESTAR SOCIAL,Alcaldía de Cali,Contexto,16989000
2026-08-16 13:54:16,procesos,CO1.REQ.10856981,2026-08-14,SANTIAGO DE CALI DISTRITO ESPECIAL - SECRETARIA DE BIENESTAR SOCIAL,Alcaldía de Cali,Contexto,31304000
2026-08-16 13:54:16,procesos,CO1.REQ.10853298,2026-08-13,GOBERNACION DEL VALLE DEL CAUCA - DADI,Gobernación del Valle,Contexto,7700000
2026-08-16 13:54:16,procesos,CO1.REQ.10858211,2026-08-14,DEPARTAMENTO DEL VALLE DEL CAUCA-SECRETARIA DE GESTION DEL RIESGO DE DESASTRES,Gobernación del Valle,Media,3000000
2026-08-16 13:54:16,procesos,CO1.REQ.10820571,2026-08-13,SANTIAGO DE CALI DISTRITO ESPECIAL - SECRETARIA DISTRITAL DE SALUD DE CALI,Alcaldía de Cali,Contexto,19220000
2026-08-16 13:54:16,procesos,CO1.REQ.10854408,2026-08-14,GOBERNACIÓN VALLE DEL CAUCA -SECRETARIA DE SALUD,Gobernación del Valle,Contexto,20000000
2026-08-16 13:54:16,procesos,CO1.REQ.10853715,2026-08-13,SANTIAGO DE CALI DISTRITO ESPECIAL - SECRETARIA DE BIENESTAR SOCIAL,Alcaldía de Cali,Contexto,8376000
2026-08-16 13:54:16,procesos,CO1.REQ.10861702,2026-08-14,SECRETARIA GENERAL- GOBERNACION DEL VALLE,Gobernación del Valle,Contexto,12000000
2026-08-16 13:54:16,procesos,CO1.REQ.10849782,2026-08-13,SECRETARIA DE AMBIENTE Y DESARROLLO SOSTENIBLE,Gobernación del Valle,Contexto,3500000
2026-08-16 13:54:16,procesos,CO1.REQ.10852536,2026-08-13,GOBERNACION DEL VALLE DEL CAUCA - DADI,Gobernación del Valle,Contexto,5000000
2026-08-16 13:54:16,procesos,CO1.REQ.10855937,2026-08-14,GOBERNACION DEL VALLE DEL CAUCA - DADI,Gobernación del Valle,Contexto,5000000
2026-08-16 13:54:16,procesos,CO1.REQ.10851589,2026-08-13,GOBERNACION DEL VALLE DEL CAUCA - DADI,Gobernación del Valle,Contexto,4000000
2026-08-16 13:54:16,procesos,CO1.REQ.10861599,2026-08-14,GOBERNACION DEL VALLE DEL CAUCA - DADI,Gobernación del Valle,Contexto,5000000
2026-08-16 13:54:16,procesos,CO1.REQ.10861361,2026-08-14,GOBERNACION DEL VALLE DEL CAUCA - DADI,Gobernación del Valle,Contexto,5000000
2026-08-16 13:54:16,procesos,CO1.REQ.10853261,2026-08-13,GOBERNACION DEL VALLE DEL CAUCA - DADI,Gobernación del Valle,Contexto,6000000
2026-08-16 13:54:16,procesos,CO1.REQ.10852754,2026-08-13,DEPARTAMENTO ADMINISTRATIVO DE GESTION DEL MEDIO AMBIENTE DAGMA,Alcaldía de Cali,Contexto,3551000
2026-08-16 13:54:16,procesos,CO1.REQ.10854922,2026-08-14,SANTIAGO DE CALI DISTRITO ESPECIAL - SECRETARIA DE BIENESTAR SOCIAL,Alcaldía de Cali,Contexto,7102000
2026-08-16 13:54:16,procesos,CO1.REQ.10856267,2026-08-14,GOBERNACION DEL VALLE DEL CAUCA - DADI,Gobernación del Valle,Contexto,4000000
2026-08-16 13:54:16,procesos,CO1.REQ.10856835,2026-08-14,GOBERNACIÓN VALLE DEL CAUCA -SECRETARIA DE SALUD,Gobernación del Valle,Contexto,25000000
2026-08-16 13:54:16,procesos,CO1.REQ.10861027,2026-08-14,SANTIAGO DE CALI DISTRITO ESPECIAL - SECRETARIA DE INFRAESTRUCTURA,Alcaldía de Cali,Contexto,5585200
2026-08-16 13:54:16,procesos,CO1.REQ.10858290,2026-08-14,DEPARTAMENTO DEL VALLE DEL CAUCA-SECRETARIA DE GESTION DEL RIESGO DE DESASTRES,Gobernación del Valle,Media,4000000
2026-08-16 13:54:16,procesos,CO1.REQ.10861870,2026-08-14,GOBERNACION DEL VALLE DEL CAUCA - DADI,Gobernación del Valle,Contexto,6000000
2026-08-16 13:54:16,procesos,CO1.REQ.10849052,2026-08-13,SANTIAGO DE CALI DISTRITO ESPECIAL - SECRETARIA DE BIENESTAR SOCIAL,Alcaldía de Cali,Contexto,4805000
2026-08-16 13:54:16,procesos,CO1.REQ.10853272,2026-08-13,GOBERNACION DEL VALLE DEL CAUCA - DADI,Gobernación del Valle,Contexto,5000000
2026-08-16 13:54:16,procesos,CO1.REQ.10853282,2026-08-13,GOBERNACION DEL VALLE DEL CAUCA - DADI,Gobernación del Valle,Contexto,2500000
2026-08-16 13:54:16,procesos,CO1.REQ.10857114,2026-08-14,GOBERNACION DEL VALLE DEL CAUCA - DADI,Gobernación del Valle,Contexto,3000000
2026-08-16 13:54:16,procesos,CO1.REQ.10720601,2026-08-13,SANTIAGO DE CALI DISTRITO ESPECIAL - SECRETARIA DE BIENESTAR SOCIAL,Alcaldía de Cali,Contexto,8376000
2026-08-16 13:54:16,procesos,CO1.REQ.10862431,2026-08-14,DEPARTAMENTO DEL VALLE DEL CAUCA-SECRETARIA DE GESTION DEL RIESGO DE DESASTRES,Gobernación del Valle,Media,6000000
2026-08-16 13:54:16,procesos,CO1.REQ.10856987,2026-08-14,GOBERNACION DEL VALLE DEL CAUCA - DADI,Gobernación del Valle,Contexto,6000000
2026-08-16 13:54:16,procesos,CO1.REQ.10857062,2026-08-14,GOBERNACIÓN VALLE DEL CAUCA -SECRETARIA DE SALUD,Gobernación del Valle,Contexto,20000000
2026-08-16 13:54:16,procesos,CO1.REQ.10858318,2026-08-14,GOBERNACION DEL VALLE DEL CAUCA - DADI,Gobernación del Valle,Contexto,5000000
2026-08-16 13:54:16,procesos,CO1.REQ.10852681,2026-08-13,GOBERNACION DEL VALLE DEL CAUCA - DADI,Gobernación del Valle,Contexto,6000000
2026-08-16 13:54:16,procesos,CO1.REQ.10861074,2026-08-14,GOBERNACION DEL VALLE DEL CAUCA - DADI,Gobernación del Valle,Contexto,3000000
2026-08-16 13:54:16,procesos,CO1.REQ.10858851,2026-08-14,GOBERNACION DEL VALLE DEL CAUCA - DADI,Gobernación del Valle,Contexto,7700000
2026-08-16 13:54:16,procesos,CO1.REQ.10858847,2026-08-14,GOBERNACION DEL VALLE DEL CAUCA - DADI,Gobernación del Valle,Contexto,2500000
2026-08-16 13:54:16,procesos,CO1.REQ.10852849,2026-08-13,GOBERNACION DEL VALLE DEL CAUCA - DADI,Gobernación del Valle,Contexto,5000000
2026-08-16 13:54:16,procesos,CO1.REQ.10852663,2026-08-13,GOBERNACION DEL VALLE DEL CAUCA - DADI,Gobernación del Valle,Contexto,2500000
2026-08-16 13:54:16,procesos,CO1.REQ.10848919,2026-08-13,DEPARTAMENTO DEL VALLE DEL CAUCA - OFICINA PARA LA TRANSPARENCIA DE LA GESTIÓN PÚBLICA,Gobernación del Valle,Contexto,4000000
2026-08-16 13:54:16,procesos,CO1.REQ.10848077,2026-08-14,SANTIAGO DE CALI DISTRITO ESPECIAL - SECRETARIA DE MOVILIDAD,Alcaldía de Cali,Contexto,4542000
2026-08-16 13:54:16,procesos,CO1.REQ.10855809,2026-08-14,GOBERNACION DEL VALLE DEL CAUCA - DADI,Gobernación del Valle,Contexto,5000000
2026-08-16 13:54:16,procesos,CO1.REQ.10860729,2026-08-14,SANTIAGO DE CALI DISTRITO ESPECIAL - SECRETARIA DE INFRAESTRUCTURA,Alcaldía de Cali,Contexto,8377800
2026-08-16 13:54:16,procesos,CO1.REQ.10854421,2026-08-14,SECRETARIA GENERAL- GOBERNACION DEL VALLE,Gobernación del Valle,Contexto,8000000
2026-08-16 13:54:16,procesos,CO1.REQ.10854303,2026-08-14,SECRETARIA GENERAL- GOBERNACION DEL VALLE,Gobernación del Valle,Contexto,10000000
2026-08-16 13:54:16,procesos,CO1.REQ.10850058,2026-08-13,SANTIAGO DE CALI DISTRITO ESPECIAL - SECRETARIA DE BIENESTAR SOCIAL,Alcaldía de Cali,Contexto,23478000
2026-08-16 13:54:16,procesos,CO1.REQ.10854419,2026-08-14,GOBERNACION DEL VALLE DEL CAUCA - DADI,Gobernación del Valle,Contexto,7700000
2026-08-16 13:54:16,procesos,CO1.REQ.10852915,2026-08-14,SECRETARIA DE EDUCACION DE CALI,Alcaldía de Cali,Contexto,19220000
2026-08-16 13:54:16,procesos,CO1.REQ.10857656,2026-08-14,SANTIAGO DE CALI DISTRITO ESPECIAL - SECRETARIA DISTRITAL DE SALUD DE CALI,Alcaldía de Cali,Contexto,11168000
2026-08-16 13:54:16,procesos,CO1.REQ.10852696,2026-08-13,GOBERNACION DEL VALLE DEL CAUCA - DADI,Gobernación del Valle,Contexto,2500000
2026-08-16 13:54:16,procesos,CO1.REQ.10854667,2026-08-14,GOBERNACIÓN VALLE DEL CAUCA -SECRETARIA DE SALUD,Gobernación del Valle,Contexto,20000000
2026-08-16 13:54:16,procesos,CO1.REQ.10856775,2026-08-14,SANTIAGO DE CALI DISTRITO ESPECIAL - DEPARTAMENTO ADMINISTRATIVO DE HACIENDA,Alcaldía de Cali,Contexto,19220000
2026-08-16 13:54:16,procesos,CO1.REQ.10853290,2026-08-13,SANTIAGO DE CALI DISTRITO ESPECIAL - SECRETARIA DE BIENESTAR SOCIAL,Alcaldía de Cali,Contexto,10653000
2026-08-16 13:54:16,procesos,CO1.REQ.10861445,2026-08-14,SECRETARIA GENERAL- GOBERNACION DEL VALLE,Gobernación del Valle,Contexto,5000000
2026-08-16 13:54:16,procesos,CO1.REQ.10853296,2026-08-13,SANTIAGO DE CALI DISTRITO ESPECIAL - SECRETARIA DE BIENESTAR SOCIAL,Alcaldía de Cali,Contexto,10653000
2026-08-16 13:54:16,procesos,CO1.REQ.10852250,2026-08-14,SECRETARIA DE PAZ TERRITORIAL Y RECONCILIACIÓN,Gobernación del Valle,Contexto,5000000
2026-08-16 13:54:16,procesos,CO1.REQ.10845192,2026-08-13,PLANEACIÓN MUNICIPAL CALI**,Alcaldía de Cali,Contexto,28315000
2026-08-16 13:54:16,procesos,CO1.REQ.10848536,2026-08-13,DEPARTAMENTO DEL VALLE DEL CAUCA - OFICINA PARA LA TRANSPARENCIA DE LA GESTIÓN PÚBLICA,Gobernación del Valle,Contexto,3500000
2026-08-16 13:54:16,procesos,CO1.REQ.10800664,2026-08-14,SANTIAGO DE CALI DISTRITO ESPECIAL - SECRETARIA DISTRITAL DE SALUD DE CALI,Alcaldía de Cali,Contexto,6813000
2026-08-16 13:54:16,procesos,CO1.REQ.10857517,2026-08-14,SANTIAGO DE CALI DISTRITO ESPECIAL - SECRETARIA DISTRITAL DE SALUD DE CALI,Alcaldía de Cali,Contexto,19220000
2026-08-16 13:54:16,procesos,CO1.REQ.10856478,2026-08-14,DEPARTAMENTO DEL VALLE DEL CAUCA-SECRETARIA DE GESTION DEL RIESGO DE DESASTRES,Gobernación del Valle,Media,4000000
2026-08-16 13:54:16,procesos,CO1.REQ.10858449,2026-08-14,GOBERNACIÓN VALLE DEL CAUCA -SECRETARIA DE SALUD,Gobernación del Valle,Contexto,20000000
2026-08-16 13:54:16,procesos,CO1.REQ.10848777,2026-08-13,GOBERNACIÓN VALLE DEL CAUCA -SECRETARIA DE SALUD,Gobernación del Valle,Contexto,35000000
2026-08-16 13:54:16,procesos,CO1.REQ.10857596,2026-08-14,GOBERNACIÓN VALLE DEL CAUCA -SECRETARIA DE SALUD,Gobernación del Valle,Contexto,15000000
2026-08-16 13:54:16,procesos,CO1.REQ.10801901,2026-08-14,SANTIAGO DE CALI DISTRITO ESPECIAL - SECRETARIA DE MOVILIDAD,Alcaldía de Cali,Contexto,9610000
2026-08-16 13:54:16,procesos,CO1.REQ.10839329,2026-08-13,UAEPA2,Alcaldía de Cali,Contexto,9610000
2026-08-16 13:54:16,procesos,CO1.REQ.10856086,2026-08-14,GOBERNACION DEL VALLE DEL CAUCA - DADI,Gobernación del Valle,Contexto,6000000
2026-08-16 13:54:16,procesos,CO1.REQ.10861492,2026-08-14,SECRETARIA GENERAL- GOBERNACION DEL VALLE,Gobernación del Valle,Contexto,12000000
2026-08-16 13:54:16,procesos,CO1.REQ.10862406,2026-08-14,GOBERNACION DEL VALLE DEL CAUCA - DADI,Gobernación del Valle,Contexto,6000000
2026-08-16 13:54:16,procesos,CO1.REQ.10853525,2026-08-13,SANTIAGO DE CALI DISTRITO ESPECIAL - SECRETARIA DE BIENESTAR SOCIAL,Alcaldía de Cali,Contexto,22652000
2026-08-16 13:54:16,procesos,CO1.REQ.10854405,2026-08-14,SECRETARIA GENERAL- GOBERNACION DEL VALLE,Gobernación del Valle,Contexto,6000000
2026-08-16 13:54:16,procesos,CO1.REQ.10853556,2026-08-13,SANTIAGO DE CALI DISTRITO ESPECIAL - SECRETARIA DE BIENESTAR SOCIAL,Alcaldía de Cali,Contexto,5584000
2026-08-16 13:54:16,procesos,CO1.REQ.10858928,2026-08-14,GOBERNACIÓN VALLE DEL CAUCA -SECRETARIA DE SALUD,Gobernación del Valle,Contexto,25000000
2026-08-16 13:54:16,procesos,CO1.REQ.10853589,2026-08-13,SANTIAGO DE CALI DISTRITO ESPECIAL - SECRETARIA DE BIENESTAR SOCIAL,Alcaldía de Cali,Contexto,15788000
2026-08-16 13:54:16,procesos,CO1.REQ.10861246,2026-08-14,GOBERNACION DEL VALLE DEL CAUCA - DADI,Gobernación del Valle,Contexto,2500000
2026-08-16 13:54:16,procesos,CO1.REQ.10856251,2026-08-14,GOBERNACIÓN VALLE DEL CAUCA -SECRETARIA DE SALUD,Gobernación del Valle,Contexto,35000000
2026-08-16 13:54:16,procesos,CO1.REQ.10860546,2026-08-14,SANTIAGO DE CALI DISTRITO ESPECIAL - SECRETARIA DE INFRAESTRUCTURA,Alcaldía de Cali,Contexto,5585200
2026-08-16 13:54:16,procesos,CO1.REQ.10861727,2026-08-14,GOBERNACION DEL VALLE DEL CAUCA - DADI,Gobernación del Valle,Contexto,2500000
2026-08-16 13:54:16,procesos,CO1.REQ.10852435,2026-08-13,GOBERNACION DEL VALLE DEL CAUCA - DADI,Gobernación del Valle,Contexto,7000000
2026-08-16 13:54:16,procesos,CO1.REQ.10858281,2026-08-14,SECRETARIA DE EDUCACION DE CALI,Alcaldía de Cali,Contexto,31304000
2026-08-16 13:54:16,procesos,CO1.REQ.10860267,2026-08-14,SANTIAGO DE CALI DISTRITO ESPECIAL - SECRETARIA DE BIENESTAR SOCIAL,Alcaldía de Cali,Contexto,16989000
2026-08-16 13:54:16,procesos,CO1.REQ.10853596,2026-08-13,SANTIAGO DE CALI DISTRITO ESPECIAL - SECRETARIA DE SEGURIDAD Y JUSTICIA,Alcaldía de Cali,Contexto,2792000
2026-08-16 13:54:16,procesos,CO1.REQ.10848625,2026-08-13,GOBERNACION DEL VALLE DEL CAUCA - DADI,Gobernación del Valle,Contexto,7000000
2026-08-16 13:54:16,procesos,CO1.REQ.10861578,2026-08-14,SECRETARIA GENERAL- GOBERNACION DEL VALLE,Gobernación del Valle,Contexto,12000000
2026-08-16 13:54:16,procesos,CO1.REQ.10820530,2026-08-14,SANTIAGO DE CALI DISTRITO ESPECIAL - SECRETARIA DEL DEPORTE Y LA RECREACIÓN,Alcaldía de Cali,Contexto,4542000
2026-08-16 13:54:16,procesos,CO1.REQ.10851931,2026-08-13,GOBERNACION DEL VALLE DEL CAUCA - DADI,Gobernación del Valle,Contexto,6500000
2026-08-16 13:54:16,procesos,CO1.REQ.10854298,2026-08-14,SANTIAGO DE CALI DISTRITO ESPECIAL - SECRETARIA DE BIENESTAR SOCIAL,Alcaldía de Cali,Contexto,9610000
2026-08-16 13:54:16,procesos,CO1.REQ.10848569,2026-08-14,SANTIAGO DE CALI  DISTRITO ESPECIAL - SECRETARIA DE CULTURA,Alcaldía de Cali,Contexto,23478000
2026-08-16 13:54:16,procesos,CO1.REQ.10852390,2026-08-13,GOBERNACION DEL VALLE DEL CAUCA - DADI,Gobernación del Valle,Contexto,5000000
2026-08-16 13:54:16,procesos,CO1.REQ.10853300,2026-08-13,SANTIAGO DE CALI DISTRITO ESPECIAL - SECRETARIA DE BIENESTAR SOCIAL,Alcaldía de Cali,Contexto,11841000
2026-08-16 13:54:16,procesos,CO1.REQ.10849455,2026-08-13,SANTIAGO DE CALI DISTRITO ESPECIAL - SECRETARIA DE SEGURIDAD Y JUSTICIA,Alcaldía de Cali,Contexto,24988000
2026-08-16 13:54:16,procesos,CO1.REQ.10792451,2026-08-14,SANTIAGO DE CALI  DISTRITO ESPECIAL - SECRETARIA DE CULTURA,Alcaldía de Cali,Contexto,8376000
2026-08-16 13:54:16,procesos,CO1.REQ.10853932,2026-08-14,SANTIAGO DE CALI DISTRITO ESPECIAL - SECRETARIA DE BIENESTAR SOCIAL,Alcaldía de Cali,Contexto,9610000
2026-08-16 13:54:16,procesos,CO1.REQ.10853266,2026-08-13,GOBERNACION DEL VALLE DEL CAUCA - DADI,Gobernación del Valle,Contexto,7700000
2026-08-16 13:54:16,procesos,CO1.REQ.10857649,2026-08-14,SECRETARIA DE PAZ TERRITORIAL Y RECONCILIACIÓN,Gobernación del Valle,Contexto,5000000
2026-08-16 13:54:16,procesos,CO1.REQ.10856924,2026-08-14,SANTIAGO DE CALI DISTRITO ESPECIAL - SECRETARIA DE BIENESTAR SOCIAL,Alcaldía de Cali,Contexto,11326000
2026-08-16 13:54:16,procesos,CO1.REQ.10848574,2026-08-13,DEPARTAMENTO DEL VALLE DEL CAUCA - OFICINA PARA LA TRANSPARENCIA DE LA GESTIÓN PÚBLICA,Gobernación del Valle,Contexto,2500000
2026-08-16 13:54:16,procesos,CO1.REQ.10861711,2026-08-14,SECRETARIA GENERAL- GOBERNACION DEL VALLE,Gobernación del Valle,Contexto,10000000
2026-08-16 13:54:16,procesos,CO1.REQ.10856117,2026-08-14,GOBERNACION DEL VALLE DEL CAUCA - DADI,Gobernación del Valle,Contexto,2500000
2026-08-16 13:54:16,procesos,CO1.REQ.10852303,2026-08-13,GOBERNACION DEL VALLE DEL CAUCA - DADI,Gobernación del Valle,Contexto,6000000
2026-08-16 13:54:16,procesos,CO1.REQ.10856888,2026-08-14,SANTIAGO DE CALI DISTRITO ESPECIAL - SECRETARIA DE BIENESTAR SOCIAL,Alcaldía de Cali,Contexto,14415000
2026-08-16 13:54:16,procesos,CO1.REQ.10821906,2026-08-13,SANTIAGO DE CALI DISTRITO ESPECIAL - SECRETARIA DE BIENESTAR SOCIAL,Alcaldía de Cali,Contexto,25134000
2026-08-16 13:54:16,procesos,CO1.REQ.10853644,2026-08-13,SANTIAGO DE CALI DISTRITO ESPECIAL - SECRETARIA DE BIENESTAR SOCIAL,Alcaldía de Cali,Contexto,16989000
2026-08-16 13:54:16,procesos,CO1.REQ.10859077,2026-08-14,GOBERNACION DEL VALLE DEL CAUCA - DADI,Gobernación del Valle,Contexto,2500000
2026-08-16 13:54:16,procesos,CO1.REQ.10860829,2026-08-14,GOBERNACION DEL VALLE DEL CAUCA - DADI,Gobernación del Valle,Contexto,7700000
2026-08-16 13:54:16,procesos,CO1.REQ.10857358,2026-08-14,DEPARTAMENTO DEL VALLE DEL CAUCA-SECRETARIA DE GESTION DEL RIESGO DE DESASTRES,Gobernación del Valle,Media,6000000
2026-08-16 13:54:16,procesos,CO1.REQ.10855965,2026-08-14,GOBERNACION DEL VALLE DEL CAUCA - DADI,Gobernación del Valle,Contexto,4000000
2026-08-16 13:54:16,procesos,CO1.REQ.10853773,2026-08-14,GOBERNACION DEL VALLE DEL CAUCA - DADI,Gobernación del Valle,Contexto,5000000
2026-08-16 13:54:16,procesos,CO1.REQ.10816563,2026-08-14,SANTIAGO DE CALI DISTRITO ESPECIAL- SECRETARIA DE TURISMO,Alcaldía de Cali,Contexto,269299070
2026-08-16 13:54:16,procesos,CO1.REQ.10857380,2026-08-14,GOBERNACION DEL VALLE DEL CAUCA - DADI,Gobernación del Valle,Contexto,5000000
2026-08-16 13:54:16,procesos,CO1.REQ.10848874,2026-08-13,DEPARTAMENTO ADMINISTRATIVO DE GESTION DEL MEDIO AMBIENTE DAGMA,Alcaldía de Cali,Contexto,3947000
2026-08-16 13:54:16,procesos,CO1.REQ.10848522,2026-08-13,DEPARTAMENTO DEL VALLE DEL CAUCA - OFICINA PARA LA TRANSPARENCIA DE LA GESTIÓN PÚBLICA,Gobernación del Valle,Contexto,7000000
2026-08-16 13:54:16,procesos,CO1.REQ.10819246,2026-08-14,SANTIAGO DE CALI  DISTRITO ESPECIAL - SECRETARIA DE CULTURA,Alcaldía de Cali,Contexto,6813000
2026-08-16 13:54:16,procesos,CO1.REQ.10857043,2026-08-14,DEPARTAMENTO DEL VALLE DEL CAUCA-SECRETARIA DE GESTION DEL RIESGO DE DESASTRES,Gobernación del Valle,Media,4000000
2026-08-16 13:54:16,procesos,CO1.REQ.10851079,2026-08-13,SECRETARIA DE AMBIENTE Y DESARROLLO SOSTENIBLE,Gobernación del Valle,Contexto,2500000
2026-08-16 13:54:16,procesos,CO1.REQ.10859118,2026-08-14,SECRETARIA GENERAL- GOBERNACION DEL VALLE,Gobernación del Valle,Contexto,12000000
2026-08-16 13:54:16,procesos,CO1.REQ.10861635,2026-08-14,GOBERNACION DEL VALLE DEL CAUCA - DADI,Gobernación del Valle,Contexto,2500000
2026-08-16 13:54:16,procesos,CO1.REQ.10851456,2026-08-13,SANTIAGO DE CALI DISTRITO ESPECIAL - SECRETARIA DE BIENESTAR SOCIAL,Alcaldía de Cali,Contexto,11326000
2026-08-16 13:54:16,procesos,CO1.REQ.10813053,2026-08-14,SANTIAGO DE CALI DISTRITO ESPECIAL -DEPARTAMENTO ADMINISTRATIVO DE DESARROLLO E INNOVACION INSTITUCIONAL,Alcaldía de Cali,Contexto,10653000
2026-08-16 13:54:16,procesos,CO1.REQ.10856562,2026-08-14,GOBERNACION DEL VALLE DEL CAUCA - DADI,Gobernación del Valle,Contexto,6000000
2026-08-16 13:54:16,procesos,CO1.REQ.10856904,2026-08-14,GOBERNACION DEL VALLE DEL CAUCA - DADI,Gobernación del Valle,Contexto,2500000
2026-08-16 13:54:16,procesos,CO1.REQ.10859335,2026-08-14,SECRETARIA GENERAL- GOBERNACION DEL VALLE,Gobernación del Valle,Contexto,5000000
2026-08-16 13:54:16,procesos,CO1.REQ.10856991,2026-08-14,GOBERNACION DEL VALLE DEL CAUCA - DADI,Gobernación del Valle,Contexto,7000000
2026-08-16 13:54:16,procesos,CO1.REQ.10860953,2026-08-14,SANTIAGO DE CALI DISTRITO ESPECIAL - SECRETARIA DEL DEPORTE Y LA RECREACIÓN,Alcaldía de Cali,Contexto,11326000
2026-08-16 13:54:16,procesos,CO1.REQ.10857587,2026-08-14,SECRETARIA DE PAZ TERRITORIAL Y RECONCILIACIÓN,Gobernación del Valle,Contexto,7700000
2026-08-16 13:54:16,procesos,CO1.REQ.10854601,2026-08-14,SECRETARIA GENERAL- GOBERNACION DEL VALLE,Gobernación del Valle,Contexto,20000000
2026-08-16 13:54:16,procesos,CO1.REQ.10861396,2026-08-14,GOBERNACION DEL VALLE DEL CAUCA - DADI,Gobernación del Valle,Contexto,2500000
2026-08-16 13:54:16,procesos,CO1.REQ.10861360,2026-08-14,GOBERNACION DEL VALLE DEL CAUCA - DADI,Gobernación del Valle,Contexto,6000000
2026-08-16 13:54:16,procesos,CO1.REQ.10854737,2026-08-14,GOBERNACION DEL VALLE DEL CAUCA - DADI,Gobernación del Valle,Contexto,5000000
2026-08-16 13:54:16,procesos,CO1.REQ.10860774,2026-08-14,GOBERNACION DEL VALLE DEL CAUCA - DADI,Gobernación del Valle,Contexto,2500000
2026-08-16 13:54:16,procesos,CO1.REQ.10861311,2026-08-14,MUNICIPIO DE LA UNION,Otras entidades del Valle,Contexto,7387461
2026-08-16 13:54:16,procesos,CO1.REQ.10798387,2026-08-13,ALCALDÍA MUNICIPIO DE PALMIRA,Otras entidades del Valle,Contexto,97960560
2026-08-16 13:54:16,procesos,CO1.REQ.10851439,2026-08-14,ALCALDIA DISTRITAL DE BUENAVENTURA-VALLE,Otras entidades del Valle,Contexto,10609000
2026-08-16 13:54:16,procesos,CO1.REQ.10848372,2026-08-13,ALCALDIA MUNICIPIO DE JAMUNDI,Otras entidades del Valle,Contexto,11500000
2026-08-16 13:54:16,procesos,CO1.REQ.10860821,2026-08-14,MUNICIPIO DE CARTAGO,Otras entidades del Valle,Contexto,27000000
2026-08-16 13:54:16,procesos,CO1.REQ.10849537,2026-08-13,REGION ADMINISTRATIVA DE PLANIFICACION RAP PACIFICO,Otras entidades del Valle,Contexto,11400000
2026-08-16 13:54:16,procesos,CO1.REQ.10849539,2026-08-13,ALCALDIA DISTRITAL DE BUENAVENTURA-VALLE,Otras entidades del Valle,Contexto,1404187423
2026-08-16 13:54:16,procesos,CO1.REQ.10817299,2026-08-13,ALCALDIA DISTRITAL DE BUENAVENTURA-VALLE,Otras entidades del Valle,Contexto,26522500
2026-08-16 13:54:16,procesos,CO1.REQ.10855901,2026-08-14,RED DE SALUD DEL NORTE EMPRESA SOCIAL DEL ESTADO,Descentralizadas de Cali,Contexto,1799400
2026-08-16 13:54:16,procesos,CO1.REQ.10857729,2026-08-14,HOSPITAL HENRY VALENCIA OROZCO EMPRESA SOCIAL DEL ESTADO,Otras entidades del Valle,Contexto,344000
2026-08-16 13:54:16,procesos,CO1.REQ.10860406,2026-08-14,MUNICIPIO DE YUMBO VALLE,Otras entidades del Valle,Contexto,16400000
2026-08-16 13:54:16,procesos,CO1.REQ.10858208,2026-08-14,ALCALDIA MUNICIPIO DE JAMUNDI,Otras entidades del Valle,Contexto,15000000
2026-08-16 13:54:16,procesos,CO1.REQ.10855470,2026-08-14,BENEFICENCIA DEL VALLE DEL CAUCA E.I.C.E,Descentralizadas de la Gobernación,Contexto,32940390
2026-08-16 13:54:16,procesos,CO1.REQ.10850007,2026-08-13,MUNICIPIO DE FLORIDA,Otras entidades del Valle,Contexto,8000000
2026-08-16 13:54:16,procesos,CO1.REQ.10855458,2026-08-14,CVC,Otras entidades del Valle,Contexto,23000000
2026-08-16 13:54:16,procesos,CO1.REQ.10849326,2026-08-13,EMPRESA SOCIAL DEL ESTADO HOSPITAL BENJAMIN BARNEY GASCA,Otras entidades del Valle,Contexto,2120000
2026-08-16 13:54:16,procesos,CO1.REQ.10853003,2026-08-13,MUNICIPIO DE CARTAGO,Otras entidades del Valle,Media,264573483
2026-08-16 13:54:16,procesos,CO1.REQ.10849405,2026-08-13,ALCALDIA MUNICIPIO DE JAMUNDI,Otras entidades del Valle,Contexto,14000000
2026-08-16 13:54:16,procesos,CO1.REQ.10857241,2026-08-14,ALCALDIA MUNICIPIO DE JAMUNDI,Otras entidades del Valle,Contexto,21000000
2026-08-16 13:54:16,procesos,CO1.REQ.10856771,2026-08-14,ALCALDÍA MUNICIPAL DE ROLDANILLO,Otras entidades del Valle,Contexto,40000000
2026-08-16 13:54:16,procesos,CO1.REQ.10854454,2026-08-14,MUNICIPIO DE SEVILLA,Otras entidades del Valle,Contexto,12500000
2026-08-16 13:54:16,procesos,CO1.REQ.10852141,2026-08-13,ALCALDÍA MUNICIPIO DE PALMIRA,Otras entidades del Valle,Contexto,15000000
2026-08-16 13:54:16,procesos,CO1.REQ.10852040,2026-08-13,IPC,Otras entidades del Valle,Contexto,5231958
2026-08-16 13:54:16,procesos,CO1.REQ.10849729,2026-08-13,EMPRESA SOCIAL DEL ESTADO HOSPITAL BENJAMIN BARNEY GASCA,Otras entidades del Valle,Contexto,2120000
2026-08-16 13:54:16,procesos,CO1.REQ.10859834,2026-08-14,ESCUELA DE POLICIA SIMON BOLIVAR,Otras entidades del Valle,Contexto,23026500
2026-08-16 13:54:16,procesos,CO1.REQ.10851926,2026-08-13,UNIVERSIDAD DEL VALLE,Descentralizadas de la Gobernación,Contexto,64667463
2026-08-16 13:54:16,procesos,CO1.REQ.10856534,2026-08-14,CVC,Otras entidades del Valle,Contexto,25132250
2026-08-16 13:54:16,procesos,CO1.REQ.10853265,2026-08-13,ALCALDÍA MUNICIPIO DE PALMIRA,Otras entidades del Valle,Contexto,8100000
2026-08-16 13:54:16,procesos,CO1.REQ.10852323,2026-08-13,ALCALDIA MUNICIPIO DE JAMUNDI,Otras entidades del Valle,Media,7000000
2026-08-16 13:54:16,procesos,CO1.REQ.10850512,2026-08-13,MUNICIPIO DE LA UNION,Otras entidades del Valle,Contexto,14000000
2026-08-16 13:54:16,procesos,CO1.REQ.10841801,2026-08-13,METRO CALI S.A ACUERDO DE REESTRUCTURACION,Descentralizadas de Cali,Contexto,12522000
2026-08-16 13:54:16,procesos,CO1.REQ.10861357,2026-08-14,ALCALDIA DISTRITAL DE BUENAVENTURA-VALLE,Otras entidades del Valle,Contexto,6090390
2026-08-16 13:54:16,procesos,CO1.REQ.10852743,2026-08-13,ALCALDÍA MUNICIPIO DE PALMIRA,Otras entidades del Valle,Contexto,14000000
2026-08-16 13:54:16,procesos,CO1.REQ.10855035,2026-08-14,ALCALDIA MUNICIPIO DE JAMUNDI,Otras entidades del Valle,Contexto,11500000
2026-08-16 13:54:16,procesos,CO1.REQ.10859794,2026-08-14,CVC,Otras entidades del Valle,Contexto,853727946
2026-08-16 13:54:16,procesos,CO1.REQ.10810336,2026-08-13,ALCALDIA DISTRITAL DE BUENAVENTURA-VALLE,Otras entidades del Valle,Contexto,18565750
2026-08-16 13:54:16,procesos,CO1.REQ.10849111,2026-08-13,SISTEMA INTEGRADO DE TRANSPORTE REGIONAL EN EL GRAN VALLE SOCIEDAD POR ACCIONES SIMPLIFICADA,Otras entidades del Valle,Contexto,20000000
2026-08-16 13:54:16,procesos,CO1.REQ.10861631,2026-08-14,MUNICIPIO DE CARTAGO,Otras entidades del Valle,Contexto,29500000
2026-08-16 13:54:16,procesos,CO1.REQ.10854293,2026-08-14,INSTITUTO COLOMBIANO DE BALLET CLÁSICO INCOLBALLET,Otras entidades del Valle,Contexto,12000000
2026-08-16 13:54:16,procesos,CO1.REQ.10850209,2026-08-13,EMPRESA SOCIAL DEL ESTADO HOSPITAL BENJAMIN BARNEY GASCA,Otras entidades del Valle,Contexto,2240000
2026-08-16 13:54:16,procesos,CO1.REQ.10855784,2026-08-14,RED DE SALUD DEL NORTE EMPRESA SOCIAL DEL ESTADO,Descentralizadas de Cali,Contexto,2644750
2026-08-16 13:54:16,procesos,CO1.REQ.10859539,2026-08-14,MUNICIPIO DE CALIMA EL DARIEN VALLE,Otras entidades del Valle,Contexto,10000000
2026-08-16 13:54:16,procesos,CO1.REQ.10840781,2026-08-14,MUNICIPIO DE YUMBO VALLE,Otras entidades del Valle,Contexto,10000000
2026-08-16 13:54:16,procesos,CO1.REQ.10849549,2026-08-13,ALCALDIA MUNICIPIO DE JAMUNDI,Otras entidades del Valle,Contexto,11500000
2026-08-16 13:54:16,procesos,CO1.REQ.10853002,2026-08-13,REGIONAL DE ASEGURAMIENTO EN SALUD No. 4,Otras entidades del Valle,Contexto,13233924
2026-08-16 13:54:16,procesos,CO1.REQ.10852355,2026-08-13,MUNICIPIO DE LA UNION,Otras entidades del Valle,Contexto,15243500
2026-08-16 13:54:16,procesos,CO1.REQ.10848180,2026-08-13,MUNICIPIO DE FLORIDA,Otras entidades del Valle,Contexto,8000000
2026-08-16 13:54:16,procesos,CO1.REQ.10850750,2026-08-13,MUNICIPIO DE LA UNION,Otras entidades del Valle,Contexto,7387461
2026-08-16 13:54:16,procesos,CO1.REQ.10861450,2026-08-14,MUNICIPIO DE SAN JUAN BAUTISTA DE GUACARI2,Otras entidades del Valle,Contexto,434189324
2026-08-16 13:54:16,procesos,CO1.REQ.10857372,2026-08-14,ALCALDIA DISTRITAL DE BUENAVENTURA-VALLE,Otras entidades del Valle,Contexto,18565750
2026-08-16 13:54:16,procesos,CO1.REQ.10850610,2026-08-13,EMPRESA SOCIAL DEL ESTADO HOSPITAL BENJAMIN BARNEY GASCA,Otras entidades del Valle,Contexto,2240000
2026-08-16 13:54:16,procesos,CO1.REQ.10860332,2026-08-14,MUNICIPIO DE CALIMA EL DARIEN VALLE,Otras entidades del Valle,Contexto,12000000
2026-08-16 13:54:16,procesos,CO1.REQ.10850381,2026-08-13,MUNICIPIO DE FLORIDA,Otras entidades del Valle,Contexto,10500000
2026-08-16 13:54:16,procesos,CO1.REQ.10835899,2026-08-13,ALCALDIA DISTRITAL DE BUENAVENTURA-VALLE,Otras entidades del Valle,Contexto,21218000
2026-08-16 13:54:16,procesos,CO1.REQ.10848646,2026-08-13,ALCALDIA MUNICIPIO DE JAMUNDI,Otras entidades del Valle,Contexto,13800000
2026-08-16 13:54:16,procesos,CO1.REQ.10853768,2026-08-14,ALCALDIA DISTRITAL DE BUENAVENTURA-VALLE,Otras entidades del Valle,Contexto,6365400
2026-08-16 13:54:16,procesos,CO1.REQ.10860108,2026-08-14,MUNICIPIO DE LA UNION,Otras entidades del Valle,Contexto,7387461
2026-08-16 13:54:16,procesos,CO1.REQ.10858814,2026-08-14,MUNICIPIO DE BUGALAGRANDE,Otras entidades del Valle,Contexto,16800000
2026-08-16 13:54:16,procesos,CO1.REQ.10860619,2026-08-14,INSTITUCION EDUCATIVA ELEAZAR LIBREROS SALAMANCA,Otras entidades del Valle,Contexto,8960000
2026-08-16 13:54:16,procesos,CO1.REQ.10857037,2026-08-14,ALCALDÍA MUNICIPAL DE ROLDANILLO,Otras entidades del Valle,Contexto,12500000
2026-08-16 13:54:16,procesos,CO1.REQ.10852206,2026-08-13,BENEFICENCIA DEL VALLE DEL CAUCA E.I.C.E,Descentralizadas de la Gobernación,Contexto,14000000
2026-08-16 13:54:16,procesos,CO1.REQ.10857648,2026-08-14,MUNICIPIO DE CARTAGO,Otras entidades del Valle,Contexto,18000000
2026-08-16 13:54:16,procesos,CO1.REQ.10841961,2026-08-14,MUNICIPIO DE YUMBO VALLE,Otras entidades del Valle,Contexto,16400000
2026-08-16 13:54:16,procesos,CO1.REQ.10851815,2026-08-13,HOSPITAL HENRY VALENCIA OROZCO EMPRESA SOCIAL DEL ESTADO,Otras entidades del Valle,Contexto,337600
2026-08-16 13:54:16,procesos,CO1.REQ.10855030,2026-08-14,MUNICIPIO DE YUMBO VALLE,Otras entidades del Valle,Contexto,8000000
2026-08-16 13:54:16,procesos,CO1.REQ.10857347,2026-08-14,HOSPITAL HENRY VALENCIA OROZCO EMPRESA SOCIAL DEL ESTADO,Otras entidades del Valle,Contexto,1680000
2026-08-16 13:54:16,procesos,CO1.REQ.10857468,2026-08-14,ALCALDIA MUNICIPIO DE JAMUNDI,Otras entidades del Valle,Contexto,25000000
2026-08-16 13:54:16,procesos,CO1.REQ.10861644,2026-08-14,MUNICIPIO DE YUMBO VALLE,Otras entidades del Valle,Contexto,8000000
2026-08-16 13:54:16,procesos,CO1.REQ.10857300,2026-08-14,ALCALDIA DISTRITAL DE BUENAVENTURA-VALLE,Otras entidades del Valle,Contexto,18565750
2026-08-16 13:54:16,procesos,CO1.REQ.10847990,2026-08-13,FISCALÍA GENERAL DE LA NACIÓN REGIONAL PACÍFICO,Otras entidades del Valle,Contexto,57000000
2026-08-16 13:54:16,procesos,CO1.REQ.10838947,2026-08-13,ALCALDIA MUNICIPAL DE YOTOCO,Otras entidades del Valle,Contexto,12710000
2026-08-16 13:54:16,procesos,CO1.REQ.10852546,2026-08-13,ALCALDIA MUNICIPIO DE JAMUNDI,Otras entidades del Valle,Contexto,11500000
2026-08-16 13:54:16,procesos,CO1.REQ.10810419,2026-08-13,ALCALDIA DISTRITAL DE BUENAVENTURA-VALLE,Otras entidades del Valle,Contexto,20157100
2026-08-16 13:54:16,procesos,CO1.REQ.10846641,2026-08-13,ESE CENTRO,Otras entidades del Valle,Contexto,62000000
2026-08-16 13:54:16,procesos,CO1.REQ.10857746,2026-08-14,IPS DEL MUNICIPIO DE CARTAGO E.S.E.,Otras entidades del Valle,Contexto,22500000
2026-08-16 13:54:16,procesos,CO1.REQ.10857090,2026-08-14,ALCALDIA DISTRITAL DE BUENAVENTURA-VALLE,Otras entidades del Valle,Contexto,18565750
2026-08-16 13:54:16,procesos,CO1.REQ.10810913,2026-08-13,ALCALDIA DISTRITAL DE BUENAVENTURA-VALLE,Otras entidades del Valle,Contexto,20157100
2026-08-16 13:54:16,procesos,CO1.REQ.10848095,2026-08-13,CVC,Otras entidades del Valle,Contexto,30000000
2026-08-16 13:54:16,procesos,CO1.REQ.10856359,2026-08-14,HOSPITAL RAUL OREJUELA BUENO,Otras entidades del Valle,Contexto,6700000
2026-08-16 13:54:16,procesos,CO1.REQ.10855819,2026-08-14,ESE CENTRO,Otras entidades del Valle,Contexto,5282322
2026-08-16 13:54:16,procesos,CO1.REQ.10860919,2026-08-14,MUNICIPIO DE LA UNION,Otras entidades del Valle,Contexto,18262435
2026-08-16 13:54:16,procesos,CO1.REQ.10861199,2026-08-14,Secretaria de Desarrollo Agropecuario y Medio Ambiente - Alcaldía de Tuluá,Otras entidades del Valle,Contexto,9999000
2026-08-16 13:54:16,procesos,CO1.REQ.10848960,2026-08-13,EMPRESA SOCIAL DEL ESTADO HOSPITAL BENJAMIN BARNEY GASCA,Otras entidades del Valle,Contexto,3850000
2026-08-16 13:54:16,procesos,CO1.REQ.10857502,2026-08-14,ALCALDIA MUNICIPIO DE JAMUNDI,Otras entidades del Valle,Contexto,15000000
2026-08-16 13:54:16,procesos,CO1.REQ.10855962,2026-08-14,HOSPITAL RAUL OREJUELA BUENO,Otras entidades del Valle,Contexto,5000000
2026-08-16 13:54:16,procesos,CO1.REQ.10849152,2026-08-13,MUNICIPIO DE SAN JUAN BAUTISTA DE GUACARI2,Otras entidades del Valle,Contexto,10335000
2026-08-16 13:54:16,procesos,CO1.REQ.10854959,2026-08-14,ALCALDIA DE ALCALA,Otras entidades del Valle,Contexto,12000000
2026-08-16 13:54:16,procesos,CO1.REQ.10848875,2026-08-13,INSTITUTO COLOMBIANO DE BALLET CLÁSICO INCOLBALLET,Otras entidades del Valle,Contexto,2500000
2026-08-16 13:54:16,procesos,CO1.REQ.10849443,2026-08-13,ARMADA NACIONAL BASE NAVAL ARC MALAGA,Otras entidades del Valle,Contexto,57265700
2026-08-16 13:54:16,procesos,CO1.REQ.10849230,2026-08-13,MUNICIPIO DE SAN JUAN BAUTISTA DE GUACARI2,Otras entidades del Valle,Contexto,10335000
2026-08-16 13:54:16,procesos,CO1.REQ.10849763,2026-08-13,EMPRESA SOCIAL DEL ESTADO HOSPITAL BENJAMIN BARNEY GASCA,Otras entidades del Valle,Contexto,3050000
2026-08-16 13:54:16,procesos,CO1.REQ.10855933,2026-08-14,ESE CENTRO,Otras entidades del Valle,Contexto,1416281
2026-08-16 13:54:16,procesos,CO1.REQ.10855335,2026-08-14,INSTITUTO COLOMBIANO DE BALLET CLÁSICO INCOLBALLET,Otras entidades del Valle,Contexto,10500000
2026-08-16 13:54:16,procesos,CO1.REQ.10830866,2026-08-13,ALCALDIA MUNICIPAL DE YOTOCO,Otras entidades del Valle,Contexto,9600000
2026-08-16 13:54:16,procesos,CO1.REQ.10857595,2026-08-14,ALCALDIA DISTRITAL DE BUENAVENTURA-VALLE,Otras entidades del Valle,Contexto,10609000
2026-08-16 13:54:16,procesos,CO1.REQ.10858687,2026-08-14,ALCALDIA MUNICIPIO DE JAMUNDI,Otras entidades del Valle,Contexto,25000000
2026-08-16 13:54:16,procesos,CO1.REQ.10847168,2026-08-13,INSTITUTO COLOMBIANO DE BALLET CLÁSICO INCOLBALLET,Otras entidades del Valle,Contexto,5000000
2026-08-16 13:54:16,procesos,CO1.REQ.10859569,2026-08-14,INSTITUTO MUNICIPAL DEL DEPORTE Y LA RECREACION DE YUMBO,Otras entidades del Valle,Contexto,8800000
2026-08-16 13:54:16,procesos,CO1.REQ.10852368,2026-08-13,ALCALDIA MUNICIPIO DE JAMUNDI,Otras entidades del Valle,Contexto,27000000
2026-08-16 13:54:16,procesos,CO1.REQ.10856290,2026-08-14,HOSPITAL HENRY VALENCIA OROZCO EMPRESA SOCIAL DEL ESTADO,Otras entidades del Valle,Contexto,2940000
2026-08-16 13:54:16,procesos,CO1.REQ.10852723,2026-08-13,ALCALDÍA MUNICIPIO DE PALMIRA,Otras entidades del Valle,Contexto,28000000
2026-08-16 13:54:16,procesos,CO1.REQ.10862427,2026-08-14,MUNICIPIO DE YUMBO VALLE,Otras entidades del Valle,Contexto,8000000
2026-08-16 13:54:16,procesos,CO1.REQ.10858671,2026-08-14,HIDC,Otras entidades del Valle,Contexto,28758540
2026-08-16 13:54:16,procesos,CO1.REQ.10824228,2026-08-14,METRO CALI S.A ACUERDO DE REESTRUCTURACION,Descentralizadas de Cali,Contexto,42630238
2026-08-16 13:54:16,procesos,CO1.REQ.10858377,2026-08-14,COMPRADOR - EMPRESA CARTAGUEÑA DE DESARROLLO - EMCADE,Otras entidades del Valle,Contexto,91300179
2026-08-16 13:54:16,procesos,CO1.REQ.10849061,2026-08-13,ALCALDIA MUNICIPAL DE ANDALUCIA VALLE DEL CAUCA,Otras entidades del Valle,Contexto,11458330
2026-08-16 13:54:16,procesos,CO1.REQ.10822218,2026-08-13,INSTITUTO MUNICIPAL DE DEPORTE Y  RECREACION DE JAMUNDI IMDERE,Otras entidades del Valle,Contexto,187000000
2026-08-16 13:54:16,procesos,CO1.REQ.10852159,2026-08-14,ALCALDIA DISTRITAL DE BUENAVENTURA-VALLE,Otras entidades del Valle,Contexto,10609000
2026-08-16 13:54:16,procesos,CO1.REQ.10858354,2026-08-14,ALCALDIA DISTRITAL DE BUENAVENTURA-VALLE,Otras entidades del Valle,Contexto,10609000
2026-08-16 13:54:16,procesos,CO1.REQ.10854288,2026-08-14,ALCALDIA MUNICIPIO DE JAMUNDI,Otras entidades del Valle,Contexto,11500000
2026-08-16 13:54:16,procesos,CO1.REQ.10856210,2026-08-14,ALCALDIA MUNICIPIO DE JAMUNDI,Otras entidades del Valle,Contexto,27500000
2026-08-16 13:54:16,procesos,CO1.REQ.10851846,2026-08-13,ALCALDIA MUNICIPIO DE JAMUNDI,Otras entidades del Valle,Contexto,19000000
2026-08-16 13:54:16,procesos,CO1.REQ.10706172,2026-08-14,Empresa Social del Estado Hospital Ruben Cruz Vélez,Otras entidades del Valle,Contexto,40000000
2026-08-16 13:54:16,procesos,CO1.REQ.10855265,2026-08-14,INSTITUTO COLOMBIANO DE BALLET CLÁSICO INCOLBALLET,Otras entidades del Valle,Contexto,7500000
2026-08-16 13:54:16,procesos,CO1.REQ.10857684,2026-08-14,HOSPITAL KENNEDY ESE,Otras entidades del Valle,Contexto,22800000
2026-08-16 13:54:16,procesos,CO1.REQ.10846831,2026-08-14,ALCALDIA DISTRITAL DE BUENAVENTURA-VALLE,Otras entidades del Valle,Contexto,10609000
2026-08-16 13:54:16,procesos,CO1.REQ.10850638,2026-08-13,ALCALDIA MUNICIPAL DE ANDALUCIA VALLE DEL CAUCA,Otras entidades del Valle,Contexto,9600000
2026-08-16 13:54:16,procesos,CO1.REQ.10859809,2026-08-14,UNIDAD CENTRAL DEL VALLE DEL CAUCA,Otras entidades del Valle,Contexto,267120168
2026-08-16 13:54:16,procesos,CO1.REQ.10851557,2026-08-13,Secretaría de Bienestar Social - Alcaldía de Tuluá,Otras entidades del Valle,Contexto,15880000
2026-08-16 13:54:16,procesos,CO1.REQ.10857229,2026-08-14,ALCALDIA DISTRITAL DE BUENAVENTURA-VALLE,Otras entidades del Valle,Contexto,10609000
2026-08-16 13:54:16,procesos,CO1.REQ.10859131,2026-08-14,MUNICIPIO DE LA UNION,Otras entidades del Valle,Contexto,11950000
2026-08-16 13:54:16,procesos,CO1.REQ.10849167,2026-08-13,COMPRADOR - EMPRESA CARTAGUEÑA DE DESARROLLO - EMCADE,Otras entidades del Valle,Contexto,70539250
2026-08-16 13:54:16,procesos,CO1.REQ.10848386,2026-08-13,ALCALDIA MUNICIPIO DE JAMUNDI,Otras entidades del Valle,Contexto,20000000
2026-08-16 13:54:16,procesos,CO1.REQ.10853742,2026-08-13,Institucion Educativa Tecnica Gabriel Garcia Marquez,Otras entidades del Valle,Contexto,31810400
2026-08-16 13:54:16,procesos,CO1.REQ.10859693,2026-08-14,MUNICIPIO DE YUMBO VALLE,Otras entidades del Valle,Contexto,16400000
2026-08-16 13:54:16,procesos,CO1.REQ.10855974,2026-08-14,MUNICIPIO DE PRADERA,Otras entidades del Valle,Contexto,20124000
2026-08-16 13:54:16,procesos,CO1.REQ.10841942,2026-08-14,MUNICIPIO DE YUMBO VALLE,Otras entidades del Valle,Contexto,16400000
2026-08-16 13:54:16,procesos,CO1.REQ.10854779,2026-08-14,INSTITUTO COLOMBIANO DE BALLET CLÁSICO INCOLBALLET,Otras entidades del Valle,Contexto,10500000
2026-08-16 13:54:16,procesos,CO1.REQ.10854006,2026-08-14,CVC,Otras entidades del Valle,Contexto,31891520
2026-08-16 13:54:16,procesos,CO1.REQ.10859626,2026-08-14,ALCALDIA MUNICIPIO DE JAMUNDI,Otras entidades del Valle,Contexto,25000000
2026-08-16 13:54:16,procesos,CO1.REQ.10849104,2026-08-13,ESE HOSPITAL PILOTO JAMUNDI,Otras entidades del Valle,Contexto,169651926
2026-08-16 13:54:16,procesos,CO1.REQ.10853755,2026-08-13,Institucion Educativa Tecnica Gabriel Garcia Marquez,Otras entidades del Valle,Contexto,3850000
2026-08-16 13:54:16,procesos,CO1.REQ.10852193,2026-08-14,ALCALDIA DISTRITAL DE BUENAVENTURA-VALLE,Otras entidades del Valle,Contexto,18565750
2026-08-16 13:54:16,procesos,CO1.REQ.10852460,2026-08-13,ALCALDÍA MUNICIPIO DE PALMIRA,Otras entidades del Valle,Contexto,28000000
2026-08-16 13:54:16,procesos,CO1.REQ.10857757,2026-08-14,UNIAJC,Otras entidades del Valle,Contexto,739416045
2026-08-16 13:54:16,procesos,CO1.REQ.10858591,2026-08-14,HIDC,Otras entidades del Valle,Contexto,85000000
2026-08-16 13:54:16,procesos,CO1.REQ.10852689,2026-08-13,MUNICIPIO DE CARTAGO,Otras entidades del Valle,Contexto,22500000
2026-08-16 13:54:16,procesos,CO1.REQ.10859066,2026-08-14,INSTITUCION EDUCATIVA GIMNASIO DEL PACIFICO,Otras entidades del Valle,Contexto,4850000
2026-08-16 13:54:16,procesos,CO1.REQ.10854753,2026-08-14,INSTITUCION EDUCATIVA DOMINGO IRURITA,Otras entidades del Valle,Contexto,9000000
2026-08-16 13:54:16,procesos,CO1.REQ.10862307,2026-08-14,MUNICIPIO DE YUMBO VALLE,Otras entidades del Valle,Contexto,8000000
2026-08-16 13:54:16,procesos,CO1.REQ.10850040,2026-08-13,CVC,Otras entidades del Valle,Contexto,28600000
2026-08-16 13:54:16,procesos,CO1.REQ.10852098,2026-08-13,HOSPITAL HENRY VALENCIA OROZCO EMPRESA SOCIAL DEL ESTADO,Otras entidades del Valle,Contexto,2520000
2026-08-16 13:54:16,procesos,CO1.REQ.10852444,2026-08-14,ALCALDIA DISTRITAL DE BUENAVENTURA-VALLE,Otras entidades del Valle,Contexto,26522500
2026-08-16 13:54:16,procesos,CO1.REQ.10849750,2026-08-13,ARMADA NACIONAL BASE NAVAL ARC MALAGA,Otras entidades del Valle,Contexto,299856472
2026-08-16 13:54:16,procesos,CO1.REQ.10855316,2026-08-14,ALCALDIA DE ALCALA,Otras entidades del Valle,Contexto,14000000
2026-08-16 13:54:16,procesos,CO1.REQ.10854957,2026-08-14,MUNICIPIO DE FLORIDA,Otras entidades del Valle,Contexto,15000000
2026-08-16 13:54:16,procesos,CO1.REQ.10848868,2026-08-13,INSTITUCION EDUCATIVA SAN VICENTE.,Otras entidades del Valle,Contexto,21453024
2026-08-16 13:54:16,procesos,CO1.REQ.10862059,2026-08-14,MUNICIPIO DE YUMBO VALLE,Otras entidades del Valle,Contexto,8000000
2026-08-16 13:54:16,procesos,CO1.REQ.10855236,2026-08-14,CENTRO DE DIAGNOSTICO AUTOMOTOR DEL VALLE LIMITADA,Otras entidades del Valle,Contexto,11400976
2026-08-16 13:54:16,procesos,CO1.REQ.10848892,2026-08-13,INSTITUTO MUNICIPAL DEL DEPORTE Y LA RECREACION DE YUMBO,Otras entidades del Valle,Contexto,10400000
2026-08-16 13:54:16,procesos,CO1.REQ.10848974,2026-08-13,MUNICIPIO DE FLORIDA,Otras entidades del Valle,Contexto,10500000
2026-08-16 13:54:16,procesos,CO1.REQ.10855019,2026-08-14,MUNICIPIO DE FLORIDA,Otras entidades del Valle,Contexto,10000000
2026-08-16 13:54:16,procesos,CO1.REQ.10857123,2026-08-14,ALCALDIA MUNICIPAL DE YOTOCO,Otras entidades del Valle,Contexto,212227610
2026-08-16 13:54:16,procesos,CO1.REQ.10851368,2026-08-13,MUNICIPIO DE CARTAGO,Otras entidades del Valle,Contexto,15750000
2026-08-16 13:54:16,procesos,CO1.REQ.10851868,2026-08-13,ALCALDÍA MUNICIPIO DE PALMIRA,Otras entidades del Valle,Contexto,10000000
2026-08-16 13:54:16,procesos,CO1.REQ.10851229,2026-08-13,CVC,Otras entidades del Valle,Contexto,28600000
2026-08-16 13:54:16,procesos,CO1.REQ.10851463,2026-08-14,MUNICIPIO DE SEVILLA,Otras entidades del Valle,Contexto,16000000
2026-08-16 13:54:16,procesos,CO1.REQ.10851227,2026-08-13,MUNICIPIO DE BUGALAGRANDE,Otras entidades del Valle,Contexto,12155000
2026-08-16 13:54:16,procesos,CO1.REQ.10856932,2026-08-14,HOSPITAL HENRY VALENCIA OROZCO EMPRESA SOCIAL DEL ESTADO,Otras entidades del Valle,Contexto,840000
2026-08-16 13:54:16,procesos,CO1.REQ.10848060,2026-08-14,UNIAJC,Otras entidades del Valle,Media,48780074
2026-08-16 13:54:16,procesos,CO1.REQ.10861489,2026-08-14,ALCALDIA MUNICIPIO DE JAMUNDI,Otras entidades del Valle,Contexto,20000000
2026-08-16 13:54:16,procesos,CO1.REQ.10856219,2026-08-14,ESE CENTRO,Otras entidades del Valle,Contexto,11092576
2026-08-16 13:54:16,procesos,CO1.REQ.10854228,2026-08-14,ALCALDIA MUNICIPIO DE JAMUNDI,Otras entidades del Valle,Contexto,24000000
2026-08-16 13:54:16,procesos,CO1.REQ.10810246,2026-08-13,ALCALDIA DISTRITAL DE BUENAVENTURA-VALLE,Otras entidades del Valle,Contexto,10609000
2026-08-16 13:54:16,procesos,CO1.REQ.10857180,2026-08-14,CVC,Otras entidades del Valle,Contexto,30000000
2026-08-16 13:54:16,procesos,CO1.REQ.10857639,2026-08-14,ALCALDIA DISTRITAL DE BUENAVENTURA-VALLE,Otras entidades del Valle,Contexto,18565750
2026-08-16 13:54:16,procesos,CO1.REQ.10857075,2026-08-14,ALCALDIA DISTRITAL DE BUENAVENTURA-VALLE,Otras entidades del Valle,Contexto,10609000
2026-08-16 13:54:16,procesos,CO1.REQ.10852014,2026-08-14,SENA REGIONAL VALLE Grupo de Apoyo Administrativo Mixto,Otras entidades del Valle,Contexto,0
2026-08-16 13:54:16,procesos,CO1.REQ.10861216,2026-08-14,Secretaria de Desarrollo Agropecuario y Medio Ambiente - Alcaldía de Tuluá,Otras entidades del Valle,Contexto,15525000
2026-08-16 13:54:16,procesos,CO1.REQ.10855407,2026-08-14,INSTITUTO COLOMBIANO DE BALLET CLÁSICO INCOLBALLET,Otras entidades del Valle,Contexto,6000000
2026-08-16 13:54:16,procesos,CO1.REQ.10861092,2026-08-14,MUNICIPIO DE YUMBO VALLE,Otras entidades del Valle,Contexto,8000000
2026-08-16 13:54:16,procesos,CO1.REQ.10860643,2026-08-14,INSTITUTO MUNICIPAL DEL DEPORTE Y LA RECREACION DE YUMBO,Otras entidades del Valle,Contexto,8800000
2026-08-16 13:54:16,procesos,CO1.REQ.10860818,2026-08-14,MUNICIPIO DE CALIMA EL DARIEN VALLE,Otras entidades del Valle,Contexto,8800000
2026-08-16 13:54:16,procesos,CO1.REQ.10855959,2026-08-14,ESE CENTRO,Otras entidades del Valle,Contexto,43363832
2026-08-16 13:54:16,procesos,CO1.REQ.10849458,2026-08-13,EMPRESA SOCIAL DEL ESTADO HOSPITAL BENJAMIN BARNEY GASCA,Otras entidades del Valle,Contexto,2120000
2026-08-16 13:54:16,procesos,CO1.REQ.10852824,2026-08-13,ALCALDIA MUNICIPIO DE JAMUNDI,Otras entidades del Valle,Contexto,32500000
2026-08-16 13:54:16,procesos,CO1.REQ.10856059,2026-08-14,ALCALDIA MUNICIPIO DE JAMUNDI,Otras entidades del Valle,Contexto,20000000
2026-08-16 13:54:16,procesos,CO1.REQ.10856770,2026-08-14,HOSPITAL KENNEDY ESE,Otras entidades del Valle,Contexto,296967229
2026-08-16 13:54:16,procesos,CO1.REQ.10854940,2026-08-14,HOSPITAL RAUL OREJUELA BUENO,Otras entidades del Valle,Contexto,7000000
2026-08-16 13:54:16,procesos,CO1.REQ.10849484,2026-08-13,CVC,Otras entidades del Valle,Contexto,28600000
2026-08-16 13:54:16,procesos,CO1.REQ.10861235,2026-08-14,BENEFICENCIA DEL VALLE DEL CAUCA E.I.C.E,Descentralizadas de la Gobernación,Contexto,17500000
2026-08-16 13:54:16,procesos,CO1.REQ.10850518,2026-08-13,MUNICIPIO DE SAN JUAN BAUTISTA DE GUACARI2,Otras entidades del Valle,Contexto,11660000
2026-08-16 13:54:16,procesos,CO1.REQ.10861090,2026-08-14,MUNICIPIO DE LA UNION,Otras entidades del Valle,Contexto,8138538
2026-08-16 13:54:16,procesos,CO1.REQ.10852651,2026-08-13,INSTITUCION EDUCATIVA CENTRAL DE BACHILLERATO INTEGRADO,Otras entidades del Valle,Contexto,22080000
2026-08-16 13:54:16,procesos,CO1.REQ.10854355,2026-08-14,INSTITUTO COLOMBIANO DE BALLET CLÁSICO INCOLBALLET,Otras entidades del Valle,Contexto,13500000
2026-08-16 13:54:16,procesos,CO1.REQ.10858578,2026-08-14,MUNICIPIO DE BUGALAGRANDE,Otras entidades del Valle,Contexto,13000000
2026-08-16 13:54:16,procesos,CO1.REQ.10859863,2026-08-14,CENTRO DE DIAGNOSTICO AUTOMOTOR DE PALMIRA LIMITADA,Otras entidades del Valle,Contexto,24696245
2026-08-16 13:54:16,procesos,CO1.REQ.10768061,2026-08-14,Empresa Social del Estado Hospital Ruben Cruz Vélez,Otras entidades del Valle,Contexto,69300000
2026-08-16 13:54:16,procesos,CO1.REQ.10848869,2026-08-13,INSTITUTO COLOMBIANO DE BALLET CLÁSICO INCOLBALLET,Otras entidades del Valle,Contexto,5000000
2026-08-16 13:54:16,procesos,CO1.REQ.10849746,2026-08-13,Departamento Administrativo de Planeación - Alcaldía de Tuluá,Otras entidades del Valle,Contexto,15880000
2026-08-16 13:54:16,procesos,CO1.REQ.10857245,2026-08-14,ALCALDIA MUNICIPIO DE JAMUNDI,Otras entidades del Valle,Contexto,19000000
2026-08-16 13:54:16,procesos,CO1.REQ.10856405,2026-08-14,MUNICIPIO DE BUGALAGRANDE,Otras entidades del Valle,Contexto,14994000
2026-08-16 13:54:16,procesos,CO1.REQ.10860282,2026-08-14,MUNICIPIO DE CALIMA EL DARIEN VALLE,Otras entidades del Valle,Contexto,12600000
2026-08-16 13:54:16,procesos,CO1.REQ.10856116,2026-08-14,Departamento Administrativo de Movilidad y Seguridad Vial - Alcaldía de Tuluá,Otras entidades del Valle,Contexto,15880000
2026-08-16 13:54:16,procesos,CO1.REQ.10789350,2026-08-14,INSTITUTO MUNICIPAL DE DEPORTE Y  RECREACION DE JAMUNDI IMDERE,Otras entidades del Valle,Contexto,12500000
2026-08-16 13:54:16,procesos,CO1.REQ.10852013,2026-08-13,ALCALDÍA MUNICIPIO DE PALMIRA,Otras entidades del Valle,Contexto,8100000
2026-08-16 13:54:16,procesos,CO1.REQ.10861110,2026-08-14,INSTITUCION EDUCATIVA ELEAZAR LIBREROS SALAMANCA,Otras entidades del Valle,Contexto,14000000
2026-08-16 13:54:16,procesos,CO1.REQ.10856984,2026-08-14,HOSPITAL HENRY VALENCIA OROZCO EMPRESA SOCIAL DEL ESTADO,Otras entidades del Valle,Contexto,1925000
2026-08-16 13:54:16,procesos,CO1.REQ.10857634,2026-08-14,HOSPITAL HENRY VALENCIA OROZCO EMPRESA SOCIAL DEL ESTADO,Otras entidades del Valle,Contexto,876000
2026-08-16 13:54:16,procesos,CO1.REQ.10853922,2026-08-14,CVC,Otras entidades del Valle,Contexto,218494546
2026-08-16 13:54:16,procesos,CO1.REQ.10849234,2026-08-13,SISTEMA INTEGRADO DE TRANSPORTE REGIONAL EN EL GRAN VALLE SOCIEDAD POR ACCIONES SIMPLIFICADA,Otras entidades del Valle,Contexto,15400000
2026-08-16 13:54:16,procesos,CO1.REQ.10817290,2026-08-13,ALCALDIA DISTRITAL DE BUENAVENTURA-VALLE,Otras entidades del Valle,Contexto,18565750
2026-08-16 13:54:16,procesos,CO1.REQ.10856124,2026-08-14,RED DE SALUD DEL NORTE EMPRESA SOCIAL DEL ESTADO,Descentralizadas de Cali,Contexto,41800261
2026-08-16 13:54:16,procesos,CO1.REQ.10859633,2026-08-14,MUNICIPIO DE LA UNION,Otras entidades del Valle,Contexto,8138538
2026-08-16 13:54:16,procesos,CO1.REQ.10849032,2026-08-13,EMPRESA SOCIAL DEL ESTADO HOSPITAL BENJAMIN BARNEY GASCA,Otras entidades del Valle,Contexto,2120000
2026-08-16 13:54:16,procesos,CO1.REQ.10854510,2026-08-14,POLICIA METROPOLITANA SANTIAGO DE CALI,Otras entidades del Valle,Contexto,0
2026-08-16 13:54:16,procesos,CO1.REQ.10854383,2026-08-14,MUNICIPIO DE CARTAGO,Otras entidades del Valle,Contexto,15750000
2026-08-16 13:54:16,procesos,CO1.REQ.10856324,2026-08-14,HOSPITAL RAUL OREJUELA BUENO,Otras entidades del Valle,Contexto,12500000
2026-08-16 13:54:16,procesos,CO1.REQ.10857769,2026-08-14,ALCALDIA DISTRITAL DE BUENAVENTURA-VALLE,Otras entidades del Valle,Contexto,12624710
2026-08-16 13:54:16,procesos,CO1.REQ.10843862,2026-08-13,ALCALDIA MUNICIPAL DE RESTREPO VALLE DEL CAUCA,Otras entidades del Valle,Contexto,22500000
2026-08-16 13:54:16,procesos,CO1.REQ.10852524,2026-08-14,CVC,Otras entidades del Valle,Contexto,25000000
2026-08-16 13:54:16,procesos,CO1.REQ.10855251,2026-08-14,CVC,Otras entidades del Valle,Media,39526600
2026-08-16 13:54:16,procesos,CO1.REQ.10848865,2026-08-13,INSTITUTO COLOMBIANO DE BALLET CLÁSICO INCOLBALLET,Otras entidades del Valle,Contexto,3500000
2026-08-16 13:54:16,procesos,CO1.REQ.10857376,2026-08-14,MUNICIPIO DE CALIMA EL DARIEN VALLE,Otras entidades del Valle,Contexto,8800000
2026-08-16 13:54:16,procesos,CO1.REQ.10848856,2026-08-13,INSTITUTO COLOMBIANO DE BALLET CLÁSICO INCOLBALLET,Otras entidades del Valle,Contexto,3000000
2026-08-16 13:54:16,procesos,CO1.REQ.10731182,2026-08-14,ALCALDÍA MUNICIPAL DE CANDELARIA VALLE,Otras entidades del Valle,Contexto,99659802
2026-08-16 13:54:16,procesos,CO1.REQ.10861148,2026-08-14,INSTITUCION EDUCATIVA JORGE ELICER GAITAN +,Otras entidades del Valle,Contexto,2000000
2026-08-16 13:54:16,procesos,CO1.REQ.10854872,2026-08-14,INSTITUTO COLOMBIANO DE BALLET CLÁSICO INCOLBALLET,Otras entidades del Valle,Contexto,7500000
2026-08-16 13:54:16,procesos,CO1.REQ.10861280,2026-08-14,Secretaria de Desarrollo Agropecuario y Medio Ambiente - Alcaldía de Tuluá,Otras entidades del Valle,Contexto,9999000
2026-08-16 13:54:16,procesos,CO1.REQ.10855945,2026-08-14,UNIVERSIDAD DEL VALLE,Descentralizadas de la Gobernación,Contexto,5776482
2026-08-16 13:54:16,procesos,CO1.REQ.10858825,2026-08-14,Institución Universitaria de Roldanillo,Otras entidades del Valle,Alta,4601691934
2026-08-16 13:54:16,procesos,CO1.REQ.10860064,2026-08-14,CENACCALI,Otras entidades del Valle,Contexto,199208307
2026-08-16 13:54:16,procesos,CO1.REQ.10854413,2026-08-14,MUNICIPIO DE BUGALAGRANDE,Otras entidades del Valle,Contexto,24255000
2026-08-16 13:54:16,procesos,CO1.REQ.10857481,2026-08-14,ALCALDIA DISTRITAL DE BUENAVENTURA-VALLE,Otras entidades del Valle,Contexto,10609000
2026-08-16 13:54:16,procesos,CO1.REQ.10850632,2026-08-13,MUNICIPIO DE FLORIDA,Otras entidades del Valle,Contexto,6300000
2026-08-16 13:54:16,procesos,CO1.REQ.10848493,2026-08-13,MUNICIPIO DE FLORIDA,Otras entidades del Valle,Contexto,7500000
2026-08-16 13:54:16,procesos,CO1.REQ.10860538,2026-08-14,MUNICIPIO DE YUMBO VALLE,Otras entidades del Valle,Contexto,8800000
2026-08-16 13:54:16,procesos,CO1.REQ.10855748,2026-08-14,UNIVERSIDAD DEL VALLE,Descentralizadas de la Gobernación,Contexto,4400000
2026-08-16 13:54:16,procesos,CO1.REQ.10848613,2026-08-13,ALCALDIA MUNICIPIO DE JAMUNDI,Otras entidades del Valle,Contexto,20000000
2026-08-16 13:54:16,procesos,CO1.REQ.10849149,2026-08-13,INSTITUCION EDUCATIVA SANTA TERESITA DEL NIÑO JESUS,Otras entidades del Valle,Media,8000000
2026-08-16 13:54:16,procesos,CO1.REQ.10836222,2026-08-13,ALCALDIA DISTRITAL DE BUENAVENTURA-VALLE,Otras entidades del Valle,Contexto,18565750
2026-08-16 13:54:16,procesos,CO1.REQ.10851564,2026-08-13,INSTITUCION EDUCATIVA SIXTO MARIA ROJAS,Otras entidades del Valle,Contexto,8092000
2026-08-16 13:54:16,procesos,CO1.REQ.10811115,2026-08-14,CVC,Otras entidades del Valle,Contexto,21000000
2026-08-16 13:54:16,procesos,CO1.REQ.10858165,2026-08-14,MUNICIPIO DE BUGALAGRANDE,Otras entidades del Valle,Contexto,9724000
2026-08-16 13:54:16,procesos,CO1.REQ.10848815,2026-08-13,ALCALDIA MUNICIPIO DE JAMUNDI,Otras entidades del Valle,Contexto,22500000
2026-08-16 13:54:16,procesos,CO1.REQ.10860702,2026-08-14,REGION ADMINISTRATIVA DE PLANIFICACION RAP PACIFICO,Otras entidades del Valle,Media,4000000
2026-08-16 13:54:16,procesos,CO1.REQ.10859039,2026-08-14,MUNICIPIO DE BUGALAGRANDE,Otras entidades del Valle,Contexto,16000000
2026-08-16 13:54:16,procesos,CO1.REQ.10848669,2026-08-13,ALCALDIA MUNICIPIO DE JAMUNDI,Otras entidades del Valle,Contexto,27000000
2026-08-16 13:54:16,procesos,CO1.REQ.10860870,2026-08-14,BENEFICENCIA DEL VALLE DEL CAUCA E.I.C.E,Descentralizadas de la Gobernación,Contexto,30000000
2026-08-16 13:54:16,procesos,CO1.REQ.10853057,2026-08-14,ALCALDIA DISTRITAL DE BUENAVENTURA-VALLE,Otras entidades del Valle,Contexto,13261250
2026-08-16 13:54:16,procesos,CO1.REQ.10852404,2026-08-13,ALCALDÍA MUNICIPIO DE PALMIRA,Otras entidades del Valle,Contexto,14000000
2026-08-16 13:54:16,procesos,CO1.REQ.10831401,2026-08-13,ALCALDIA MUNICIPAL DE YOTOCO,Otras entidades del Valle,Contexto,14730000
2026-08-16 13:54:16,procesos,CO1.REQ.10850768,2026-08-13,CVC,Otras entidades del Valle,Contexto,28600000
2026-08-16 13:54:16,procesos,CO1.REQ.10857722,2026-08-14,ALCALDIA MUNICIPIO DE JAMUNDI,Otras entidades del Valle,Contexto,19000000
2026-08-16 13:54:16,procesos,CO1.REQ.10831272,2026-08-13,ALCALDIA MUNICIPAL DE YOTOCO,Otras entidades del Valle,Contexto,11990000
2026-08-16 13:54:16,procesos,CO1.REQ.10860008,2026-08-14,INSTITUCION EDUCATIVA GIMNASIO DEL PACIFICO,Otras entidades del Valle,Contexto,12000000
2026-08-16 13:54:16,procesos,CO1.REQ.10850424,2026-08-13,ALCALDIA DISTRITAL DE BUENAVENTURA-VALLE,Otras entidades del Valle,Contexto,31561775
2026-08-16 13:54:16,procesos,CO1.REQ.10854854,2026-08-14,INSTITUTO COLOMBIANO DE BALLET CLÁSICO INCOLBALLET,Otras entidades del Valle,Contexto,10500000
2026-08-16 13:54:16,procesos,CO1.REQ.10847138,2026-08-13,INSTITUTO COLOMBIANO DE BALLET CLÁSICO INCOLBALLET,Otras entidades del Valle,Contexto,4500000
2026-08-16 13:54:16,procesos,CO1.REQ.10848966,2026-08-13,EMPRESA SOCIAL DEL ESTADO HOSPITAL BENJAMIN BARNEY GASCA,Otras entidades del Valle,Contexto,2120000
2026-08-16 13:54:16,procesos,CO1.REQ.10861042,2026-08-14,MUNICIPIO DE CALIMA EL DARIEN VALLE,Otras entidades del Valle,Contexto,16800000
2026-08-16 13:54:16,procesos,CO1.REQ.10841558,2026-08-14,MUNICIPIO DE YUMBO VALLE,Otras entidades del Valle,Contexto,8800000
2026-08-16 13:54:16,procesos,CO1.REQ.10849825,2026-08-13,INSTITUCION EDUCATIVA JOSE MARIA VIVAS BALCAZAR,Otras entidades del Valle,Contexto,945000
2026-08-16 13:54:16,procesos,CO1.REQ.10852739,2026-08-13,ALCALDIA MUNICIPIO DE JAMUNDI,Otras entidades del Valle,Contexto,8050000
2026-08-16 13:54:16,procesos,CO1.REQ.10858396,2026-08-14,CVC,Otras entidades del Valle,Contexto,31891520
2026-08-16 13:54:16,procesos,CO1.REQ.10840118,2026-08-14,ALCALDIA MUNICIPAL DE YOTOCO,Otras entidades del Valle,Contexto,9200000
2026-08-16 13:54:16,procesos,CO1.REQ.10848845,2026-08-13,INSTITUTO COLOMBIANO DE BALLET CLÁSICO INCOLBALLET,Otras entidades del Valle,Contexto,7000000
2026-08-16 13:54:16,procesos,CO1.REQ.10861911,2026-08-14,CONCEJO MUNICIPAL DE GUADALAJARA DE BUGA,Otras entidades del Valle,Contexto,14000000
2026-08-16 13:54:16,procesos,CO1.REQ.10858004,2026-08-14,PERSONERIA MUNICIPAL DE JAMUNDI VALLE DEL CAUCA,Otras entidades del Valle,Contexto,25000000
2026-08-16 13:54:16,procesos,CO1.REQ.10849841,2026-08-13,EMPRESA SOCIAL DEL ESTADO HOSPITAL BENJAMIN BARNEY GASCA,Otras entidades del Valle,Contexto,3800000
2026-08-16 13:54:16,procesos,CO1.REQ.10853600,2026-08-14,ALCALDIA MUNICIPIO DE JAMUNDI,Otras entidades del Valle,Contexto,27000000
2026-08-16 13:54:16,procesos,CO1.REQ.10849098,2026-08-13,ALCALDIA MUNICIPAL DE YOTOCO,Otras entidades del Valle,Contexto,13080000
2026-08-16 13:54:16,procesos,CO1.REQ.10861677,2026-08-14,MUNICIPIO DE YUMBO VALLE,Otras entidades del Valle,Contexto,10000000
2026-08-16 13:54:16,procesos,CO1.REQ.10847334,2026-08-13,ALCALDIA MUNICIPAL DE YOTOCO,Otras entidades del Valle,Contexto,11500000
2026-08-16 13:54:16,procesos,CO1.REQ.10834791,2026-08-14,Empresa Social del Estado Hospital Ruben Cruz Vélez,Otras entidades del Valle,Contexto,16500000
2026-08-16 13:54:16,procesos,CO1.REQ.10857979,2026-08-14,MUNICIPIO DE BUGALAGRANDE,Otras entidades del Valle,Media,16800000
2026-08-16 13:54:16,procesos,CO1.REQ.10850587,2026-08-13,COMPRADOR - EMPRESA CARTAGUEÑA DE DESARROLLO - EMCADE,Otras entidades del Valle,Contexto,15600000
2026-08-16 13:54:16,procesos,CO1.REQ.10855728,2026-08-14,RED DE SALUD DEL NORTE EMPRESA SOCIAL DEL ESTADO,Descentralizadas de Cali,Contexto,622608
2026-08-16 13:54:16,procesos,CO1.REQ.10854953,2026-08-14,MUNICIPIO DE YUMBO VALLE,Otras entidades del Valle,Media,16400000
2026-08-16 13:54:16,procesos,CO1.REQ.10850661,2026-08-13,EMPRESA SOCIAL DEL ESTADO HOSPITAL BENJAMIN BARNEY GASCA,Otras entidades del Valle,Contexto,2120000
2026-08-16 13:54:16,procesos,CO1.REQ.10860675,2026-08-14,MUNICIPIO DE YUMBO VALLE,Otras entidades del Valle,Contexto,8800000
2026-08-16 13:54:16,procesos,CO1.REQ.10859409,2026-08-14,INSTITUTO MUNICIPAL DEL DEPORTE Y LA RECREACION DE YUMBO,Otras entidades del Valle,Contexto,16400000
2026-08-16 13:54:16,procesos,CO1.REQ.10862053,2026-08-14,MUNICIPIO DE YUMBO VALLE,Otras entidades del Valle,Contexto,8000000
2026-08-16 13:54:16,procesos,CO1.REQ.10785368,2026-08-13,ALCALDIA MUNICIPAL DE RESTREPO VALLE DEL CAUCA,Otras entidades del Valle,Contexto,11000000
2026-08-16 13:54:16,procesos,CO1.REQ.10861299,2026-08-14,MUNICIPIO DE YUMBO VALLE,Otras entidades del Valle,Contexto,8000000
2026-08-16 13:54:16,procesos,CO1.REQ.10859549,2026-08-14,MUNICIPIO DE BUGALAGRANDE,Otras entidades del Valle,Contexto,9724000
2026-08-16 13:54:16,procesos,CO1.REQ.10848674,2026-08-13,MUNICIPIO DE EL CERRITO.,Otras entidades del Valle,Contexto,32500000
2026-08-16 13:54:16,procesos,CO1.REQ.10854104,2026-08-14,CVC,Otras entidades del Valle,Contexto,35000000
2026-08-16 13:54:16,procesos,CO1.REQ.10856412,2026-08-14,VALLECAUCANA DE AGUAS S.A. E.S.P,Descentralizadas de la Gobernación,Contexto,30000000
2026-08-16 13:54:16,procesos,CO1.REQ.10849125,2026-08-13,SISTEMA INTEGRADO DE TRANSPORTE REGIONAL EN EL GRAN VALLE SOCIEDAD POR ACCIONES SIMPLIFICADA,Otras entidades del Valle,Contexto,15400000
2026-08-16 13:54:16,procesos,CO1.REQ.10851574,2026-08-13,ALCALDIA MUNICIPIO DE JAMUNDI,Otras entidades del Valle,Contexto,27500000
2026-08-16 13:54:16,procesos,CO1.REQ.10859584,2026-08-14,MUNICIPIO DE CALIMA EL DARIEN VALLE,Otras entidades del Valle,Contexto,8800000
2026-08-16 13:54:16,procesos,CO1.REQ.10793496,2026-08-13,ALCALDIA MUNICIPAL DE RESTREPO VALLE DEL CAUCA,Otras entidades del Valle,Contexto,9000000
2026-08-16 13:54:16,procesos,CO1.REQ.10849627,2026-08-13,MUNICIPIO DE LA UNION,Otras entidades del Valle,Contexto,12124820
2026-08-16 13:54:16,procesos,CO1.REQ.10857821,2026-08-14,ALCALDIA DISTRITAL DE BUENAVENTURA-VALLE,Otras entidades del Valle,Contexto,18565750
2026-08-16 13:54:16,procesos,CO1.REQ.10860331,2026-08-14,MUNICIPIO DE YUMBO VALLE,Otras entidades del Valle,Contexto,16400000
2026-08-16 13:54:16,procesos,CO1.REQ.10850159,2026-08-13,COMPRADOR - EMPRESA CARTAGUEÑA DE DESARROLLO - EMCADE,Otras entidades del Valle,Contexto,9600000
2026-08-16 13:54:16,procesos,CO1.REQ.10858545,2026-08-14,MUNICIPIO DE CARTAGO,Otras entidades del Valle,Contexto,24750000
2026-08-16 13:54:16,procesos,CO1.REQ.10841375,2026-08-13,MUNICIPIO DE YUMBO VALLE,Otras entidades del Valle,Contexto,16400000
2026-08-16 13:54:16,procesos,CO1.REQ.10850537,2026-08-13,MUNICIPIO DE SAN JUAN BAUTISTA DE GUACARI2,Otras entidades del Valle,Contexto,8000000
2026-08-16 13:54:16,procesos,CO1.REQ.10855792,2026-08-14,ALCALDIA MUNICIPAL DE YOTOCO,Otras entidades del Valle,Contexto,9244000
2026-08-16 13:54:16,procesos,CO1.REQ.10849527,2026-08-13,CVC,Otras entidades del Valle,Contexto,35080672
2026-08-16 13:54:16,procesos,CO1.REQ.10848889,2026-08-13,ESE HOSPITAL PILOTO JAMUNDI,Otras entidades del Valle,Contexto,5000000
2026-08-16 13:54:16,procesos,CO1.REQ.10849034,2026-08-13,ALCALDIA MUNICIPIO DE JAMUNDI,Otras entidades del Valle,Contexto,15000000
2026-08-16 13:54:16,procesos,CO1.REQ.10850219,2026-08-13,REGION ADMINISTRATIVA DE PLANIFICACION RAP PACIFICO,Otras entidades del Valle,Contexto,9900000
2026-08-16 13:54:16,procesos,CO1.REQ.10859106,2026-08-14,MUNICIPIO DE BUGALAGRANDE,Otras entidades del Valle,Contexto,9724000
2026-08-16 13:54:16,procesos,CO1.REQ.10854055,2026-08-14,ALCALDIA DISTRITAL DE BUENAVENTURA-VALLE,Otras entidades del Valle,Contexto,6090390
2026-08-16 13:54:16,procesos,CO1.REQ.10852125,2026-08-13,Secretaria Municipal del Deporte y Recreación - Alcaldia de Tuluá,Otras entidades del Valle,Contexto,54010000
2026-08-16 13:54:16,procesos,CO1.REQ.10857150,2026-08-14,CVC,Otras entidades del Valle,Contexto,14267305
2026-08-16 13:54:16,procesos,CO1.REQ.10857812,2026-08-14,ALCALDIA DISTRITAL DE BUENAVENTURA-VALLE,Otras entidades del Valle,Contexto,18565750
2026-08-16 13:54:16,procesos,CO1.REQ.10850124,2026-08-13,MUNICIPIO DE LA UNION,Otras entidades del Valle,Contexto,12124820
2026-08-16 13:54:16,procesos,CO1.REQ.10848268,2026-08-13,HOSPITAL MUNICIPAL LUIS ABLANQUE DE LA PLATA EMPRESA SOCIAL DEL ESTADO,Otras entidades del Valle,Contexto,27500000
2026-08-16 13:54:16,procesos,CO1.REQ.10859300,2026-08-14,MUNICIPIO DE EL CERRITO.,Otras entidades del Valle,Contexto,10830000
2026-08-16 13:54:16,procesos,CO1.REQ.10852241,2026-08-13,HOSPITAL MUNICIPAL LUIS ABLANQUE DE LA PLATA EMPRESA SOCIAL DEL ESTADO,Otras entidades del Valle,Contexto,150000000
2026-08-16 13:54:16,procesos,CO1.REQ.10860792,2026-08-14,INSTITUTO MUNICIPAL DEL DEPORTE Y LA RECREACION DE YUMBO,Otras entidades del Valle,Contexto,8000000
2026-08-16 13:54:16,procesos,CO1.REQ.10737703,2026-08-13,ALCALDIA MUNICIPIO DE JAMUNDI,Otras entidades del Valle,Contexto,98700000
2026-08-16 13:54:16,procesos,CO1.REQ.10858499,2026-08-14,MUNICIPIO DE LA UNION,Otras entidades del Valle,Contexto,11950000
2026-08-16 13:54:16,procesos,CO1.REQ.10857378,2026-08-14,INSTITUCION EDUCATIVA SIXTO MARIA ROJAS,Otras entidades del Valle,Contexto,4960000
2026-08-16 13:54:16,procesos,CO1.REQ.10852262,2026-08-13,MUNICIPIO DE BUGALAGRANDE,Otras entidades del Valle,Contexto,20625000
2026-08-16 13:54:16,procesos,CO1.REQ.10861562,2026-08-14,Secretaria de Desarrollo Agropecuario y Medio Ambiente - Alcaldía de Tuluá,Otras entidades del Valle,Contexto,9999000
2026-08-16 13:54:16,procesos,CO1.REQ.10860429,2026-08-14,MUNICIPIO DE LA UNION,Otras entidades del Valle,Contexto,12124820
2026-08-16 13:54:16,procesos,CO1.REQ.10847621,2026-08-13,INSTITUTO COLOMBIANO DE BALLET CLÁSICO INCOLBALLET,Otras entidades del Valle,Contexto,5000000
2026-08-16 13:54:16,procesos,CO1.REQ.10848861,2026-08-13,INSTITUTO COLOMBIANO DE BALLET CLÁSICO INCOLBALLET,Otras entidades del Valle,Contexto,7000000
2026-08-16 13:54:16,procesos,CO1.REQ.10849014,2026-08-13,INSTITUTO COLOMBIANO DE BALLET CLÁSICO INCOLBALLET,Otras entidades del Valle,Contexto,3500000
2026-08-16 13:54:16,procesos,CO1.REQ.10839685,2026-08-14,ALCALDIA MUNICIPAL DE YOTOCO,Otras entidades del Valle,Contexto,11500000
2026-08-16 13:54:16,procesos,CO1.REQ.10847856,2026-08-13,CVC,Otras entidades del Valle,Contexto,36540000
2026-08-16 13:54:16,procesos,CO1.REQ.10861648,2026-08-14,ALCALDIA MUNICIPIO DE JAMUNDI,Otras entidades del Valle,Contexto,17500000
2026-08-16 13:54:16,procesos,CO1.REQ.10858402,2026-08-14,HOSPITAL DEPARTAMENTAL MARIO CORREA RENGIFO ESE,Descentralizadas de la Gobernación,Contexto,800000000
2026-08-16 13:54:16,procesos,CO1.REQ.10848995,2026-08-13,CVC,Otras entidades del Valle,Contexto,284575981
2026-08-16 13:54:16,procesos,CO1.REQ.10855027,2026-08-14,HOSPITAL RAUL OREJUELA BUENO,Otras entidades del Valle,Contexto,4000000
2026-08-16 13:54:16,procesos,CO1.REQ.10850569,2026-08-13,ALCALDIA DISTRITAL DE BUENAVENTURA-VALLE,Otras entidades del Valle,Contexto,10150650
2026-08-16 13:54:16,procesos,CO1.REQ.10862340,2026-08-14,MUNICIPIO DE YUMBO VALLE,Otras entidades del Valle,Contexto,8000000
2026-08-16 13:54:16,procesos,CO1.REQ.10861165,2026-08-14,Secretaria de Desarrollo Agropecuario y Medio Ambiente - Alcaldía de Tuluá,Otras entidades del Valle,Contexto,11900000
2026-08-16 13:54:16,procesos,CO1.REQ.10860715,2026-08-14,BENEFICENCIA DEL VALLE DEL CAUCA E.I.C.E,Descentralizadas de la Gobernación,Contexto,14000000
2026-08-16 13:54:16,procesos,CO1.REQ.10855385,2026-08-14,REGIONAL DE ASEGURAMIENTO EN SALUD No. 4,Otras entidades del Valle,Contexto,10712936
2026-08-16 13:54:16,procesos,CO1.REQ.10860573,2026-08-14,INSTITUCION EDUCATIVA ELEAZAR LIBREROS SALAMANCA,Otras entidades del Valle,Contexto,2640000
2026-08-16 13:54:16,procesos,CO1.REQ.10855317,2026-08-14,INSTITUTO COLOMBIANO DE BALLET CLÁSICO INCOLBALLET,Otras entidades del Valle,Contexto,15000000
2026-08-16 13:54:16,procesos,CO1.REQ.10854892,2026-08-14,ALCALDIA MUNICIPAL DE YOTOCO,Otras entidades del Valle,Contexto,9200000
2026-08-16 13:54:16,procesos,CO1.REQ.10856883,2026-08-14,DEPARTAMENTO ADMINISTRATIVO NACIONAL DE ESTADISTICA-SUROCCIDENTE,Otras entidades del Valle,Media,11606400
2026-08-16 13:54:16,procesos,CO1.REQ.10857529,2026-08-14,CONCEJO MUNICIPAL DE CANDELARIA,Otras entidades del Valle,Contexto,12000000
2026-08-16 13:54:16,procesos,CO1.REQ.10850348,2026-08-13,ALCALDIA MUNICIPAL DE ANDALUCIA VALLE DEL CAUCA,Otras entidades del Valle,Contexto,13200000
2026-08-16 13:54:16,procesos,CO1.REQ.10850283,2026-08-14,REGIONAL DE ASEGURAMIENTO EN SALUD No. 4,Otras entidades del Valle,Contexto,1000000000
2026-08-16 13:54:16,procesos,CO1.REQ.10854400,2026-08-14,INSTITUTO COLOMBIANO DE BALLET CLÁSICO INCOLBALLET,Otras entidades del Valle,Contexto,10500000
2026-08-16 13:54:16,procesos,CO1.REQ.10766814,2026-08-14,Empresa Social del Estado Hospital Ruben Cruz Vélez,Otras entidades del Valle,Contexto,138000000
2026-08-16 13:54:16,procesos,CO1.REQ.10810486,2026-08-13,ALCALDIA DISTRITAL DE BUENAVENTURA-VALLE,Otras entidades del Valle,Contexto,20157100
2026-08-16 13:54:16,procesos,CO1.REQ.10849063,2026-08-13,ALCALDIA MUNICIPIO DE JAMUNDI,Otras entidades del Valle,Contexto,15000000
2026-08-16 13:54:16,procesos,CO1.REQ.10852229,2026-08-13,HOSPITAL HENRY VALENCIA OROZCO EMPRESA SOCIAL DEL ESTADO,Otras entidades del Valle,Contexto,1750905
2026-08-16 13:54:16,procesos,CO1.REQ.10849817,2026-08-13,MUNICIPIO DE FLORIDA,Otras entidades del Valle,Contexto,15000000
2026-08-16 13:54:16,procesos,CO1.REQ.10859411,2026-08-14,ALCALDIA DE ALCALA,Otras entidades del Valle,Contexto,10000000
2026-08-16 13:54:16,procesos,CO1.REQ.10809837,2026-08-14,CVC,Otras entidades del Valle,Contexto,23100000
2026-08-16 13:54:16,procesos,CO1.REQ.10849243,2026-08-13,SISTEMA INTEGRADO DE TRANSPORTE REGIONAL EN EL GRAN VALLE SOCIEDAD POR ACCIONES SIMPLIFICADA,Otras entidades del Valle,Contexto,14000000
2026-08-16 13:54:16,procesos,CO1.REQ.10858640,2026-08-14,EMPRESA SOCIAL DEL ESTADO HOSPITAL GERIATRICO Y ANCIANATO SAN MIGUEL 12,Otras entidades del Valle,Contexto,60000000
2026-08-16 13:54:16,procesos,CO1.REQ.10860376,2026-08-14,MUNICIPIO DE LA UNION,Otras entidades del Valle,Contexto,12476599
2026-08-16 13:54:16,procesos,CO1.REQ.10862301,2026-08-14,MUNICIPIO DE YUMBO VALLE,Otras entidades del Valle,Contexto,10000000
2026-08-16 13:54:16,procesos,CO1.REQ.10848704,2026-08-13,ALCALDIA MUNICIPIO DE JAMUNDI,Otras entidades del Valle,Contexto,20000000
2026-08-16 13:54:16,procesos,CO1.REQ.10848504,2026-08-13,ICBF REGIONAL VALLE DEL CAUCA,Otras entidades del Valle,Contexto,16389833
2026-08-16 13:54:16,procesos,CO1.REQ.10851292,2026-08-13,ALCALDÍA MUNICIPIO DE PALMIRA,Otras entidades del Valle,Contexto,40000000
2026-08-16 13:54:16,procesos,CO1.REQ.10861509,2026-08-14,BENEFICENCIA DEL VALLE DEL CAUCA E.I.C.E,Descentralizadas de la Gobernación,Contexto,14000000
2026-08-16 13:54:16,procesos,CO1.REQ.10857745,2026-08-14,ALCALDIA MUNICIPIO DE JAMUNDI,Otras entidades del Valle,Contexto,30000000
2026-08-16 13:54:16,procesos,CO1.REQ.10852661,2026-08-14,ALCALDIA DISTRITAL DE BUENAVENTURA-VALLE,Otras entidades del Valle,Contexto,18565750
2026-08-16 13:54:16,procesos,CO1.REQ.10851732,2026-08-13,CVC,Otras entidades del Valle,Contexto,330000000
2026-08-16 13:54:16,procesos,CO1.REQ.10848429,2026-08-13,ALCALDIA MUNICIPIO DE JAMUNDI,Otras entidades del Valle,Contexto,24000000
2026-08-16 13:54:16,procesos,CO1.REQ.10852469,2026-08-14,ALCALDIA DISTRITAL DE BUENAVENTURA-VALLE,Otras entidades del Valle,Contexto,18565750
2026-08-16 13:54:16,procesos,CO1.REQ.10849101,2026-08-13,MUNICIPIO DE FLORIDA,Otras entidades del Valle,Contexto,8400000
2026-08-16 13:54:16,procesos,CO1.REQ.10859923,2026-08-14,MUNICIPIO DE EL CERRITO.,Otras entidades del Valle,Contexto,32500000
2026-08-16 13:54:16,procesos,CO1.REQ.10841463,2026-08-13,MUNICIPIO DE YUMBO VALLE,Otras entidades del Valle,Contexto,10000000
2026-08-16 13:54:16,procesos,CO1.REQ.10855125,2026-08-14,INSTITUTO COLOMBIANO DE BALLET CLÁSICO INCOLBALLET,Otras entidades del Valle,Contexto,10500000
2026-08-16 13:54:16,procesos,CO1.REQ.10852064,2026-08-13,ALCALDÍA MUNICIPIO DE PALMIRA,Otras entidades del Valle,Contexto,8000000
2026-08-16 13:54:16,procesos,CO1.REQ.10854410,2026-08-14,MUNICIPIO DE BUGALAGRANDE,Otras entidades del Valle,Contexto,24255000
2026-08-16 13:54:16,procesos,CO1.REQ.10848593,2026-08-13,INSTITUTO MUNICIPAL DEL DEPORTE Y LA RECREACION DE YUMBO,Otras entidades del Valle,Contexto,8800000
2026-08-16 13:54:16,procesos,CO1.REQ.10859165,2026-08-14,HOSPITAL DEPARTAMENTAL MARIO CORREA RENGIFO ESE,Descentralizadas de la Gobernación,Contexto,150000000
2026-08-16 13:54:16,procesos,CO1.REQ.10862325,2026-08-14,MUNICIPIO DE YUMBO VALLE,Otras entidades del Valle,Contexto,16400000
2026-08-16 13:54:16,procesos,CO1.REQ.10841535,2026-08-14,MUNICIPIO DE YUMBO VALLE,Otras entidades del Valle,Contexto,10000000
2026-08-16 13:54:16,procesos,CO1.REQ.10858515,2026-08-14,MUNICIPIO DE ANSERMANUEVO,Otras entidades del Valle,Contexto,30000000
2026-08-16 13:54:16,procesos,CO1.REQ.10859773,2026-08-14,MUNICIPIO DE CALIMA EL DARIEN VALLE,Otras entidades del Valle,Contexto,8800000
2026-08-16 13:54:16,procesos,CO1.REQ.10851768,2026-08-13,Secretaría de Hábitat e Infraestructura - Alcaldía de Tuluá,Otras entidades del Valle,Contexto,21835000
2026-08-16 13:54:16,procesos,CO1.REQ.10861811,2026-08-14,ALCALDIA DISTRITAL DE BUENAVENTURA-VALLE,Otras entidades del Valle,Contexto,8120520
2026-08-16 13:54:16,procesos,CO1.REQ.10810462,2026-08-13,ALCALDIA DISTRITAL DE BUENAVENTURA-VALLE,Otras entidades del Valle,Contexto,20157100
2026-08-16 13:54:16,procesos,CO1.REQ.10845123,2026-08-13,ALCALDIA DISTRITAL DE BUENAVENTURA-VALLE,Otras entidades del Valle,Contexto,18565750
2026-08-16 13:54:16,procesos,CO1.REQ.10848426,2026-08-13,ALCALDIA MUNICIPIO DE JAMUNDI,Otras entidades del Valle,Contexto,19000000
2026-08-16 13:54:16,procesos,CO1.REQ.10861855,2026-08-14,MUNICIPIO DE YUMBO VALLE,Otras entidades del Valle,Contexto,246464352
2026-08-16 13:54:16,procesos,CO1.REQ.10858634,2026-08-14,ALCALDIA MUNICIPAL DE SAN PEDRO VALLE DEL CAUCA,Otras entidades del Valle,Contexto,39000000
2026-08-16 13:54:16,procesos,CO1.REQ.10859723,2026-08-14,MUNICIPIO DE BUGALAGRANDE,Otras entidades del Valle,Contexto,16800000
2026-08-16 13:54:16,procesos,CO1.REQ.10856270,2026-08-14,SOCIEDAD DE ACUEDUCTOS Y ALCANTARILLADOS DEL VALLE DEL CAUCA S.A. - E.S.P.,Descentralizadas de la Gobernación,Contexto,4000000
2026-08-16 13:54:16,procesos,CO1.REQ.10847158,2026-08-14,ALCALDIA DISTRITAL DE BUENAVENTURA-VALLE,Otras entidades del Valle,Contexto,14852600
2026-08-16 13:54:16,procesos,CO1.REQ.10852054,2026-08-13,Secretaría de Bienestar Social - Alcaldía de Tuluá,Otras entidades del Valle,Contexto,15880000
2026-08-16 13:54:16,procesos,CO1.REQ.10848842,2026-08-13,COMPRADOR - EMPRESA CARTAGUEÑA DE DESARROLLO - EMCADE,Otras entidades del Valle,Contexto,1717628365
2026-08-16 13:54:16,procesos,CO1.REQ.10854452,2026-08-14,MUNICIPIO DE FLORIDA,Otras entidades del Valle,Contexto,10500000
2026-08-16 13:54:16,procesos,CO1.REQ.10854106,2026-08-14,ALCALDIA DISTRITAL DE BUENAVENTURA-VALLE,Otras entidades del Valle,Contexto,7426300
2026-08-16 13:54:16,procesos,CO1.REQ.10851803,2026-08-13,MUNICIPIO DE BUGALAGRANDE,Otras entidades del Valle,Contexto,15460000
2026-08-16 13:54:16,procesos,CO1.REQ.10857109,2026-08-14,UNIVERSIDAD DEL VALLE,Descentralizadas de la Gobernación,Contexto,8199100
2026-08-16 13:54:16,procesos,CO1.REQ.10853664,2026-08-13,INSTITUTO MUNICIPAL DEL DEPORTE Y LA RECREACION DE YUMBO,Otras entidades del Valle,Contexto,8800000
2026-08-16 13:54:16,procesos,CO1.REQ.10848883,2026-08-13,EMPRESA SOCIAL DEL ESTADO HOSPITAL BENJAMIN BARNEY GASCA,Otras entidades del Valle,Contexto,2120000
2026-08-16 13:54:16,procesos,CO1.REQ.10767997,2026-08-14,Empresa Social del Estado Hospital Ruben Cruz Vélez,Otras entidades del Valle,Contexto,34500000
2026-08-16 13:54:16,procesos,CO1.REQ.10810180,2026-08-14,CVC,Otras entidades del Valle,Contexto,23100000
2026-08-16 13:54:16,procesos,CO1.REQ.10852495,2026-08-13,Secretaría de Bienestar Social - Alcaldía de Tuluá,Otras entidades del Valle,Contexto,11448000
2026-08-16 13:54:16,procesos,CO1.REQ.10851895,2026-08-13,ALCALDIA MUNICIPIO DE JAMUNDI,Otras entidades del Valle,Media,15000000
2026-08-16 13:54:16,procesos,CO1.REQ.10849371,2026-08-13,EMPRESA SOCIAL DEL ESTADO HOSPITAL BENJAMIN BARNEY GASCA,Otras entidades del Valle,Contexto,2120000
2026-08-16 13:54:16,procesos,CO1.REQ.10848833,2026-08-13,INSTITUTO COLOMBIANO DE BALLET CLÁSICO INCOLBALLET,Otras entidades del Valle,Contexto,4500000
2026-08-16 13:54:16,procesos,CO1.REQ.10851501,2026-08-13,HOSPITAL HENRY VALENCIA OROZCO EMPRESA SOCIAL DEL ESTADO,Otras entidades del Valle,Contexto,200000
2026-08-16 13:54:16,procesos,CO1.REQ.10848196,2026-08-13,MUNICIPIO DE FLORIDA,Otras entidades del Valle,Media,15000000
2026-08-16 13:54:16,procesos,CO1.REQ.10858895,2026-08-14,BENEFICENCIA DEL VALLE DEL CAUCA E.I.C.E,Descentralizadas de la Gobernación,Contexto,52500000
2026-08-16 13:54:16,procesos,CO1.REQ.10860518,2026-08-14,MUNICIPIO DE BUGALAGRANDE,Otras entidades del Valle,Contexto,15240000
2026-08-16 13:54:16,procesos,CO1.REQ.10846285,2026-08-13,CVC,Otras entidades del Valle,Contexto,30000000
2026-08-16 13:54:16,procesos,CO1.REQ.10852024,2026-08-13,HOSPITAL HENRY VALENCIA OROZCO EMPRESA SOCIAL DEL ESTADO,Otras entidades del Valle,Contexto,1000000
2026-08-16 13:54:16,procesos,CO1.REQ.10855303,2026-08-14,INSTITUTO COLOMBIANO DE BALLET CLÁSICO INCOLBALLET,Otras entidades del Valle,Contexto,13500000
2026-08-16 13:54:16,procesos,CO1.REQ.10849117,2026-08-13,SISTEMA INTEGRADO DE TRANSPORTE REGIONAL EN EL GRAN VALLE SOCIEDAD POR ACCIONES SIMPLIFICADA,Otras entidades del Valle,Contexto,7000000
2026-08-16 13:54:16,procesos,CO1.REQ.10856138,2026-08-14,ALCALDIA MUNICIPAL DE YOTOCO,Otras entidades del Valle,Contexto,14445000
2026-08-16 13:54:16,procesos,CO1.REQ.10855611,2026-08-14,INSTITUTO COLOMBIANO DE BALLET CLÁSICO INCOLBALLET,Otras entidades del Valle,Contexto,7500000
2026-08-16 13:54:16,procesos,CO1.REQ.10855780,2026-08-14,CVC,Otras entidades del Valle,Contexto,27770000
2026-08-16 13:54:16,procesos,CO1.REQ.10848412,2026-08-13,INSTITUTO COLOMBIANO DE BALLET CLÁSICO INCOLBALLET,Otras entidades del Valle,Contexto,2500000
2026-08-16 13:54:16,procesos,CO1.REQ.10848794,2026-08-13,COMPRADOR - EMPRESA CARTAGUEÑA DE DESARROLLO - EMCADE,Otras entidades del Valle,Contexto,74551750
2026-08-16 13:54:16,procesos,CO1.REQ.10851869,2026-08-14,UNIAJC,Otras entidades del Valle,Contexto,48178960
2026-08-16 13:54:16,procesos,CO1.REQ.10849062,2026-08-13,MUNICIPIO DE LA UNION,Otras entidades del Valle,Media,8794599
2026-08-16 13:54:16,procesos,CO1.REQ.10851547,2026-08-13,ALCALDÍA MUNICIPIO DE PALMIRA,Otras entidades del Valle,Contexto,6900000
2026-08-16 13:54:16,procesos,CO1.REQ.10851372,2026-08-13,HOSPITAL HENRY VALENCIA OROZCO EMPRESA SOCIAL DEL ESTADO,Otras entidades del Valle,Contexto,299245
2026-08-16 13:54:16,procesos,CO1.REQ.10849866,2026-08-13,ALCALDIA DISTRITAL DE BUENAVENTURA-VALLE,Otras entidades del Valle,Contexto,18565750
2026-08-16 13:54:16,procesos,CO1.REQ.10846776,2026-08-13,HOSPITAL HENRY VALENCIA OROZCO EMPRESA SOCIAL DEL ESTADO,Otras entidades del Valle,Contexto,153080
2026-08-16 13:54:16,procesos,CO1.REQ.10852344,2026-08-13,ALCALDÍA MUNICIPIO DE PALMIRA,Otras entidades del Valle,Contexto,28000000
2026-08-16 13:54:16,procesos,CO1.REQ.10850629,2026-08-13,MUNICIPIO DE PRADERA,Otras entidades del Valle,Contexto,30000000
2026-08-16 13:54:16,procesos,CO1.REQ.10858345,2026-08-14,MUNICIPIO DE BUGALAGRANDE,Otras entidades del Valle,Media,10720000
2026-08-16 13:54:16,procesos,CO1.REQ.10852683,2026-08-14,CVC,Otras entidades del Valle,Contexto,25000000
2026-08-16 13:54:16,procesos,CO1.REQ.10817283,2026-08-13,ALCALDIA DISTRITAL DE BUENAVENTURA-VALLE,Otras entidades del Valle,Contexto,18565750
2026-08-16 13:54:16,procesos,CO1.REQ.10857443,2026-08-14,MUNICIPIO DE CALIMA EL DARIEN VALLE,Otras entidades del Valle,Contexto,15000000
2026-08-16 13:54:16,procesos,CO1.REQ.10854704,2026-08-14,MUNICIPIO DE CARTAGO,Otras entidades del Valle,Contexto,20000000
2026-08-16 13:54:16,procesos,CO1.REQ.10852192,2026-08-14,ALCALDIA DISTRITAL DE BUENAVENTURA-VALLE,Otras entidades del Valle,Contexto,18565750
2026-08-16 13:54:16,procesos,CO1.REQ.10862172,2026-08-15,MUNICIPIO DE YUMBO VALLE,Otras entidades del Valle,Contexto,8000000
2026-08-16 13:54:16,procesos,CO1.REQ.10852232,2026-08-13,MUNICIPIO DE CARTAGO,Otras entidades del Valle,Contexto,13500000
2026-08-16 13:54:16,procesos,CO1.REQ.10856521,2026-08-14,CVC,Otras entidades del Valle,Contexto,21625000
2026-08-16 13:54:16,procesos,CO1.REQ.10859404,2026-08-14,ALCALDIA MUNICIPIO DE JAMUNDI,Otras entidades del Valle,Contexto,24000000
2026-08-16 13:54:16,procesos,CO1.REQ.10856664,2026-08-14,ALCALDIA MUNICIPAL DE ANDALUCIA VALLE DEL CAUCA,Otras entidades del Valle,Contexto,11800000
2026-08-16 13:54:16,procesos,CO1.REQ.10849263,2026-08-13,MUNICIPIO DE FLORIDA,Otras entidades del Valle,Contexto,8800000
2026-08-16 13:54:16,procesos,CO1.REQ.10848792,2026-08-13,ALCALDIA MUNICIPIO DE JAMUNDI,Otras entidades del Valle,Contexto,24000000
2026-08-16 13:54:16,procesos,CO1.REQ.10857246,2026-08-14,MUNICIPIO DE CARTAGO,Otras entidades del Valle,Contexto,16000000
2026-08-16 13:54:16,procesos,CO1.REQ.10848489,2026-08-14,ALCALDIA DISTRITAL DE BUENAVENTURA-VALLE,Otras entidades del Valle,Contexto,8021841726
2026-08-16 13:54:16,procesos,CO1.REQ.10857477,2026-08-14,ALCALDIA DISTRITAL DE BUENAVENTURA-VALLE,Otras entidades del Valle,Contexto,16125680
2026-08-16 13:54:16,procesos,CO1.REQ.10815769,2026-08-14,MUNICIPIO DE YUMBO VALLE,Otras entidades del Valle,Contexto,8000000
2026-08-16 13:54:16,procesos,CO1.REQ.10852328,2026-08-13,ALCALDIA MUNICIPIO DE JAMUNDI,Otras entidades del Valle,Media,19000000
2026-08-16 13:54:16,procesos,CO1.REQ.10856344,2026-08-14,INSTITUTO MUNICIPAL DEL DEPORTE Y LA RECREACION DE YUMBO,Otras entidades del Valle,Contexto,8800000
2026-08-16 13:54:16,procesos,CO1.REQ.10857316,2026-08-14,ALCALDIA DISTRITAL DE BUENAVENTURA-VALLE,Otras entidades del Valle,Contexto,18565750
2026-08-16 13:54:16,procesos,CO1.REQ.10857184,2026-08-14,MUNICIPIO DE CALIMA EL DARIEN VALLE,Otras entidades del Valle,Contexto,8800000
2026-08-16 13:54:16,procesos,CO1.REQ.10862110,2026-08-14,MUNICIPIO DE YUMBO VALLE,Otras entidades del Valle,Contexto,8800000
2026-08-16 13:54:16,procesos,CO1.REQ.10851581,2026-08-13,MUNICIPIO DE BUGALAGRANDE,Otras entidades del Valle,Contexto,16800000
2026-08-16 13:54:16,procesos,CO1.REQ.10858662,2026-08-14,HOSPITAL DEPARTAMENTAL MARIO CORREA RENGIFO ESE,Descentralizadas de la Gobernación,Contexto,10967040
2026-08-16 13:54:16,procesos,CO1.REQ.10851109,2026-08-13,ALCALDÍA MUNICIPAL DE CANDELARIA VALLE,Otras entidades del Valle,Contexto,8400000
2026-08-16 13:54:16,procesos,CO1.REQ.10848391,2026-08-13,ALCALDIA MUNICIPIO DE JAMUNDI,Otras entidades del Valle,Contexto,20000000
2026-08-16 13:54:16,procesos,CO1.REQ.10852164,2026-08-13,INSTITUCION EDUCATIVA SIXTO MARIA ROJAS,Otras entidades del Valle,Contexto,9002062
2026-08-16 13:54:16,procesos,CO1.REQ.10857360,2026-08-14,ALCALDIA MUNICIPIO DE JAMUNDI,Otras entidades del Valle,Contexto,13800000
2026-08-16 13:54:16,procesos,CO1.REQ.10852176,2026-08-13,Secretaría de Bienestar Social - Alcaldía de Tuluá,Otras entidades del Valle,Contexto,29313000
2026-08-16 13:54:16,procesos,CO1.REQ.10857920,2026-08-14,ALCALDÍA MUNICIPAL DE CANDELARIA VALLE,Otras entidades del Valle,Contexto,257944682
2026-08-16 13:54:16,procesos,CO1.REQ.10858519,2026-08-14,HOSPITAL DEPARTAMENTAL MARIO CORREA RENGIFO ESE,Descentralizadas de la Gobernación,Contexto,700000000
2026-08-16 13:54:16,procesos,CO1.REQ.10860179,2026-08-14,MUNICIPIO DE OBANDO VALLE,Otras entidades del Valle,Contexto,13000000
2026-08-16 13:54:16,procesos,CO1.REQ.10861551,2026-08-14,ALCALDIA DISTRITAL DE BUENAVENTURA-VALLE,Otras entidades del Valle,Contexto,8120520
2026-08-16 13:54:16,procesos,CO1.REQ.10858049,2026-08-14,MUNICIPIO DE BUGALAGRANDE,Otras entidades del Valle,Contexto,14994000
2026-08-16 13:54:16,procesos,CO1.REQ.10855161,2026-08-14,MUNICIPIO DE FLORIDA,Otras entidades del Valle,Contexto,15000000
2026-08-16 13:54:16,procesos,CO1.REQ.10855858,2026-08-14,MUNICIPIO DE BUGALAGRANDE,Otras entidades del Valle,Contexto,36540000
2026-08-16 13:54:16,procesos,CO1.REQ.10852079,2026-08-13,BENEFICENCIA DEL VALLE DEL CAUCA E.I.C.E,Descentralizadas de la Gobernación,Contexto,17500000
2026-08-16 13:54:16,procesos,CO1.REQ.10857978,2026-08-14,INSTITUTO DEPARTAMENTAL DE BELLAS ARTES,Descentralizadas de la Gobernación,Contexto,17665000
2026-08-16 13:54:16,procesos,CO1.REQ.10851412,2026-08-13,ALCALDÍA MUNICIPIO DE PALMIRA,Otras entidades del Valle,Contexto,14000000
2026-08-16 13:54:16,procesos,CO1.REQ.10855724,2026-08-14,SENA REGIONAL VALLE Grupo de Apoyo Administrativo Mixto,Otras entidades del Valle,Contexto,0
2026-08-16 13:54:16,procesos,CO1.REQ.10857124,2026-08-14,INSTITUCION EDUCATIVA JOSE MARIA CORDOBA.*,Otras entidades del Valle,Contexto,25000000
2026-08-16 13:54:16,procesos,CO1.REQ.10848926,2026-08-13,ALCALDIA MUNICIPIO DE JAMUNDI,Otras entidades del Valle,Contexto,25000000
2026-08-16 13:54:16,procesos,CO1.REQ.10860630,2026-08-14,MUNICIPIO DE YUMBO VALLE,Otras entidades del Valle,Contexto,8000000
2026-08-16 13:54:16,procesos,CO1.REQ.10848703,2026-08-13,ALCALDIA MUNICIPAL DE BUGA,Otras entidades del Valle,Media,85714285
2026-08-16 13:54:16,procesos,CO1.REQ.10857392,2026-08-14,MUNICIPIO DE CALIMA EL DARIEN VALLE,Otras entidades del Valle,Contexto,10400000
2026-08-16 13:54:16,procesos,CO1.REQ.10852097,2026-08-14,ALCALDIA MUNICIPAL DE YOTOCO,Otras entidades del Valle,Contexto,14445000
2026-08-16 13:54:16,procesos,CO1.REQ.10848935,2026-08-13,SISTEMA INTEGRADO DE TRANSPORTE REGIONAL EN EL GRAN VALLE SOCIEDAD POR ACCIONES SIMPLIFICADA,Otras entidades del Valle,Contexto,20000000
2026-08-16 13:54:16,procesos,CO1.REQ.10850250,2026-08-13,EMPRESA SOCIAL DEL ESTADO HOSPITAL BENJAMIN BARNEY GASCA,Otras entidades del Valle,Contexto,2120000
2026-08-16 13:54:16,procesos,CO1.REQ.10855627,2026-08-14,ALCALDIA MUNICIPAL DE ANDALUCIA VALLE DEL CAUCA,Otras entidades del Valle,Contexto,9600000
2026-08-16 13:54:16,procesos,CO1.REQ.10859394,2026-08-14,MUNICIPIO DE LA UNION,Otras entidades del Valle,Contexto,12312435
2026-08-16 13:54:16,procesos,CO1.REQ.10860669,2026-08-14,CENTRO DE DIAGNOSTICO AUTOMOTOR DEL VALLE LIMITADA,Otras entidades del Valle,Contexto,123601390
2026-08-16 13:54:16,procesos,CO1.REQ.10852504,2026-08-13,BENEFICENCIA DEL VALLE DEL CAUCA E.I.C.E,Descentralizadas de la Gobernación,Contexto,17500000
2026-08-16 13:54:16,procesos,CO1.REQ.10860995,2026-08-14,BENEFICENCIA DEL VALLE DEL CAUCA E.I.C.E,Descentralizadas de la Gobernación,Contexto,17500000
2026-08-16 13:54:16,procesos,CO1.REQ.10861218,2026-08-14,FONDO DE GESTION DEL RIESGO DE DESASTRES DEL DEPARTAMENTO DEL CASANARE,Fuera del Valle,Contexto,12800000
2026-08-16 13:54:16,procesos,CO1.REQ.10852083,2026-08-13,MUNICIPIO DE MANIZALES,Fuera del Valle,Otra urgencia,1000000000
2026-08-16 13:54:16,procesos,CO1.REQ.10858601,2026-08-14,INSTITUTO DISTRITAL DE GESTIÓN DE RIESGOS Y CAMBIO CLIMÁTICO - IDIGER,Fuera del Valle,Contexto,96000000
2026-08-16 13:54:16,procesos,CO1.REQ.10856137,2026-08-14,ALCALDIA DE FLANDES,Fuera del Valle,Contexto,323960000
2026-08-16 13:54:16,procesos,CO1.REQ.10861003,2026-08-14,MUNICIPIO DE ALGARROBO,Fuera del Valle,Otra urgencia,185000000
2026-08-16 13:54:16,procesos,CO1.REQ.10848867,2026-08-13,MUNICIPIO DE VEGACHI,Fuera del Valle,Otra urgencia,372208365
2026-08-16 13:54:16,procesos,CO1.REQ.10861203,2026-08-14,ALCALDÍA DE CARURU VAUPES,Fuera del Valle,Contexto,35585800
2026-08-16 13:54:16,procesos,CO1.REQ.10862022,2026-08-14,ASOCIACION CABLE AEREO MANIZALES,Fuera del Valle,Otra urgencia,47681872
2026-08-16 13:54:16,procesos,CO1.REQ.10850442,2026-08-13,INSTITUTO MUNICIPAL DE DEPORTES Y RECREACIÓN DE APARTADÓ,Fuera del Valle,Otra urgencia,294724000
2026-08-16 13:54:16,procesos,CO1.REQ.10858716,2026-08-14,INSTITUTO DISTRITAL DE GESTIÓN DE RIESGOS Y CAMBIO CLIMÁTICO - IDIGER,Fuera del Valle,Contexto,96000000
2026-08-16 13:54:16,procesos,CO1.REQ.10852992,2026-08-13,MUNICIPIO DE MANIZALES,Fuera del Valle,Otra urgencia,360000000
2026-08-16 13:54:16,procesos,CO1.REQ.10860340,2026-08-14,ALCALDIA MUNICIPIO DE MANZANARES,Fuera del Valle,Otra urgencia,6000000
2026-08-16 13:54:16,procesos,CO1.REQ.10861205,2026-08-14,INSTITUCIÓN UNIVERSITARIA ITM,Fuera del Valle,Otra urgencia,13160937
2026-08-16 13:54:16,procesos,CO1.REQ.10862202,2026-08-14,MUNICIPIO DE BUCARAMANGA,Fuera del Valle,Contexto,19600000
2026-08-16 13:54:16,procesos,CO1.REQ.10848294,2026-08-13,ALCALDIA MUNICIPIO DE RIOSUCIO CALDAS,Fuera del Valle,Otra urgencia,50000000
2026-08-16 13:54:16,procesos,CO1.REQ.10858734,2026-08-14,INSTITUTO MUNICIPAL PARA LA RECREACION Y EL DEPORTE DE SOACHA,Fuera del Valle,Otra urgencia,11728610
2026-08-16 13:54:16,procesos,CO1.REQ.10855877,2026-08-14,ALCALDIA DE CIUDAD BOLIVAR,Fuera del Valle,Alta,30000000
2026-08-16 13:54:16,procesos,CO1.REQ.10861424,2026-08-14,FONDO DE GESTION DEL RIESGO DE DESASTRES DEL DEPARTAMENTO DEL CASANARE,Fuera del Valle,Contexto,14400000
2026-08-16 13:54:16,procesos,CO1.REQ.10854971,2026-08-14,AGUAS DEL PARAMO DE SONSÓN S.A.S. E.S.P.,Fuera del Valle,Contexto,108375374
2026-08-16 13:54:16,procesos,CO1.REQ.10848085,2026-08-14,MUNICIPIO DE PLATO,Fuera del Valle,Contexto,3108000
2026-08-16 13:54:16,procesos,CO1.REQ.10849780,2026-08-13,MUNICIPIO DE LA SALINA,Fuera del Valle,Otra urgencia,900000000
2026-08-16 13:54:16,procesos,CO1.REQ.10857614,2026-08-14,Alcaldía De Villamaria,Fuera del Valle,Otra urgencia,100000000
2026-08-16 13:54:16,procesos,CO1.REQ.10857032,2026-08-14,Alcaldía De Villamaria,Fuera del Valle,Otra urgencia,20000000
2026-08-16 13:54:16,procesos,CO1.REQ.10853044,2026-08-13,EMPRESA DE VIVIENDA DE ANTIOQUIA-VIVA,Fuera del Valle,Contexto,1504319875
2026-08-16 13:54:16,procesos,CO1.REQ.10851224,2026-08-13,ALCALDIA DE FLANDES,Fuera del Valle,Contexto,323960000
2026-08-16 13:54:16,procesos,CO1.REQ.10857297,2026-08-14,ALCALDIA DE MANAURE BALCON DEL CESAR,Fuera del Valle,Contexto,14000000
2026-08-16 13:54:16,procesos,CO1.REQ.10848898,2026-08-13,FONDO DE GESTION DEL RIESGO DE DESASTRES DEL DEPARTAMENTO DEL CASANARE,Fuera del Valle,Contexto,14400000
2026-08-16 13:54:16,procesos,CO1.REQ.10858888,2026-08-14,ASOCIACION CABLE AEREO MANIZALES,Fuera del Valle,Otra urgencia,250202767
2026-08-16 13:54:16,procesos,CO1.REQ.10847335,2026-08-13,UNIVERSIDAD NACIONAL DE COLOMBIA,Fuera del Valle,Contexto,15000000
2026-08-16 13:54:16,procesos,CO1.REQ.10847320,2026-08-13,UNIVERSIDAD NACIONAL DE COLOMBIA,Fuera del Valle,Contexto,6500000
2026-08-16 13:54:16,procesos,CO1.REQ.10825293,2026-08-10,MINISTERIO DE EDUCACION NACIONAL (MEN),Fuera del Valle,Contexto,0
2026-08-16 13:54:16,procesos,CO1.REQ.10749253,2026-08-11,FONDO ROTATORIO DE LA REGISTRADURIA,Fuera del Valle,Contexto,29625680
2026-08-16 13:54:16,procesos,CO1.REQ.10841189,2026-08-12,PATRIMONIO AUTÓNOMO FONDO NACIONAL DEL TURISMO FONTUR,Fuera del Valle,Contexto,138652090
2026-08-16 13:54:16,procesos,CO1.REQ.10856321,2026-08-14,HOSPITAL SAN BERNABE ESE,Fuera del Valle,Contexto,57750000
2026-08-16 13:54:16,procesos,CO1.REQ.10488099,2026-08-12,PONTIFICIA UNIVERSIDAD JAVERIANA SGR,Fuera del Valle,Contexto,29166662
2026-08-16 13:54:16,procesos,CO1.REQ.10856721,2026-08-14,INSTITUCIÓN EDUCATIVA VILLA CONCEPCIÓN,Fuera del Valle,Contexto,8123124
2026-08-16 13:54:16,procesos,CO1.REQ.10858532,2026-08-14,CENTRO NACIONAL DE MEMORIA  HISTORICA,Fuera del Valle,Contexto,23153910
2026-08-16 13:54:16,procesos,CO1.REQ.10849735,2026-08-13,NUEVA EMPRESA PROMOTORA DE SALUD S.A.,Fuera del Valle,Contexto,2072640000
2026-08-16 13:54:16,procesos,CO1.REQ.10818788,2026-08-10,CENTRO NACIONAL DE MEMORIA  HISTORICA,Fuera del Valle,Contexto,61981159
2026-08-16 13:54:16,procesos,CO1.REQ.10844881,2026-08-12,FONDO COLOMBIA EN PAZ,Fuera del Valle,Contexto,12774406
2026-08-16 13:54:16,procesos,CO1.REQ.10850208,2026-08-13,UNIVERSIDAD NACIONAL DE COLOMBIA,Fuera del Valle,Contexto,34440000
2026-08-16 13:54:16,procesos,CO1.REQ.10847933,2026-08-13,UNIVERSIDAD NACIONAL DE COLOMBIA,Fuera del Valle,Contexto,6500000
2026-08-16 13:54:16,procesos,CO1.REQ.10835075,2026-08-12,DIRECCION DE IMPUESTOS Y ADUANAS NACIONALES*,Fuera del Valle,Contexto,0
2026-08-16 13:54:16,procesos,CO1.REQ.10857346,2026-08-14,PONTIFICIA UNIVERSIDAD JAVERIANA SGR,Fuera del Valle,Contexto,2000107
2026-08-16 13:54:16,procesos,CO1.REQ.10845909,2026-08-12,PONTIFICIA UNIVERSIDAD JAVERIANA SGR,Fuera del Valle,Contexto,1852310
2026-08-16 13:54:16,procesos,CO1.REQ.10855105,2026-08-14,HOSPITAL DEPARTAMENTAL SAN RAFAEL ESE DE ZARZAL,Descentralizadas de la Gobernación,Contexto,9000000
2026-08-16 13:54:16,procesos,CO1.REQ.10859649,2026-08-14,HOSPITAL DEPARTAMENTAL CENTENARIO ESE,Descentralizadas de la Gobernación,Contexto,27393800
2026-08-16 13:54:16,procesos,CO1.REQ.10855124,2026-08-14,HOSPITAL DEPARTAMENTAL SAN RAFAEL ESE DE ZARZAL,Descentralizadas de la Gobernación,Contexto,12825000
2026-08-16 13:54:16,procesos,CO1.REQ.10859522,2026-08-14,HOSPITAL DEPARTAMENTAL CENTENARIO ESE,Descentralizadas de la Gobernación,Contexto,22725000
2026-08-16 13:54:16,procesos,CO1.REQ.10858077,2026-08-14,HOSPITAL SANTA LUCIA EMPRESA SOCIAL DEL ESTADO DE EL DOVIO VALLE,Otras entidades del Valle,Contexto,12682200
2026-08-16 13:54:16,secop1,26-13-14761631-13697032,2026-08-10,PUTUMAYO - INSTITUTO DEPARTAMENTAL DE DEPORTES; LA RECREACIÓN Y EDUCACIÓN FÍSICA DEL PUTUMAYO,Fuera del Valle,Contexto,32160000
2026-08-17 14:02:18,contratos,CO1.PCCNTR.9815437,2026-08-16,GOBERNACION DEL VALLE DEL CAUCA - DADI,Gobernación del Valle,Contexto,5000000
2026-08-17 14:02:18,contratos,CO1.PCCNTR.9815640,2026-08-16,GOBERNACION DEL VALLE DEL CAUCA - DADI,Gobernación del Valle,Contexto,6500000
2026-08-17 14:02:18,contratos,CO1.PCCNTR.9810401,2026-08-16,GOBERNACION DEL VALLE DEL CAUCA - DADI,Gobernación del Valle,Contexto,5000000
2026-08-17 14:02:18,contratos,CO1.PCCNTR.9818168,2026-08-16,GOBERNACIÓN DEL VALLE DEL CAUCA - OFICINA CONTROL DISCIPLINARIO INSTRUCCIÓN,Gobernación del Valle,Contexto,8000000
2026-08-17 14:02:18,contratos,CO1.PCCNTR.9818428,2026-08-15,"GOBERNACIÓN DEL VALLE DEL CAUCA - SECRETARÍA DE DESARROLLO RURAL, AGRICULTURA Y PESCA",Gobernación del Valle,Contexto,7700000
2026-08-17 14:02:18,contratos,CO1.PCCNTR.9818715,2026-08-15,"GOBERNACIÓN DEL VALLE DEL CAUCA - SECRETARÍA DE DESARROLLO RURAL, AGRICULTURA Y PESCA",Gobernación del Valle,Contexto,7000000
2026-08-17 14:02:18,contratos,CO1.PCCNTR.9815665,2026-08-16,GOBERNACION DEL VALLE DEL CAUCA - DADI,Gobernación del Valle,Contexto,2500000
2026-08-17 14:02:18,contratos,CO1.PCCNTR.9815745,2026-08-16,GOBERNACION DEL VALLE DEL CAUCA - DADI,Gobernación del Valle,Contexto,4000000
2026-08-17 14:02:18,contratos,CO1.PCCNTR.9817895,2026-08-16,GOBERNACION DEL VALLE DEL CAUCA - DADI,Gobernación del Valle,Contexto,2500000
2026-08-17 14:02:18,contratos,CO1.PCCNTR.9817324,2026-08-16,GOBERNACION DEL VALLE DEL CAUCA - DADI,Gobernación del Valle,Contexto,2500000
2026-08-17 14:02:18,contratos,CO1.PCCNTR.9816597,2026-08-16,GOBERNACION DEL VALLE DEL CAUCA - DADI,Gobernación del Valle,Contexto,7700000
2026-08-17 14:02:18,contratos,CO1.PCCNTR.9818258,2026-08-16,GOBERNACION DEL VALLE DEL CAUCA - DADI,Gobernación del Valle,Contexto,5000000
2026-08-17 14:02:18,contratos,CO1.PCCNTR.9817907,2026-08-16,GOBERNACION DEL VALLE DEL CAUCA - DADI,Gobernación del Valle,Contexto,5000000
2026-08-17 14:02:18,contratos,CO1.PCCNTR.9803808,2026-08-15,SANTIAGO DE CALI DISTRITO ESPECIAL - SECRETARIA DE BIENESTAR SOCIAL,Alcaldía de Cali,Contexto,24988000
2026-08-17 14:02:18,contratos,CO1.PCCNTR.9818270,2026-08-16,GOBERNACION DEL VALLE DEL CAUCA - DADI,Gobernación del Valle,Contexto,5000000
2026-08-17 14:02:18,contratos,CO1.PCCNTR.9816542,2026-08-16,GOBERNACION DEL VALLE DEL CAUCA - DADI,Gobernación del Valle,Contexto,4000000
2026-08-17 14:02:18,contratos,CO1.PCCNTR.9812927,2026-08-15,DEPARTAMENTO ADMINISTRATIVO DE GESTION DEL MEDIO AMBIENTE DAGMA,Alcaldía de Cali,Contexto,17755000
2026-08-17 14:02:18,contratos,CO1.PCCNTR.9818006,2026-08-16,GOBERNACION DEL VALLE DEL CAUCA - DADI,Gobernación del Valle,Contexto,2500000
2026-08-17 14:02:18,contratos,CO1.PCCNTR.9817138,2026-08-16,GOBERNACION DEL VALLE DEL CAUCA - DADI,Gobernación del Valle,Contexto,5000000
2026-08-17 14:02:18,contratos,CO1.PCCNTR.9815955,2026-08-16,GOBERNACION DEL VALLE DEL CAUCA - DADI,Gobernación del Valle,Contexto,3000000
2026-08-17 14:02:18,contratos,CO1.PCCNTR.9817248,2026-08-16,GOBERNACION DEL VALLE DEL CAUCA - DADI,Gobernación del Valle,Contexto,2500000
2026-08-17 14:02:18,contratos,CO1.PCCNTR.9818187,2026-08-16,GOBERNACION DEL VALLE DEL CAUCA - DADI,Gobernación del Valle,Contexto,6500000
2026-08-17 14:02:18,contratos,CO1.PCCNTR.9815946,2026-08-16,GOBERNACION DEL VALLE DEL CAUCA - DADI,Gobernación del Valle,Contexto,6000000
2026-08-17 14:02:18,contratos,CO1.PCCNTR.9813098,2026-08-16,GOBERNACION DEL VALLE DEL CAUCA - DADI,Gobernación del Valle,Contexto,5000000
2026-08-17 14:02:18,contratos,CO1.PCCNTR.9819113,2026-08-15,"GOBERNACIÓN DEL VALLE DEL CAUCA - SECRETARÍA DE DESARROLLO RURAL, AGRICULTURA Y PESCA",Gobernación del Valle,Contexto,7000000
2026-08-17 14:02:18,contratos,CO1.PCCNTR.9818709,2026-08-15,"GOBERNACIÓN DEL VALLE DEL CAUCA - SECRETARÍA DE DESARROLLO RURAL, AGRICULTURA Y PESCA",Gobernación del Valle,Contexto,7700000
2026-08-17 14:02:18,contratos,CO1.PCCNTR.9816730,2026-08-16,GOBERNACION DEL VALLE DEL CAUCA - DADI,Gobernación del Valle,Contexto,6000000
2026-08-17 14:02:18,contratos,CO1.PCCNTR.9810043,2026-08-16,GOBERNACION DEL VALLE DEL CAUCA - DADI,Gobernación del Valle,Contexto,7700000
2026-08-17 14:02:18,contratos,CO1.PCCNTR.9818608,2026-08-15,"GOBERNACIÓN DEL VALLE DEL CAUCA - SECRETARÍA DE DESARROLLO RURAL, AGRICULTURA Y PESCA",Gobernación del Valle,Contexto,4000000
2026-08-17 14:02:18,contratos,CO1.PCCNTR.9818419,2026-08-15,SANTIAGO DE CALI DISTRITO ESPECIAL - SECRETARIA DE VIVIENDA SOCIAL Y HABITAT,Alcaldía de Cali,Contexto,4805000
2026-08-17 14:02:18,contratos,CO1.PCCNTR.9816937,2026-08-16,GOBERNACION DEL VALLE DEL CAUCA - DADI,Gobernación del Valle,Contexto,2500000
2026-08-17 14:02:18,contratos,CO1.PCCNTR.9818015,2026-08-16,GOBERNACIÓN DEL VALLE DEL CAUCA - OFICINA CONTROL DISCIPLINARIO INSTRUCCIÓN,Gobernación del Valle,Contexto,10000000
2026-08-17 14:02:18,contratos,CO1.PCCNTR.9817136,2026-08-16,GOBERNACION DEL VALLE DEL CAUCA - DADI,Gobernación del Valle,Contexto,6000000
2026-08-17 14:02:18,contratos,CO1.PCCNTR.9819509,2026-08-16,GOBERNACIÓN DEL VALLE DEL CAUCA - OFICINA CONTROL DISCIPLINARIO INSTRUCCIÓN,Gobernación del Valle,Contexto,8000000
2026-08-17 14:02:18,contratos,CO1.PCCNTR.9815010,2026-08-16,GOBERNACION DEL VALLE DEL CAUCA - DADI,Gobernación del Valle,Contexto,7000000
2026-08-17 14:02:18,contratos,CO1.PCCNTR.9818009,2026-08-16,GOBERNACION DEL VALLE DEL CAUCA - DADI,Gobernación del Valle,Contexto,6500000
2026-08-17 14:02:18,contratos,CO1.PCCNTR.9817892,2026-08-16,GOBERNACION DEL VALLE DEL CAUCA - DADI,Gobernación del Valle,Contexto,5000000
2026-08-17 14:02:18,contratos,CO1.PCCNTR.9819004,2026-08-16,GOBERNACION DEL VALLE DEL CAUCA - DADI,Gobernación del Valle,Contexto,3000000
2026-08-17 14:02:18,contratos,CO1.PCCNTR.9818532,2026-08-15,"GOBERNACIÓN DEL VALLE DEL CAUCA - SECRETARÍA DE DESARROLLO RURAL, AGRICULTURA Y PESCA",Gobernación del Valle,Contexto,5000000
2026-08-17 14:02:18,contratos,CO1.PCCNTR.9816404,2026-08-16,GOBERNACION DEL VALLE DEL CAUCA - DADI,Gobernación del Valle,Contexto,7700000
2026-08-17 14:02:18,contratos,CO1.PCCNTR.9818184,2026-08-16,GOBERNACIÓN DEL VALLE DEL CAUCA - OFICINA CONTROL DISCIPLINARIO INSTRUCCIÓN,Gobernación del Valle,Contexto,8000000
2026-08-17 14:02:18,contratos,CO1.PCCNTR.9817902,2026-08-16,GOBERNACION DEL VALLE DEL CAUCA - DADI,Gobernación del Valle,Contexto,3000000
2026-08-17 14:02:18,contratos,CO1.PCCNTR.9816985,2026-08-15,SANTIAGO DE CALI DISTRITO ESPECIAL - SECRETARÍA DE GESTIÓN DEL RIESGO DE EMERGENCIAS Y DESASTRE,Alcaldía de Cali,Media,16989000
2026-08-17 14:02:18,contratos,CO1.PCCNTR.9817703,2026-08-16,GOBERNACION DEL VALLE DEL CAUCA - DADI,Gobernación del Valle,Contexto,5000000
2026-08-17 14:02:18,contratos,CO1.PCCNTR.9816984,2026-08-15,SANTIAGO DE CALI DISTRITO ESPECIAL - SECRETARÍA DE GESTIÓN DEL RIESGO DE EMERGENCIAS Y DESASTRE,Alcaldía de Cali,Media,14415000
2026-08-17 14:02:18,contratos,CO1.PCCNTR.9814049,2026-08-16,GOBERNACION DEL VALLE DEL CAUCA - DADI,Gobernación del Valle,Contexto,2500000
2026-08-17 14:02:18,contratos,CO1.PCCNTR.9818016,2026-08-16,GOBERNACION DEL VALLE DEL CAUCA - DADI,Gobernación del Valle,Contexto,6000000
2026-08-17 14:02:18,contratos,CO1.PCCNTR.9816917,2026-08-16,GOBERNACION DEL VALLE DEL CAUCA - DADI,Gobernación del Valle,Contexto,2500000
2026-08-17 14:02:18,contratos,CO1.PCCNTR.9818520,2026-08-15,"GOBERNACIÓN DEL VALLE DEL CAUCA - SECRETARÍA DE DESARROLLO RURAL, AGRICULTURA Y PESCA",Gobernación del Valle,Contexto,7700000
2026-08-17 14:02:18,contratos,CO1.PCCNTR.9818525,2026-08-15,"GOBERNACIÓN DEL VALLE DEL CAUCA - SECRETARÍA DE DESARROLLO RURAL, AGRICULTURA Y PESCA",Gobernación del Valle,Contexto,5000000
2026-08-17 14:02:18,contratos,CO1.PCCNTR.9811677,2026-08-16,GOBERNACION DEL VALLE DEL CAUCA - DADI,Gobernación del Valle,Contexto,6000000
2026-08-17 14:02:18,contratos,CO1.PCCNTR.9817705,2026-08-16,GOBERNACION DEL VALLE DEL CAUCA - DADI,Gobernación del Valle,Contexto,2500000
2026-08-17 14:02:18,contratos,CO1.PCCNTR.9819003,2026-08-16,GOBERNACION DEL VALLE DEL CAUCA - DADI,Gobernación del Valle,Contexto,2500000
2026-08-17 14:02:18,contratos,CO1.PCCNTR.9819118,2026-08-15,"GOBERNACIÓN DEL VALLE DEL CAUCA - SECRETARÍA DE DESARROLLO RURAL, AGRICULTURA Y PESCA",Gobernación del Valle,Contexto,7700000
2026-08-17 14:02:18,contratos,CO1.PCCNTR.9819001,2026-08-16,GOBERNACION DEL VALLE DEL CAUCA - DADI,Gobernación del Valle,Contexto,2500000
2026-08-17 14:02:18,contratos,CO1.PCCNTR.9817436,2026-08-16,GOBERNACION DEL VALLE DEL CAUCA - DADI,Gobernación del Valle,Contexto,5000000
2026-08-17 14:02:18,contratos,CO1.PCCNTR.9817503,2026-08-16,GOBERNACION DEL VALLE DEL CAUCA - DADI,Gobernación del Valle,Contexto,2500000
2026-08-17 14:02:18,contratos,CO1.PCCNTR.9817973,2026-08-16,GOBERNACIÓN DEL VALLE DEL CAUCA - OFICINA CONTROL DISCIPLINARIO INSTRUCCIÓN,Gobernación del Valle,Contexto,8000000
2026-08-17 14:02:18,contratos,CO1.PCCNTR.9817070,2026-08-16,GOBERNACION DEL VALLE DEL CAUCA - DADI,Gobernación del Valle,Contexto,5000000
2026-08-17 14:02:18,contratos,CO1.PCCNTR.9818929,2026-08-16,GOBERNACION DEL VALLE DEL CAUCA - DADI,Gobernación del Valle,Contexto,6000000
2026-08-17 14:02:18,contratos,CO1.PCCNTR.9817898,2026-08-15,DEPARTAMENTO ADMINISTRATIVO DE GESTION DEL MEDIO AMBIENTE DAGMA,Alcaldía de Cali,Contexto,3551000
2026-08-17 14:02:18,contratos,CO1.PCCNTR.9817863,2026-08-16,GOBERNACION DEL VALLE DEL CAUCA - DADI,Gobernación del Valle,Contexto,5000000
2026-08-17 14:02:18,contratos,CO1.PCCNTR.9816010,2026-08-16,GOBERNACION DEL VALLE DEL CAUCA - DADI,Gobernación del Valle,Contexto,2500000
2026-08-17 14:02:18,contratos,CO1.PCCNTR.9818737,2026-08-15,"GOBERNACIÓN DEL VALLE DEL CAUCA - SECRETARÍA DE DESARROLLO RURAL, AGRICULTURA Y PESCA",Gobernación del Valle,Contexto,5000000
2026-08-17 14:02:18,contratos,CO1.PCCNTR.9816796,2026-08-16,GOBERNACION DEL VALLE DEL CAUCA - DADI,Gobernación del Valle,Contexto,4000000
2026-08-17 14:02:18,contratos,CO1.PCCNTR.9818111,2026-08-16,GOBERNACIÓN DEL VALLE DEL CAUCA - OFICINA CONTROL DISCIPLINARIO INSTRUCCIÓN,Gobernación del Valle,Contexto,10000000
2026-08-17 14:02:18,contratos,CO1.PCCNTR.9814821,2026-08-16,GOBERNACION DEL VALLE DEL CAUCA - DADI,Gobernación del Valle,Contexto,2500000
2026-08-17 14:02:18,contratos,CO1.PCCNTR.9819106,2026-08-16,GOBERNACION DEL VALLE DEL CAUCA - DADI,Gobernación del Valle,Contexto,2500000
2026-08-17 14:02:18,contratos,CO1.PCCNTR.9819316,2026-08-16,GOBERNACIÓN DEL VALLE DEL CAUCA - OFICINA CONTROL DISCIPLINARIO INSTRUCCIÓN,Gobernación del Valle,Contexto,8000000
2026-08-17 14:02:18,contratos,CO1.PCCNTR.9814048,2026-08-16,GOBERNACION DEL VALLE DEL CAUCA - DADI,Gobernación del Valle,Contexto,5000000
2026-08-17 14:02:18,contratos,CO1.PCCNTR.9818501,2026-08-16,GOBERNACION DEL VALLE DEL CAUCA - DADI,Gobernación del Valle,Contexto,7000000
2026-08-17 14:02:18,contratos,CO1.PCCNTR.9817504,2026-08-16,GOBERNACION DEL VALLE DEL CAUCA - DADI,Gobernación del Valle,Contexto,6000000
2026-08-17 14:02:18,contratos,CO1.PCCNTR.9816987,2026-08-15,SANTIAGO DE CALI DISTRITO ESPECIAL - SECRETARÍA DE GESTIÓN DEL RIESGO DE EMERGENCIAS Y DESASTRE,Alcaldía de Cali,Media,8376000
2026-08-17 14:02:18,contratos,CO1.PCCNTR.9816012,2026-08-16,GOBERNACION DEL VALLE DEL CAUCA - DADI,Gobernación del Valle,Contexto,7700000
2026-08-17 14:02:18,contratos,CO1.PCCNTR.9818607,2026-08-15,"GOBERNACIÓN DEL VALLE DEL CAUCA - SECRETARÍA DE DESARROLLO RURAL, AGRICULTURA Y PESCA",Gobernación del Valle,Contexto,5000000
2026-08-17 14:02:18,contratos,CO1.PCCNTR.9817701,2026-08-16,GOBERNACION DEL VALLE DEL CAUCA - DADI,Gobernación del Valle,Contexto,7700000
2026-08-17 14:02:18,contratos,CO1.PCCNTR.9814144,2026-08-16,GOBERNACION DEL VALLE DEL CAUCA - DADI,Gobernación del Valle,Contexto,2500000
2026-08-17 14:02:18,contratos,CO1.PCCNTR.9817717,2026-08-16,GOBERNACION DEL VALLE DEL CAUCA - DADI,Gobernación del Valle,Contexto,2500000
2026-08-17 14:02:18,contratos,CO1.PCCNTR.9818614,2026-08-15,"GOBERNACIÓN DEL VALLE DEL CAUCA - SECRETARÍA DE DESARROLLO RURAL, AGRICULTURA Y PESCA",Gobernación del Valle,Contexto,6000000
2026-08-17 14:02:18,contratos,CO1.PCCNTR.9816665,2026-08-16,GOBERNACION DEL VALLE DEL CAUCA - DADI,Gobernación del Valle,Contexto,2500000
2026-08-17 14:02:18,contratos,CO1.PCCNTR.9815152,2026-08-16,GOBERNACION DEL VALLE DEL CAUCA - DADI,Gobernación del Valle,Contexto,2500000
2026-08-17 14:02:18,contratos,CO1.PCCNTR.9819009,2026-08-16,GOBERNACION DEL VALLE DEL CAUCA - DADI,Gobernación del Valle,Contexto,5000000
2026-08-17 14:02:18,contratos,CO1.PCCNTR.9818522,2026-08-15,"GOBERNACIÓN DEL VALLE DEL CAUCA - SECRETARÍA DE DESARROLLO RURAL, AGRICULTURA Y PESCA",Gobernación del Valle,Contexto,7700000
2026-08-17 14:02:18,contratos,CO1.PCCNTR.9818426,2026-08-15,"GOBERNACIÓN DEL VALLE DEL CAUCA - SECRETARÍA DE DESARROLLO RURAL, AGRICULTURA Y PESCA",Gobernación del Valle,Contexto,6000000
2026-08-17 14:02:18,contratos,CO1.PCCNTR.9817604,2026-08-16,GOBERNACION DEL VALLE DEL CAUCA - DADI,Gobernación del Valle,Contexto,5000000
2026-08-17 14:02:18,contratos,CO1.PCCNTR.9816200,2026-08-16,GOBERNACION DEL VALLE DEL CAUCA - DADI,Gobernación del Valle,Contexto,6000000
2026-08-17 14:02:18,contratos,CO1.PCCNTR.9818712,2026-08-16,GOBERNACION DEL VALLE DEL CAUCA - DADI,Gobernación del Valle,Contexto,7700000
2026-08-17 14:02:18,contratos,CO1.PCCNTR.9817206,2026-08-16,GOBERNACION DEL VALLE DEL CAUCA - DADI,Gobernación del Valle,Contexto,3500000
2026-08-17 14:02:18,contratos,CO1.PCCNTR.9816472,2026-08-16,GOBERNACION DEL VALLE DEL CAUCA - DADI,Gobernación del Valle,Contexto,5000000
2026-08-17 14:02:18,contratos,CO1.PCCNTR.9818013,2026-08-16,GOBERNACION DEL VALLE DEL CAUCA - DADI,Gobernación del Valle,Contexto,2500000
2026-08-17 14:02:18,contratos,CO1.PCCNTR.9818514,2026-08-15,"GOBERNACIÓN DEL VALLE DEL CAUCA - SECRETARÍA DE DESARROLLO RURAL, AGRICULTURA Y PESCA",Gobernación del Valle,Contexto,6000000
2026-08-17 14:02:18,contratos,CO1.PCCNTR.9816962,2026-08-16,GOBERNACION DEL VALLE DEL CAUCA - DADI,Gobernación del Valle,Contexto,5000000
2026-08-17 14:02:18,contratos,CO1.PCCNTR.9817718,2026-08-15,SANTIAGO DE CALI DISTRITO ESPECIAL - SECRETARÍA DE PAZ Y CULTURA CIUDADANA,Alcaldía de Cali,Contexto,21108000
2026-08-17 14:02:18,contratos,CO1.PCCNTR.9817304,2026-08-16,GOBERNACION DEL VALLE DEL CAUCA - DADI,Gobernación del Valle,Contexto,2500000
2026-08-17 14:02:18,contratos,CO1.PCCNTR.9818516,2026-08-15,SANTIAGO DE CALI DISTRITO ESPECIAL - SECRETARÍA DE GESTIÓN DEL RIESGO DE EMERGENCIAS Y DESASTRE,Alcaldía de Cali,Media,16989000
2026-08-17 14:02:18,contratos,CO1.PCCNTR.9818110,2026-08-16,GOBERNACIÓN DEL VALLE DEL CAUCA - OFICINA CONTROL DISCIPLINARIO INSTRUCCIÓN,Gobernación del Valle,Contexto,10000000
2026-08-17 14:02:18,contratos,CO1.PCCNTR.9817185,2026-08-16,GOBERNACION DEL VALLE DEL CAUCA - DADI,Gobernación del Valle,Contexto,4000000
2026-08-17 14:02:18,contratos,CO1.PCCNTR.9817423,2026-08-16,GOBERNACION DEL VALLE DEL CAUCA - DADI,Gobernación del Valle,Contexto,5000000
2026-08-17 14:02:18,contratos,CO1.PCCNTR.9818161,2026-08-16,GOBERNACIÓN DEL VALLE DEL CAUCA - OFICINA CONTROL DISCIPLINARIO INSTRUCCIÓN,Gobernación del Valle,Contexto,12000000
2026-08-17 14:02:18,contratos,CO1.PCCNTR.9818744,2026-08-16,GOBERNACION DEL VALLE DEL CAUCA - DADI,Gobernación del Valle,Contexto,5000000
2026-08-17 14:02:18,contratos,CO1.PCCNTR.9819117,2026-08-15,"GOBERNACIÓN DEL VALLE DEL CAUCA - SECRETARÍA DE DESARROLLO RURAL, AGRICULTURA Y PESCA",Gobernación del Valle,Contexto,5000000
2026-08-17 14:02:18,contratos,CO1.PCCNTR.9817229,2026-08-16,GOBERNACION DEL VALLE DEL CAUCA - DADI,Gobernación del Valle,Contexto,2500000
2026-08-17 14:02:18,contratos,CO1.PCCNTR.9817887,2026-08-16,GOBERNACION DEL VALLE DEL CAUCA - DADI,Gobernación del Valle,Contexto,2500000
2026-08-17 14:02:18,contratos,CO1.PCCNTR.9817733,2026-08-16,GOBERNACION DEL VALLE DEL CAUCA - DADI,Gobernación del Valle,Contexto,5000000
2026-08-17 14:02:18,contratos,CO1.PCCNTR.9817702,2026-08-16,GOBERNACION DEL VALLE DEL CAUCA - DADI,Gobernación del Valle,Contexto,2500000
2026-08-17 14:02:18,contratos,CO1.PCCNTR.9818719,2026-08-15,"GOBERNACIÓN DEL VALLE DEL CAUCA - SECRETARÍA DE DESARROLLO RURAL, AGRICULTURA Y PESCA",Gobernación del Valle,Contexto,6000000
2026-08-17 14:02:18,contratos,CO1.PCCNTR.9814233,2026-08-15,SANTIAGO DE CALI DISTRITO ESPECIAL - SECRETARIA DISTRITAL DE SALUD DE CALI,Alcaldía de Cali,Contexto,19220000
2026-08-17 14:02:18,contratos,CO1.PCCNTR.9808840,2026-08-16,GOBERNACION DEL VALLE DEL CAUCA - DADI,Gobernación del Valle,Contexto,7700000
2026-08-17 14:02:18,contratos,CO1.PCCNTR.9817342,2026-08-16,GOBERNACION DEL VALLE DEL CAUCA - DADI,Gobernación del Valle,Contexto,2500000
2026-08-17 14:02:18,contratos,CO1.PCCNTR.9817126,2026-08-16,GOBERNACION DEL VALLE DEL CAUCA - DADI,Gobernación del Valle,Contexto,2500000
2026-08-17 14:02:18,contratos,CO1.PCCNTR.9816482,2026-08-16,GOBERNACION DEL VALLE DEL CAUCA - DADI,Gobernación del Valle,Contexto,6000000
2026-08-17 14:02:18,contratos,CO1.PCCNTR.9817420,2026-08-16,GOBERNACION DEL VALLE DEL CAUCA - DADI,Gobernación del Valle,Contexto,6000000
2026-08-17 14:02:18,contratos,CO1.PCCNTR.9818105,2026-08-16,GOBERNACION DEL VALLE DEL CAUCA - DADI,Gobernación del Valle,Contexto,7700000
2026-08-17 14:02:18,contratos,CO1.PCCNTR.9816210,2026-08-16,GOBERNACION DEL VALLE DEL CAUCA - DADI,Gobernación del Valle,Contexto,2500000
2026-08-17 14:02:18,contratos,CO1.PCCNTR.9816440,2026-08-16,GOBERNACION DEL VALLE DEL CAUCA - DADI,Gobernación del Valle,Contexto,3000000
2026-08-17 14:02:18,contratos,CO1.PCCNTR.9810171,2026-08-16,GOBERNACION DEL VALLE DEL CAUCA - DADI,Gobernación del Valle,Contexto,3500000
2026-08-17 14:02:18,contratos,CO1.PCCNTR.9817432,2026-08-16,GOBERNACION DEL VALLE DEL CAUCA - DADI,Gobernación del Valle,Contexto,6000000
2026-08-17 14:02:18,contratos,CO1.PCCNTR.9813858,2026-08-16,GOBERNACION DEL VALLE DEL CAUCA - DADI,Gobernación del Valle,Contexto,5000000
2026-08-17 14:02:18,contratos,CO1.PCCNTR.9817840,2026-08-15,DEPARTAMENTO ADMINISTRATIVO DE GESTION DEL MEDIO AMBIENTE DAGMA,Alcaldía de Cali,Contexto,3947000
2026-08-17 14:02:18,contratos,CO1.PCCNTR.9818002,2026-08-16,GOBERNACION DEL VALLE DEL CAUCA - DADI,Gobernación del Valle,Contexto,5000000
2026-08-17 14:02:18,contratos,CO1.PCCNTR.9817341,2026-08-16,GOBERNACION DEL VALLE DEL CAUCA - DADI,Gobernación del Valle,Contexto,2500000
2026-08-17 14:02:18,contratos,CO1.PCCNTR.9818711,2026-08-16,GOBERNACION DEL VALLE DEL CAUCA - DADI,Gobernación del Valle,Contexto,3000000
2026-08-17 14:02:18,contratos,CO1.PCCNTR.9817433,2026-08-16,GOBERNACION DEL VALLE DEL CAUCA - DADI,Gobernación del Valle,Contexto,5000000
2026-08-17 14:02:18,contratos,CO1.PCCNTR.9816703,2026-08-16,GOBERNACION DEL VALLE DEL CAUCA - DADI,Gobernación del Valle,Contexto,2500000
2026-08-17 14:02:18,contratos,CO1.PCCNTR.9812098,2026-08-16,GOBERNACION DEL VALLE DEL CAUCA - DADI,Gobernación del Valle,Contexto,2500000
2026-08-17 14:02:18,contratos,CO1.PCCNTR.9816593,2026-08-16,GOBERNACION DEL VALLE DEL CAUCA - DADI,Gobernación del Valle,Contexto,2500000
2026-08-17 14:02:18,contratos,CO1.PCCNTR.9818721,2026-08-15,"GOBERNACIÓN DEL VALLE DEL CAUCA - SECRETARÍA DE DESARROLLO RURAL, AGRICULTURA Y PESCA",Gobernación del Valle,Contexto,5000000
2026-08-17 14:02:18,contratos,CO1.PCCNTR.9796687,2026-08-15,SANTIAGO DE CALI DISTRITO ESPECIAL - SECRETARIA DE BIENESTAR SOCIAL,Alcaldía de Cali,Contexto,11326000
2026-08-17 14:02:18,contratos,CO1.PCCNTR.9817901,2026-08-16,GOBERNACION DEL VALLE DEL CAUCA - DADI,Gobernación del Valle,Contexto,5000000
2026-08-17 14:02:18,contratos,CO1.PCCNTR.9817120,2026-08-16,GOBERNACION DEL VALLE DEL CAUCA - DADI,Gobernación del Valle,Contexto,2500000
2026-08-17 14:02:18,contratos,CO1.PCCNTR.9813997,2026-08-15,SANTIAGO DE CALI DISTRITO ESPECIAL - SECRETARIA DISTRITAL DE SALUD DE CALI,Alcaldía de Cali,Contexto,6813000
2026-08-17 14:02:18,contratos,CO1.PCCNTR.9817050,2026-08-16,GOBERNACION DEL VALLE DEL CAUCA - DADI,Gobernación del Valle,Contexto,2500000
2026-08-17 14:02:18,contratos,CO1.PCCNTR.9818523,2026-08-15,"GOBERNACIÓN DEL VALLE DEL CAUCA - SECRETARÍA DE DESARROLLO RURAL, AGRICULTURA Y PESCA",Gobernación del Valle,Contexto,6000000
2026-08-17 14:02:18,contratos,CO1.PCCNTR.9819115,2026-08-15,"GOBERNACIÓN DEL VALLE DEL CAUCA - SECRETARÍA DE DESARROLLO RURAL, AGRICULTURA Y PESCA",Gobernación del Valle,Contexto,2500000
2026-08-17 14:02:18,contratos,CO1.PCCNTR.9809100,2026-08-16,GOBERNACION DEL VALLE DEL CAUCA - DADI,Gobernación del Valle,Contexto,6000000
2026-08-17 14:02:18,contratos,CO1.PCCNTR.9809012,2026-08-15,SANTIAGO DE CALI DISTRITO ESPECIAL - SECRETARÍA DE PAZ Y CULTURA CIUDADANA,Alcaldía de Cali,Contexto,7102000
2026-08-17 14:02:18,contratos,CO1.PCCNTR.9817602,2026-08-16,GOBERNACION DEL VALLE DEL CAUCA - DADI,Gobernación del Valle,Contexto,3000000
2026-08-17 14:02:18,contratos,CO1.PCCNTR.9818104,2026-08-16,GOBERNACION DEL VALLE DEL CAUCA - DADI,Gobernación del Valle,Contexto,7000000
2026-08-17 14:02:18,contratos,CO1.PCCNTR.9817801,2026-08-16,GOBERNACION DEL VALLE DEL CAUCA - DADI,Gobernación del Valle,Contexto,5000000
2026-08-17 14:02:18,contratos,CO1.PCCNTR.9815985,2026-08-16,GOBERNACION DEL VALLE DEL CAUCA - DADI,Gobernación del Valle,Contexto,2500000
2026-08-17 14:02:18,contratos,CO1.PCCNTR.9818524,2026-08-15,"GOBERNACIÓN DEL VALLE DEL CAUCA - SECRETARÍA DE DESARROLLO RURAL, AGRICULTURA Y PESCA",Gobernación del Valle,Contexto,5000000
2026-08-17 14:02:18,contratos,CO1.PCCNTR.9819107,2026-08-15,SANTIAGO DE CALI DISTRITO ESPECIAL - SECRETARÍA DE GESTIÓN DEL RIESGO DE EMERGENCIAS Y DESASTRE,Alcaldía de Cali,Media,11841000
2026-08-17 14:02:18,contratos,CO1.PCCNTR.9817761,2026-08-16,GOBERNACIÓN DEL VALLE DEL CAUCA - OFICINA CONTROL DISCIPLINARIO INSTRUCCIÓN,Gobernación del Valle,Contexto,8000000
2026-08-17 14:02:18,contratos,CO1.PCCNTR.9818722,2026-08-15,SANTIAGO DE CALI DISTRITO ESPECIAL - SECRETARIA DE VIVIENDA SOCIAL Y HABITAT,Alcaldía de Cali,Contexto,3947000
2026-08-17 14:02:18,contratos,CO1.PCCNTR.9817414,2026-08-16,GOBERNACION DEL VALLE DEL CAUCA - DADI,Gobernación del Valle,Contexto,7700000
2026-08-17 14:02:18,contratos,CO1.PCCNTR.9817976,2026-08-16,GOBERNACIÓN DEL VALLE DEL CAUCA - OFICINA CONTROL DISCIPLINARIO INSTRUCCIÓN,Gobernación del Valle,Contexto,8000000
2026-08-17 14:02:18,contratos,CO1.PCCNTR.9816652,2026-08-16,GOBERNACION DEL VALLE DEL CAUCA - DADI,Gobernación del Valle,Contexto,6000000
2026-08-17 14:02:18,contratos,CO1.PCCNTR.9818541,2026-08-16,GOBERNACION DEL VALLE DEL CAUCA - DADI,Gobernación del Valle,Contexto,7000000
2026-08-17 14:02:18,contratos,CO1.PCCNTR.9818420,2026-08-16,GOBERNACION DEL VALLE DEL CAUCA - DADI,Gobernación del Valle,Contexto,5000000
2026-08-17 14:02:18,contratos,CO1.PCCNTR.9815312,2026-08-16,GOBERNACION DEL VALLE DEL CAUCA - DADI,Gobernación del Valle,Contexto,7700000
2026-08-17 14:02:18,contratos,CO1.PCCNTR.9814262,2026-08-16,GOBERNACION DEL VALLE DEL CAUCA - DADI,Gobernación del Valle,Contexto,6000000
2026-08-17 14:02:18,contratos,CO1.PCCNTR.9818001,2026-08-16,GOBERNACION DEL VALLE DEL CAUCA - DADI,Gobernación del Valle,Contexto,6000000
2026-08-17 14:02:18,contratos,CO1.PCCNTR.9817505,2026-08-16,GOBERNACION DEL VALLE DEL CAUCA - DADI,Gobernación del Valle,Contexto,7000000
2026-08-17 14:02:18,contratos,CO1.PCCNTR.9818224,2026-08-15,ALCALDIA DE ALCALA,Otras entidades del Valle,Alta,20000000
2026-08-17 14:02:18,contratos,CO1.PCCNTR.9812149,2026-08-15,ALCALDIA MUNICIPAL DE YOTOCO,Otras entidades del Valle,Contexto,9200000
2026-08-17 14:02:18,contratos,CO1.PCCNTR.9817740,2026-08-15,ALCALDIA MUNICIPIO DE JAMUNDI,Otras entidades del Valle,Contexto,8050000
2026-08-17 14:02:18,contratos,CO1.PCCNTR.9818734,2026-08-16,ALCALDIA MUNICIPIO DE JAMUNDI,Otras entidades del Valle,Contexto,20000000
2026-08-17 14:02:18,contratos,CO1.PCCNTR.9811978,2026-08-15,ALCALDIA MUNICIPAL DE YOTOCO,Otras entidades del Valle,Contexto,14445000
2026-08-17 14:02:18,contratos,CO1.PCCNTR.9812048,2026-08-15,ALCALDIA MUNICIPAL DE YOTOCO,Otras entidades del Valle,Contexto,14445000
2026-08-17 14:02:18,contratos,CO1.PCCNTR.9818534,2026-08-16,ALCALDIA MUNICIPIO DE JAMUNDI,Otras entidades del Valle,Contexto,14000000
2026-08-17 14:02:18,contratos,CO1.PCCNTR.9817711,2026-08-15,ALCALDIA MUNICIPIO DE JAMUNDI,Otras entidades del Valle,Contexto,15200000
2026-08-17 14:02:18,contratos,CO1.PCCNTR.9811505,2026-08-15,MUNICIPIO DE SEVILLA,Otras entidades del Valle,Contexto,12500000
2026-08-17 14:02:18,contratos,CO1.PCCNTR.9817938,2026-08-15,MUNICIPIO DE SEVILLA,Otras entidades del Valle,Contexto,12500000
2026-08-17 14:02:18,contratos,CO1.PCCNTR.9818537,2026-08-15,ALCALDIA DISTRITAL DE BUENAVENTURA-VALLE,Otras entidades del Valle,Contexto,18565750
2026-08-17 14:02:18,contratos,CO1.PCCNTR.9817031,2026-08-15,MUNICIPIO DE SEVILLA,Otras entidades del Valle,Contexto,16000000
2026-08-17 14:02:18,contratos,CO1.PCCNTR.9804296,2026-08-15,ARMADA NACIONAL DE COLOMBIA DISPENSARIO MÉDICO NIVEL I BAHÍA MÁLAGA,Otras entidades del Valle,Contexto,25903228
2026-08-17 14:02:18,contratos,CO1.PCCNTR.9817993,2026-08-15,ALCALDIA DE ALCALA,Otras entidades del Valle,Alta,150000000
2026-08-17 14:02:18,contratos,CO1.PCCNTR.9818733,2026-08-15,FONDO ESPECIAL DE VIVIENDA DEL MUNICIPIO DE SANTIAGO DE CALI,Descentralizadas de Cali,Contexto,7894000
2026-08-17 14:02:18,contratos,CO1.PCCNTR.9819011,2026-08-15,HOSPITAL MUNICIPAL LUIS ABLANQUE DE LA PLATA EMPRESA SOCIAL DEL ESTADO,Otras entidades del Valle,Contexto,50599995
2026-08-17 14:02:18,contratos,CO1.PCCNTR.9818143,2026-08-15,ALCALDIA MUNICIPIO DE JAMUNDI,Otras entidades del Valle,Contexto,19000000
2026-08-17 14:02:18,contratos,CO1.PCCNTR.9818242,2026-08-15,HOSPITAL MUNICIPAL LUIS ABLANQUE DE LA PLATA EMPRESA SOCIAL DEL ESTADO,Otras entidades del Valle,Contexto,30000000
2026-08-17 14:02:18,contratos,CO1.PCCNTR.9818732,2026-08-16,ALCALDIA MUNICIPIO DE JAMUNDI,Otras entidades del Valle,Contexto,25000000
2026-08-17 14:02:18,contratos,CO1.PCCNTR.9817885,2026-08-15,ALCALDIA DE ALCALA,Otras entidades del Valle,Alta,100000000
2026-08-17 14:02:18,contratos,CO1.PCCNTR.9819110,2026-08-15,HOSPITAL MUNICIPAL LUIS ABLANQUE DE LA PLATA EMPRESA SOCIAL DEL ESTADO,Otras entidades del Valle,Contexto,41112505
2026-08-17 14:02:18,contratos,CO1.PCCNTR.9800312,2026-08-15,ARMADA NACIONAL DE COLOMBIA DISPENSARIO MÉDICO NIVEL I BAHÍA MÁLAGA,Otras entidades del Valle,Contexto,7000000
2026-08-17 14:02:18,contratos,CO1.PCCNTR.9818527,2026-08-15,FONDO ESPECIAL DE VIVIENDA DEL MUNICIPIO DE SANTIAGO DE CALI,Descentralizadas de Cali,Contexto,5663000
2026-08-17 14:02:18,contratos,CO1.PCCNTR.9818246,2026-08-15,CVC,Otras entidades del Valle,Contexto,21000000
2026-08-17 14:02:18,contratos,CO1.PCCNTR.9818146,2026-08-15,ALCALDIA MUNICIPIO DE JAMUNDI,Otras entidades del Valle,Media,10000000
2026-08-17 14:02:18,contratos,CO1.PCCNTR.9812555,2026-08-15,ALCALDIA MUNICIPAL DE YOTOCO,Otras entidades del Valle,Contexto,9244000
2026-08-17 14:02:18,contratos,CO1.PCCNTR.9818731,2026-08-16,ALCALDIA MUNICIPIO DE JAMUNDI,Otras entidades del Valle,Contexto,19000000
2026-08-17 14:02:18,contratos,CO1.PCCNTR.9817851,2026-08-15,ALCALDIA MUNICIPIO DE JAMUNDI,Otras entidades del Valle,Media,15000000
2026-08-17 14:02:18,contratos,CO1.PCCNTR.9818706,2026-08-15,MUNICIPIO DE MANIZALES,Fuera del Valle,Otra urgencia,88173750
2026-08-17 14:02:18,contratos,CO1.PCCNTR.9817794,2026-08-15,Municipio de Montenegro--,Fuera del Valle,Alta,4600000
2026-08-17 14:02:18,contratos,CO1.PCCNTR.9818195,2026-08-15,Municipio de Montenegro--,Fuera del Valle,Alta,4600000
2026-08-17 14:02:18,contratos,CO1.PCCNTR.9817953,2026-08-15,ALCALDIA DE HONDA,Fuera del Valle,Otra urgencia,34000000
2026-08-17 14:02:18,contratos,CO1.PCCNTR.9817796,2026-08-15,Municipio de Montenegro--,Fuera del Valle,Alta,4600000
2026-08-17 14:02:18,contratos,CO1.PCCNTR.9818528,2026-08-15,MUNICIPIO DE MANIZALES,Fuera del Valle,Otra urgencia,88173750
2026-08-17 14:02:18,contratos,CO1.PCCNTR.9818305,2026-08-15,MUNICIPIO DE SALAMINA,Fuera del Valle,Otra urgencia,263000000
2026-08-17 14:02:18,contratos,CO1.PCCNTR.9817877,2026-08-15,MUNICIPIO DE MANIZALES,Fuera del Valle,Otra urgencia,88173750
2026-08-17 14:02:18,contratos,CO1.PCCNTR.9818239,2026-08-15,Municipio de Montenegro--,Fuera del Valle,Alta,4600000
2026-08-17 14:02:18,contratos,CO1.PCCNTR.9818193,2026-08-15,Municipio de Montenegro--,Fuera del Valle,Alta,5000000
2026-08-17 14:02:18,contratos,CO1.PCCNTR.9818408,2026-08-15,Municipio de Montenegro--,Fuera del Valle,Alta,800000000
2026-08-17 14:02:18,contratos,CO1.PCCNTR.9817797,2026-08-15,Municipio de Montenegro--,Fuera del Valle,Alta,4600000
2026-08-17 14:02:18,contratos,CO1.PCCNTR.9818323,2026-08-15,Municipio de Montenegro--,Fuera del Valle,Alta,4600000
2026-08-17 14:02:18,contratos,CO1.PCCNTR.9819108,2026-08-15,MUNICIPIO DE MANIZALES,Fuera del Valle,Otra urgencia,88173750
2026-08-17 14:02:18,procesos,CO1.REQ.10863400,2026-08-15,GOBERNACION DEL VALLE DEL CAUCA - DADI,Gobernación del Valle,Contexto,3000000
2026-08-17 14:02:18,procesos,CO1.REQ.10862937,2026-08-15,GOBERNACION DEL VALLE DEL CAUCA - DADI,Gobernación del Valle,Contexto,6000000
2026-08-17 14:02:18,procesos,CO1.REQ.10863606,2026-08-15,"GOBERNACIÓN DEL VALLE DEL CAUCA - SECRETARÍA DE DESARROLLO RURAL, AGRICULTURA Y PESCA",Gobernación del Valle,Contexto,5000000
2026-08-17 14:02:18,procesos,CO1.REQ.10863706,2026-08-15,GOBERNACION DEL VALLE DEL CAUCA - DADI,Gobernación del Valle,Contexto,7700000
2026-08-17 14:02:18,procesos,CO1.REQ.10857551,2026-08-15,SANTIAGO DE CALI DISTRITO ESPECIAL - SECRETARÍA DE PAZ Y CULTURA CIUDADANA,Alcaldía de Cali,Contexto,21108000
2026-08-17 14:02:18,procesos,CO1.REQ.10861667,2026-08-15,"GOBERNACIÓN DEL VALLE DEL CAUCA - SECRETARÍA DE DESARROLLO RURAL, AGRICULTURA Y PESCA",Gobernación del Valle,Contexto,6000000
2026-08-17 14:02:18,procesos,CO1.REQ.10863129,2026-08-15,GOBERNACIÓN DEL VALLE DEL CAUCA - OFICINA CONTROL DISCIPLINARIO INSTRUCCIÓN,Gobernación del Valle,Contexto,8000000
2026-08-17 14:02:18,procesos,CO1.REQ.10863659,2026-08-15,GOBERNACION DEL VALLE DEL CAUCA - DADI,Gobernación del Valle,Contexto,2500000
2026-08-17 14:02:18,procesos,CO1.REQ.10862250,2026-08-15,SANTIAGO DE CALI DISTRITO ESPECIAL - SECRETARIA DE GOBIERNO,Alcaldía de Cali,Contexto,14415000
2026-08-17 14:02:18,procesos,CO1.REQ.10862117,2026-08-15,SECRETARIA GENERAL- GOBERNACION DEL VALLE,Gobernación del Valle,Contexto,12000000
2026-08-17 14:02:18,procesos,CO1.REQ.10862932,2026-08-15,GOBERNACION DEL VALLE DEL CAUCA - DADI,Gobernación del Valle,Contexto,2500000
2026-08-17 14:02:18,procesos,CO1.REQ.10862597,2026-08-15,SANTIAGO DE CALI DISTRITO ESPECIAL - SECRETARIA DE BIENESTAR SOCIAL,Alcaldía de Cali,Contexto,23478000
2026-08-17 14:02:18,procesos,CO1.REQ.10862880,2026-08-15,"GOBERNACIÓN DEL VALLE DEL CAUCA - SECRETARÍA DE DESARROLLO RURAL, AGRICULTURA Y PESCA",Gobernación del Valle,Contexto,7000000
2026-08-17 14:02:18,procesos,CO1.REQ.10862446,2026-08-15,SANTIAGO DE CALI DISTRITO ESPECIAL - SECRETARIA DE GOBIERNO,Alcaldía de Cali,Contexto,21108000
2026-08-17 14:02:18,procesos,CO1.REQ.10863345,2026-08-15,"GOBERNACIÓN DEL VALLE DEL CAUCA - SECRETARÍA DE DESARROLLO RURAL, AGRICULTURA Y PESCA",Gobernación del Valle,Contexto,4000000
2026-08-17 14:02:18,procesos,CO1.REQ.10861777,2026-08-15,SECRETARIA GENERAL- GOBERNACION DEL VALLE,Gobernación del Valle,Contexto,7000000
2026-08-17 14:02:18,procesos,CO1.REQ.10863413,2026-08-15,GOBERNACION DEL VALLE DEL CAUCA - DEPARTAMENTO ADMINISTRATIVO DE PLANEACION,Gobernación del Valle,Contexto,7000000
2026-08-17 14:02:18,procesos,CO1.REQ.10862595,2026-08-15,GOBERNACIÓN DEL VALLE DEL CAUCA - OFICINA CONTROL DISCIPLINARIO INSTRUCCIÓN,Gobernación del Valle,Contexto,12000000
2026-08-17 14:02:18,procesos,CO1.REQ.10862749,2026-08-15,GOBERNACION DEL VALLE DEL CAUCA - DADI,Gobernación del Valle,Contexto,5000000
2026-08-17 14:02:18,procesos,CO1.REQ.10862106,2026-08-15,SECRETARIA GENERAL- GOBERNACION DEL VALLE,Gobernación del Valle,Contexto,10000000
2026-08-17 14:02:18,procesos,CO1.REQ.10860612,2026-08-15,SANTIAGO DE CALI  DISTRITO ESPECIAL - SECRETARIA DE CULTURA,Alcaldía de Cali,Contexto,21622500
2026-08-17 14:02:18,procesos,CO1.REQ.10863126,2026-08-15,GOBERNACIÓN DEL VALLE DEL CAUCA - OFICINA CONTROL DISCIPLINARIO INSTRUCCIÓN,Gobernación del Valle,Contexto,8000000
2026-08-17 14:02:18,procesos,CO1.REQ.10863665,2026-08-15,GOBERNACION DEL VALLE DEL CAUCA - DADI,Gobernación del Valle,Contexto,3000000
2026-08-17 14:02:18,procesos,CO1.REQ.10863712,2026-08-15,DEPARTAMENTO ADMINISTRATIVO DE GESTION DEL MEDIO AMBIENTE DAGMA,Alcaldía de Cali,Contexto,4805000
2026-08-17 14:02:18,procesos,CO1.REQ.10861683,2026-08-15,"GOBERNACIÓN DEL VALLE DEL CAUCA - SECRETARÍA DE DESARROLLO RURAL, AGRICULTURA Y PESCA",Gobernación del Valle,Contexto,5000000
2026-08-17 14:02:18,procesos,CO1.REQ.10862801,2026-08-15,GOBERNACION DEL VALLE DEL CAUCA - DADI,Gobernación del Valle,Contexto,2500000
2026-08-17 14:02:18,procesos,CO1.REQ.10863170,2026-08-15,GOBERNACION DEL VALLE DEL CAUCA - DADI,Gobernación del Valle,Contexto,5000000
2026-08-17 14:02:18,procesos,CO1.REQ.10864038,2026-08-15,GOBERNACION DEL VALLE DEL CAUCA - DEPARTAMENTO ADMINISTRATIVO DE PLANEACION,Gobernación del Valle,Contexto,6000000
2026-08-17 14:02:18,procesos,CO1.REQ.10862664,2026-08-15,GOBERNACION DEL VALLE DEL CAUCA - DADI,Gobernación del Valle,Contexto,7700000
2026-08-17 14:02:18,procesos,CO1.REQ.10863355,2026-08-15,"GOBERNACIÓN DEL VALLE DEL CAUCA - SECRETARÍA DE DESARROLLO RURAL, AGRICULTURA Y PESCA",Gobernación del Valle,Contexto,5000000
2026-08-17 14:02:18,procesos,CO1.REQ.10862442,2026-08-15,GOBERNACION DEL VALLE DEL CAUCA - DADI,Gobernación del Valle,Contexto,5000000
2026-08-17 14:02:18,procesos,CO1.REQ.10862440,2026-08-15,GOBERNACION DEL VALLE DEL CAUCA - DADI,Gobernación del Valle,Contexto,6000000
2026-08-17 14:02:18,procesos,CO1.REQ.10864052,2026-08-15,GOBERNACION DEL VALLE DEL CAUCA - DADI,Gobernación del Valle,Contexto,5000000
2026-08-17 14:02:18,procesos,CO1.REQ.10862441,2026-08-15,SANTIAGO DE CALI DISTRITO ESPECIAL - SECRETARIA DE GOBIERNO,Alcaldía de Cali,Contexto,16989000
2026-08-17 14:02:18,procesos,CO1.REQ.10862438,2026-08-15,SANTIAGO DE CALI DISTRITO ESPECIAL - SECRETARIA DE GOBIERNO,Alcaldía de Cali,Contexto,10653000
2026-08-17 14:02:18,procesos,CO1.REQ.10861158,2026-08-15,"GOBERNACIÓN DEL VALLE DEL CAUCA - SECRETARÍA DE DESARROLLO RURAL, AGRICULTURA Y PESCA",Gobernación del Valle,Contexto,7000000
2026-08-17 14:02:18,procesos,CO1.REQ.10841435,2026-08-15,SANTIAGO DE CALI DISTRITO ESPECIAL - SECRETARÍA DE GESTIÓN DEL RIESGO DE EMERGENCIAS Y DESASTRE,Alcaldía de Cali,Media,11841000
2026-08-17 14:02:18,procesos,CO1.REQ.10863218,2026-08-15,GOBERNACIÓN DEL VALLE DEL CAUCA - OFICINA CONTROL DISCIPLINARIO INSTRUCCIÓN,Gobernación del Valle,Contexto,8000000
2026-08-17 14:02:18,procesos,CO1.REQ.10862551,2026-08-15,GOBERNACION DEL VALLE DEL CAUCA - DADI,Gobernación del Valle,Contexto,2500000
2026-08-17 14:02:18,procesos,CO1.REQ.10862596,2026-08-15,SANTIAGO DE CALI DISTRITO ESPECIAL - SECRETARIA DE BIENESTAR SOCIAL,Alcaldía de Cali,Contexto,18741000
2026-08-17 14:02:18,procesos,CO1.REQ.10863901,2026-08-15,SANTIAGO DE CALI DISTRITO ESPECIAL - SECRETARIA DE VIVIENDA SOCIAL Y HABITAT,Alcaldía de Cali,Contexto,3947000
2026-08-17 14:02:18,procesos,CO1.REQ.10861794,2026-08-15,SECRETARIA GENERAL- GOBERNACION DEL VALLE,Gobernación del Valle,Contexto,12000000
2026-08-17 14:02:18,procesos,CO1.REQ.10862418,2026-08-15,SECRETARIA GENERAL- GOBERNACION DEL VALLE,Gobernación del Valle,Contexto,14000000
2026-08-17 14:02:18,procesos,CO1.REQ.10862070,2026-08-15,SANTIAGO DE CALI DISTRITO ESPECIAL - SECRETARIA DE GOBIERNO,Alcaldía de Cali,Contexto,14415000
2026-08-17 14:02:18,procesos,CO1.REQ.10863700,2026-08-15,GOBERNACION DEL VALLE DEL CAUCA - DADI,Gobernación del Valle,Contexto,5000000
2026-08-17 14:02:18,procesos,CO1.REQ.10860800,2026-08-15,"GOBERNACIÓN DEL VALLE DEL CAUCA - SECRETARÍA DE DESARROLLO RURAL, AGRICULTURA Y PESCA",Gobernación del Valle,Contexto,6000000
2026-08-17 14:02:18,procesos,CO1.REQ.10862927,2026-08-15,GOBERNACION DEL VALLE DEL CAUCA - DADI,Gobernación del Valle,Contexto,6000000
2026-08-17 14:02:18,procesos,CO1.REQ.10861765,2026-08-15,SECRETARIA GENERAL- GOBERNACION DEL VALLE,Gobernación del Valle,Contexto,10000000
2026-08-17 14:02:18,procesos,CO1.REQ.10863270,2026-08-15,SANTIAGO DE CALI DISTRITO ESPECIAL - SECRETARIA DE BIENESTAR SOCIAL,Alcaldía de Cali,Contexto,14415000
2026-08-17 14:02:18,procesos,CO1.REQ.10862344,2026-08-15,GOBERNACION DEL VALLE DEL CAUCA - DADI,Gobernación del Valle,Contexto,3000000
2026-08-17 14:02:18,procesos,CO1.REQ.10862140,2026-08-15,SECRETARIA GENERAL- GOBERNACION DEL VALLE,Gobernación del Valle,Contexto,12000000
2026-08-17 14:02:18,procesos,CO1.REQ.10862948,2026-08-15,GOBERNACIÓN DEL VALLE DEL CAUCA - OFICINA CONTROL DISCIPLINARIO INSTRUCCIÓN,Gobernación del Valle,Contexto,10000000
2026-08-17 14:02:18,procesos,CO1.REQ.10863086,2026-08-15,GOBERNACION DEL VALLE DEL CAUCA - DADI,Gobernación del Valle,Contexto,2500000
2026-08-17 14:02:18,procesos,CO1.REQ.10862907,2026-08-15,GOBERNACION DEL VALLE DEL CAUCA - DADI,Gobernación del Valle,Contexto,5000000
2026-08-17 14:02:18,procesos,CO1.REQ.10863907,2026-08-15,GOBERNACION DEL VALLE DEL CAUCA - DADI,Gobernación del Valle,Contexto,3500000
2026-08-17 14:02:18,procesos,CO1.REQ.10861758,2026-08-15,SECRETARIA GENERAL- GOBERNACION DEL VALLE,Gobernación del Valle,Contexto,7000000
2026-08-17 14:02:18,procesos,CO1.REQ.10862502,2026-08-15,GOBERNACION DEL VALLE DEL CAUCA - DADI,Gobernación del Valle,Contexto,5000000
2026-08-17 14:02:18,procesos,CO1.REQ.10862505,2026-08-15,GOBERNACION DEL VALLE DEL CAUCA - DADI,Gobernación del Valle,Contexto,3000000
2026-08-17 14:02:18,procesos,CO1.REQ.10862445,2026-08-15,GOBERNACION DEL VALLE DEL CAUCA - DADI,Gobernación del Valle,Contexto,5000000
2026-08-17 14:02:18,procesos,CO1.REQ.10862919,2026-08-15,GOBERNACION DEL VALLE DEL CAUCA - DADI,Gobernación del Valle,Contexto,2500000
2026-08-17 14:02:18,procesos,CO1.REQ.10862506,2026-08-15,GOBERNACION DEL VALLE DEL CAUCA - DADI,Gobernación del Valle,Contexto,6000000
2026-08-17 14:02:18,procesos,CO1.REQ.10862616,2026-08-15,GOBERNACIÓN DEL VALLE DEL CAUCA - OFICINA CONTROL DISCIPLINARIO INSTRUCCIÓN,Gobernación del Valle,Contexto,10000000
2026-08-17 14:02:18,procesos,CO1.REQ.10863664,2026-08-15,DEPARTAMENTO ADMINISTRATIVO DE GESTION DEL MEDIO AMBIENTE DAGMA,Alcaldía de Cali,Contexto,3551000
2026-08-17 14:02:18,procesos,CO1.REQ.10863315,2026-08-15,GOBERNACION DEL VALLE DEL CAUCA - DADI,Gobernación del Valle,Contexto,2500000
2026-08-17 14:02:18,procesos,CO1.REQ.10863235,2026-08-15,"GOBERNACIÓN DEL VALLE DEL CAUCA - SECRETARÍA DE DESARROLLO RURAL, AGRICULTURA Y PESCA",Gobernación del Valle,Contexto,5000000
2026-08-17 14:02:18,procesos,CO1.REQ.10863123,2026-08-15,GOBERNACIÓN DEL VALLE DEL CAUCA - OFICINA CONTROL DISCIPLINARIO INSTRUCCIÓN,Gobernación del Valle,Contexto,8000000
2026-08-17 14:02:18,procesos,CO1.REQ.10862444,2026-08-15,GOBERNACION DEL VALLE DEL CAUCA - DADI,Gobernación del Valle,Contexto,5000000
2026-08-17 14:02:18,procesos,CO1.REQ.10862906,2026-08-15,GOBERNACION DEL VALLE DEL CAUCA - DADI,Gobernación del Valle,Contexto,7000000
2026-08-17 14:02:18,procesos,CO1.REQ.10862207,2026-08-15,SECRETARIA GENERAL- GOBERNACION DEL VALLE,Gobernación del Valle,Contexto,7000000
2026-08-17 14:02:18,procesos,CO1.REQ.10862923,2026-08-15,GOBERNACION DEL VALLE DEL CAUCA - DADI,Gobernación del Valle,Contexto,6500000
2026-08-17 14:02:18,procesos,CO1.REQ.10685700,2026-08-15,SANTIAGO DE CALI DISTRITO ESPECIAL - SECRETARIA DE DESARROLLO ECONOMICO,Alcaldía de Cali,Contexto,8376000
2026-08-17 14:02:18,procesos,CO1.REQ.10862069,2026-08-15,GOBERNACION DEL VALLE DEL CAUCA - DADI,Gobernación del Valle,Contexto,6000000
2026-08-17 14:02:18,procesos,CO1.REQ.10862503,2026-08-15,GOBERNACION DEL VALLE DEL CAUCA - DADI,Gobernación del Valle,Contexto,5000000
2026-08-17 14:02:18,procesos,CO1.REQ.10862879,2026-08-15,SANTIAGO DE CALI DISTRITO ESPECIAL - SECRETARIA DE BIENESTAR SOCIAL,Alcaldía de Cali,Contexto,8376000
2026-08-17 14:02:18,procesos,CO1.REQ.10862066,2026-08-15,SANTIAGO DE CALI DISTRITO ESPECIAL - SECRETARIA DE GOBIERNO,Alcaldía de Cali,Contexto,10653000
2026-08-17 14:02:18,procesos,CO1.REQ.10863281,2026-08-15,GOBERNACION DEL VALLE DEL CAUCA - DADI,Gobernación del Valle,Contexto,5000000
2026-08-17 14:02:18,procesos,CO1.REQ.10861119,2026-08-15,"GOBERNACIÓN DEL VALLE DEL CAUCA - SECRETARÍA DE DESARROLLO RURAL, AGRICULTURA Y PESCA",Gobernación del Valle,Contexto,7700000
2026-08-17 14:02:18,procesos,CO1.REQ.10862604,2026-08-15,GOBERNACION DEL VALLE DEL CAUCA - DADI,Gobernación del Valle,Contexto,7700000
2026-08-17 14:02:18,procesos,CO1.REQ.10863258,2026-08-15,"GOBERNACIÓN DEL VALLE DEL CAUCA - SECRETARÍA DE DESARROLLO RURAL, AGRICULTURA Y PESCA",Gobernación del Valle,Contexto,5000000
2026-08-17 14:02:18,procesos,CO1.REQ.10862802,2026-08-15,GOBERNACION DEL VALLE DEL CAUCA - DADI,Gobernación del Valle,Contexto,5000000
2026-08-17 14:02:18,procesos,CO1.REQ.10862550,2026-08-15,SANTIAGO DE CALI DISTRITO ESPECIAL - SECRETARIA DE BIENESTAR SOCIAL,Alcaldía de Cali,Contexto,18741000
2026-08-17 14:02:18,procesos,CO1.REQ.10862439,2026-08-15,GOBERNACION DEL VALLE DEL CAUCA - DADI,Gobernación del Valle,Contexto,7000000
2026-08-17 14:02:18,procesos,CO1.REQ.10862358,2026-08-15,SANTIAGO DE CALI DISTRITO ESPECIAL - DEPARTAMENTO ADMINISTRATIVO DE TECNOLOGIAS DE LA INFORMACION Y LAS COMUNICACIONES,Alcaldía de Cali,Contexto,8494500
2026-08-17 14:02:18,procesos,CO1.REQ.10863816,2026-08-15,GOBERNACION DEL VALLE DEL CAUCA - DADI,Gobernación del Valle,Contexto,5000000
2026-08-17 14:02:18,procesos,CO1.REQ.10860910,2026-08-15,"GOBERNACIÓN DEL VALLE DEL CAUCA - SECRETARÍA DE DESARROLLO RURAL, AGRICULTURA Y PESCA",Gobernación del Valle,Contexto,6000000
2026-08-17 14:02:18,procesos,CO1.REQ.10862711,2026-08-15,GOBERNACIÓN DEL VALLE DEL CAUCA - OFICINA CONTROL DISCIPLINARIO INSTRUCCIÓN,Gobernación del Valle,Contexto,10000000
2026-08-17 14:02:18,procesos,CO1.REQ.10862350,2026-08-15,GOBERNACION DEL VALLE DEL CAUCA - DADI,Gobernación del Valle,Contexto,2500000
2026-08-17 14:02:18,procesos,CO1.REQ.10863207,2026-08-15,"GOBERNACIÓN DEL VALLE DEL CAUCA - SECRETARÍA DE DESARROLLO RURAL, AGRICULTURA Y PESCA",Gobernación del Valle,Contexto,2500000
2026-08-17 14:02:18,procesos,CO1.REQ.10862914,2026-08-15,GOBERNACION DEL VALLE DEL CAUCA - DADI,Gobernación del Valle,Contexto,2500000
2026-08-17 14:02:18,procesos,CO1.REQ.10861907,2026-08-15,"GOBERNACIÓN DEL VALLE DEL CAUCA - SECRETARÍA DE DESARROLLO RURAL, AGRICULTURA Y PESCA",Gobernación del Valle,Contexto,6000000
2026-08-17 14:02:18,procesos,CO1.REQ.10863311,2026-08-15,"GOBERNACIÓN DEL VALLE DEL CAUCA - SECRETARÍA DE DESARROLLO RURAL, AGRICULTURA Y PESCA",Gobernación del Valle,Contexto,7700000
2026-08-17 14:02:18,procesos,CO1.REQ.10862837,2026-08-15,GOBERNACION DEL VALLE DEL CAUCA - DADI,Gobernación del Valle,Contexto,3000000
2026-08-17 14:02:18,procesos,CO1.REQ.10862757,2026-08-15,SANTIAGO DE CALI DISTRITO ESPECIAL - SECRETARIA DE BIENESTAR SOCIAL,Alcaldía de Cali,Contexto,14415000
2026-08-17 14:02:18,procesos,CO1.REQ.10862909,2026-08-15,GOBERNACION DEL VALLE DEL CAUCA - DADI,Gobernación del Valle,Contexto,2500000
2026-08-17 14:02:18,procesos,CO1.REQ.10862067,2026-08-15,GOBERNACION DEL VALLE DEL CAUCA - DADI,Gobernación del Valle,Contexto,5000000
2026-08-17 14:02:18,procesos,CO1.REQ.10862877,2026-08-15,GOBERNACION DEL VALLE DEL CAUCA - DADI,Gobernación del Valle,Contexto,5000000
2026-08-17 14:02:18,procesos,CO1.REQ.10862851,2026-08-15,DEPARTAMENTO ADMINISTRATIVO DE GESTION DEL MEDIO AMBIENTE DAGMA,Alcaldía de Cali,Contexto,3947000
2026-08-17 14:02:18,procesos,CO1.REQ.10861584,2026-08-15,SECRETARIA GENERAL- GOBERNACION DEL VALLE,Gobernación del Valle,Contexto,7000000
2026-08-17 14:02:18,procesos,CO1.REQ.10861483,2026-08-15,"GOBERNACIÓN DEL VALLE DEL CAUCA - SECRETARÍA DE DESARROLLO RURAL, AGRICULTURA Y PESCA",Gobernación del Valle,Contexto,7700000
2026-08-17 14:02:18,procesos,CO1.REQ.10863424,2026-08-15,GOBERNACION DEL VALLE DEL CAUCA - DADI,Gobernación del Valle,Contexto,6500000
2026-08-17 14:02:18,procesos,CO1.REQ.10863810,2026-08-15,GOBERNACION DEL VALLE DEL CAUCA - DADI,Gobernación del Valle,Contexto,2500000
2026-08-17 14:02:18,procesos,CO1.REQ.10862065,2026-08-15,GOBERNACION DEL VALLE DEL CAUCA - DADI,Gobernación del Valle,Contexto,2500000
2026-08-17 14:02:18,procesos,CO1.REQ.10862504,2026-08-15,GOBERNACION DEL VALLE DEL CAUCA - DADI,Gobernación del Valle,Contexto,5000000
2026-08-17 14:02:18,procesos,CO1.REQ.10863322,2026-08-15,DEPARTAMENTO ADMINISTRATIVO DE GESTION DEL MEDIO AMBIENTE DAGMA,Alcaldía de Cali,Contexto,3551000
2026-08-17 14:02:18,procesos,CO1.REQ.10850238,2026-08-15,SANTIAGO DE CALI  DISTRITO ESPECIAL - SECRETARIA DE CULTURA,Alcaldía de Cali,Contexto,14415000
2026-08-17 14:02:18,procesos,CO1.REQ.10862443,2026-08-15,GOBERNACION DEL VALLE DEL CAUCA - DADI,Gobernación del Valle,Contexto,3000000
2026-08-17 14:02:18,procesos,CO1.REQ.10862135,2026-08-15,SECRETARIA GENERAL- GOBERNACION DEL VALLE,Gobernación del Valle,Contexto,8000000
2026-08-17 14:02:18,procesos,CO1.REQ.10842358,2026-08-15,SANTIAGO DE CALI DISTRITO ESPECIAL - SECRETARÍA DE GESTIÓN DEL RIESGO DE EMERGENCIAS Y DESASTRE,Alcaldía de Cali,Media,16989000
2026-08-17 14:02:18,procesos,CO1.REQ.10862501,2026-08-15,GOBERNACION DEL VALLE DEL CAUCA - DADI,Gobernación del Valle,Contexto,7700000
2026-08-17 14:02:18,procesos,CO1.REQ.10862144,2026-08-15,SECRETARIA GENERAL- GOBERNACION DEL VALLE,Gobernación del Valle,Contexto,12000000
2026-08-17 14:02:18,procesos,CO1.REQ.10864042,2026-08-15,GOBERNACION DEL VALLE DEL CAUCA - DADI,Gobernación del Valle,Contexto,7700000
2026-08-17 14:02:18,procesos,CO1.REQ.10863911,2026-08-15,DEPARTAMENTO ADMINISTRATIVO DE GESTION DEL MEDIO AMBIENTE DAGMA,Alcaldía de Cali,Contexto,4805000
2026-08-17 14:02:18,procesos,CO1.REQ.10862894,2026-08-15,"GOBERNACIÓN DEL VALLE DEL CAUCA - SECRETARÍA DE DESARROLLO RURAL, AGRICULTURA Y PESCA",Gobernación del Valle,Contexto,5000000
2026-08-17 14:02:18,procesos,CO1.REQ.10861868,2026-08-15,SECRETARIA GENERAL- GOBERNACION DEL VALLE,Gobernación del Valle,Contexto,12000000
2026-08-17 14:02:18,procesos,CO1.REQ.10863713,2026-08-15,GOBERNACION DEL VALLE DEL CAUCA - DADI,Gobernación del Valle,Contexto,6000000
2026-08-17 14:02:18,procesos,CO1.REQ.10863067,2026-08-15,GOBERNACIÓN DEL VALLE DEL CAUCA - OFICINA CONTROL DISCIPLINARIO INSTRUCCIÓN,Gobernación del Valle,Contexto,8000000
2026-08-17 14:02:18,procesos,CO1.REQ.10863622,2026-08-15,"GOBERNACIÓN DEL VALLE DEL CAUCA - SECRETARÍA DE DESARROLLO RURAL, AGRICULTURA Y PESCA",Gobernación del Valle,Contexto,7700000
2026-08-17 14:02:18,procesos,CO1.REQ.10862938,2026-08-15,GOBERNACION DEL VALLE DEL CAUCA - DADI,Gobernación del Valle,Contexto,7000000
2026-08-17 14:02:18,procesos,CO1.REQ.10862212,2026-08-15,SECRETARIA GENERAL- GOBERNACION DEL VALLE,Gobernación del Valle,Contexto,10000000
2026-08-17 14:02:18,procesos,CO1.REQ.10863083,2026-08-15,GOBERNACION DEL VALLE DEL CAUCA - DADI,Gobernación del Valle,Contexto,5000000
2026-08-17 14:02:18,procesos,CO1.REQ.10862252,2026-08-15,GOBERNACION DEL VALLE DEL CAUCA - DADI,Gobernación del Valle,Contexto,2500000
2026-08-17 14:02:18,procesos,CO1.REQ.10862818,2026-08-15,GOBERNACION DEL VALLE DEL CAUCA - DADI,Gobernación del Valle,Contexto,5000000
2026-08-17 14:02:18,procesos,CO1.REQ.10863405,2026-08-15,GOBERNACION DEL VALLE DEL CAUCA - DEPARTAMENTO ADMINISTRATIVO DE PLANEACION,Gobernación del Valle,Contexto,3000000
2026-08-17 14:02:18,procesos,CO1.REQ.10863251,2026-08-15,SANTIAGO DE CALI DISTRITO ESPECIAL - SECRETARIA DE VIVIENDA SOCIAL Y HABITAT,Alcaldía de Cali,Contexto,4805000
2026-08-17 14:02:18,procesos,CO1.REQ.10863832,2026-08-15,GOBERNACION DEL VALLE DEL CAUCA - DEPARTAMENTO ADMINISTRATIVO DE PLANEACION,Gobernación del Valle,Contexto,7700000
2026-08-17 14:02:18,procesos,CO1.REQ.10861862,2026-08-15,SECRETARIA GENERAL- GOBERNACION DEL VALLE,Gobernación del Valle,Contexto,14000000
2026-08-17 14:02:18,procesos,CO1.REQ.10863135,2026-08-15,SANTIAGO DE CALI DISTRITO ESPECIAL - SECRETARIA DE BIENESTAR SOCIAL,Alcaldía de Cali,Contexto,10653000
2026-08-17 14:02:18,procesos,CO1.REQ.10860280,2026-08-15,"GOBERNACIÓN DEL VALLE DEL CAUCA - SECRETARÍA DE DESARROLLO RURAL, AGRICULTURA Y PESCA",Gobernación del Valle,Contexto,7700000
2026-08-17 14:02:18,procesos,CO1.REQ.10862760,2026-08-15,"GOBERNACIÓN DEL VALLE DEL CAUCA - SECRETARÍA DE DESARROLLO RURAL, AGRICULTURA Y PESCA",Gobernación del Valle,Contexto,5000000
2026-08-17 14:02:18,procesos,CO1.REQ.10863955,2026-08-15,GOBERNACION DEL VALLE DEL CAUCA - DADI,Gobernación del Valle,Contexto,7000000
2026-08-17 14:02:18,procesos,CO1.REQ.10863915,2026-08-15,GOBERNACION DEL VALLE DEL CAUCA - DADI,Gobernación del Valle,Contexto,2500000
2026-08-17 14:02:18,procesos,CO1.REQ.10863818,2026-08-15,GOBERNACION DEL VALLE DEL CAUCA - DADI,Gobernación del Valle,Contexto,2500000
2026-08-17 14:02:18,procesos,CO1.REQ.10863808,2026-08-15,GOBERNACION DEL VALLE DEL CAUCA - DADI,Gobernación del Valle,Contexto,2500000
2026-08-17 14:02:18,procesos,CO1.REQ.10863215,2026-08-15,SANTIAGO DE CALI DISTRITO ESPECIAL - SECRETARIA DE BIENESTAR SOCIAL,Alcaldía de Cali,Contexto,11326000
2026-08-17 14:02:18,procesos,CO1.REQ.10859680,2026-08-15,"GOBERNACIÓN DEL VALLE DEL CAUCA - SECRETARÍA DE DESARROLLO RURAL, AGRICULTURA Y PESCA",Gobernación del Valle,Contexto,6000000
2026-08-17 14:02:18,procesos,CO1.REQ.10863439,2026-08-15,ALCALDIA DISTRITAL DE BUENAVENTURA-VALLE,Otras entidades del Valle,Contexto,18565750
2026-08-17 14:02:18,procesos,CO1.REQ.10862814,2026-08-15,ALCALDIA MUNICIPIO DE JAMUNDI,Otras entidades del Valle,Contexto,15200000
2026-08-17 14:02:18,procesos,CO1.REQ.10863009,2026-08-15,ALCALDIA MUNICIPIO DE JAMUNDI,Otras entidades del Valle,Contexto,19000000
2026-08-17 14:02:18,procesos,CO1.REQ.10862621,2026-08-15,MUNICIPIO DE YUMBO VALLE,Otras entidades del Valle,Contexto,8800000
2026-08-17 14:02:18,procesos,CO1.REQ.10862555,2026-08-15,UNIDAD EJECUTORA DE SANEAMIENTO DEL VALLE DEL CAUCA,Otras entidades del Valle,Contexto,12000000
2026-08-17 14:02:18,procesos,CO1.REQ.10862806,2026-08-15,EMPRESAS MUNICIPALES DE CALI,Descentralizadas de Cali,Contexto,9776142
2026-08-17 14:02:18,procesos,CO1.REQ.10756923,2026-08-15,CVC,Otras entidades del Valle,Contexto,17505725
2026-08-17 14:02:18,procesos,CO1.REQ.10858359,2026-08-15,CVC,Otras entidades del Valle,Contexto,21000000
2026-08-17 14:02:18,procesos,CO1.REQ.10862345,2026-08-15,MUNICIPIO DE YUMBO VALLE,Otras entidades del Valle,Contexto,8000000
2026-08-17 14:02:18,procesos,CO1.REQ.10806745,2026-08-15,CVC,Otras entidades del Valle,Contexto,14000000
2026-08-17 14:02:18,procesos,CO1.REQ.10757494,2026-08-15,CVC,Otras entidades del Valle,Contexto,16250000
2026-08-17 14:02:18,procesos,CO1.REQ.10862954,2026-08-15,INSTITUCION EDUCATIVA SIETE DE AGOSTO,Otras entidades del Valle,Contexto,9980000
2026-08-17 14:02:18,procesos,CO1.REQ.10847093,2026-08-15,CVC,Otras entidades del Valle,Contexto,12000000
2026-08-17 14:02:18,procesos,CO1.REQ.10862831,2026-08-15,MUNICIPIO DE SEVILLA,Otras entidades del Valle,Contexto,12500000
2026-08-17 14:02:18,procesos,CO1.REQ.10818760,2026-08-15,FONDO ESPECIAL DE VIVIENDA DEL MUNICIPIO DE SANTIAGO DE CALI,Descentralizadas de Cali,Contexto,7894000
2026-08-17 14:02:18,procesos,CO1.REQ.10863383,2026-08-15,FONDO ESPECIAL DE VIVIENDA DEL MUNICIPIO DE SANTIAGO DE CALI,Descentralizadas de Cali,Contexto,5663000
2026-08-17 14:02:18,procesos,CO1.REQ.10864212,2026-08-15,CENTRAL DE ABASTECIMIENTOS DEL VALLE DEL CAUCA S.A. CAVASA,Otras entidades del Valle,Contexto,24000000
2026-08-17 14:02:18,procesos,CO1.REQ.10863253,2026-08-15,HOSPITAL MUNICIPAL LUIS ABLANQUE DE LA PLATA EMPRESA SOCIAL DEL ESTADO,Otras entidades del Valle,Contexto,30000000
2026-08-17 14:02:18,procesos,CO1.REQ.10863349,2026-08-15,ALCALDIA DE ALCALA,Otras entidades del Valle,Alta,150000000
2026-08-17 14:02:18,procesos,CO1.REQ.10862848,2026-08-15,MUNICIPIO DE YUMBO VALLE,Otras entidades del Valle,Contexto,8000000
2026-08-17 14:02:18,procesos,CO1.REQ.10863307,2026-08-15,ALCALDIA DE ALCALA,Otras entidades del Valle,Alta,100000000
2026-08-17 14:02:18,procesos,CO1.REQ.10806885,2026-08-15,CVC,Otras entidades del Valle,Contexto,16935835
2026-08-17 14:02:18,procesos,CO1.REQ.10862975,2026-08-15,MUNICIPIO DE YUMBO VALLE,Otras entidades del Valle,Contexto,8800000
2026-08-17 14:02:18,procesos,CO1.REQ.10863827,2026-08-15,HOSPITAL MUNICIPAL LUIS ABLANQUE DE LA PLATA EMPRESA SOCIAL DEL ESTADO,Otras entidades del Valle,Contexto,50000000
2026-08-17 14:02:18,procesos,CO1.REQ.10863314,2026-08-15,ALCALDIA DE ALCALA,Otras entidades del Valle,Alta,20000000
2026-08-17 14:02:18,procesos,CO1.REQ.10859981,2026-08-15,ALCALDIA MUNICIPIO DE JAMUNDI,Otras entidades del Valle,Contexto,8050000
2026-08-17 14:02:18,procesos,CO1.REQ.10863369,2026-08-15,ALCALDIA MUNICIPAL DE YOTOCO,Otras entidades del Valle,Contexto,762814932
2026-08-17 14:02:18,procesos,CO1.REQ.10862965,2026-08-15,MUNICIPIO DE YUMBO VALLE,Otras entidades del Valle,Contexto,8800000
2026-08-17 14:02:18,procesos,CO1.REQ.10863010,2026-08-15,ALCALDIA MUNICIPIO DE JAMUNDI,Otras entidades del Valle,Media,10000000
2026-08-17 14:02:18,procesos,CO1.REQ.10860569,2026-08-15,MUNICIPIO DE VERSALLES,Otras entidades del Valle,Contexto,60359214
2026-08-17 14:02:18,procesos,CO1.REQ.10864011,2026-08-15,ALCALDIA MUNICIPIO DE JAMUNDI,Otras entidades del Valle,Contexto,19000000
2026-08-17 14:02:18,procesos,CO1.REQ.10862859,2026-08-15,ALCALDIA MUNICIPIO DE JAMUNDI,Otras entidades del Valle,Media,20000000
2026-08-17 14:02:18,procesos,CO1.REQ.10863004,2026-08-15,ALCALDIA MUNICIPIO DE JAMUNDI,Otras entidades del Valle,Media,15000000
2026-08-17 14:02:18,procesos,CO1.REQ.10863002,2026-08-15,ALCALDIA MUNICIPIO DE JAMUNDI,Otras entidades del Valle,Media,19000000
2026-08-17 14:02:18,procesos,CO1.REQ.10863667,2026-08-15,HOSPITAL MUNICIPAL LUIS ABLANQUE DE LA PLATA EMPRESA SOCIAL DEL ESTADO,Otras entidades del Valle,Contexto,41112505
2026-08-17 14:02:18,procesos,CO1.REQ.10862971,2026-08-15,ALCALDIA MUNICIPIO DE JAMUNDI,Otras entidades del Valle,Contexto,15000000
2026-08-17 14:02:18,procesos,CO1.REQ.10862979,2026-08-15,ALCALDIA MUNICIPIO DE JAMUNDI,Otras entidades del Valle,Contexto,12500000
2026-08-17 14:02:18,procesos,CO1.REQ.10806953,2026-08-15,CVC,Otras entidades del Valle,Contexto,15000000
2026-08-17 14:02:18,procesos,CO1.REQ.10863940,2026-08-15,HOSPITAL MUNICIPAL LUIS ABLANQUE DE LA PLATA EMPRESA SOCIAL DEL ESTADO,Otras entidades del Valle,Contexto,50599995
2026-08-17 14:02:18,procesos,CO1.REQ.10862849,2026-08-15,ALCALDIA MUNICIPIO DE JAMUNDI,Otras entidades del Valle,Contexto,30000000
2026-08-17 14:02:18,procesos,CO1.REQ.10862983,2026-08-15,MUNICIPIO DE YUMBO VALLE,Otras entidades del Valle,Contexto,10000000
2026-08-17 14:02:18,procesos,CO1.REQ.10863165,2026-08-15,ALCALDIA DISTRITAL DE BUENAVENTURA-VALLE,Otras entidades del Valle,Contexto,14852600
2026-08-17 14:02:18,procesos,CO1.REQ.10863921,2026-08-15,MUNICIPIO DE MANIZALES,Fuera del Valle,Otra urgencia,88173750
2026-08-17 14:02:18,procesos,CO1.REQ.10863347,2026-08-15,Municipio de Montenegro--,Fuera del Valle,Alta,4600000
2026-08-17 14:02:18,procesos,CO1.REQ.10862893,2026-08-15,MUNICIPIO DE MANIZALES,Fuera del Valle,Otra urgencia,88173750
2026-08-17 14:02:18,procesos,CO1.REQ.10863604,2026-08-15,Municipio de Montenegro--,Fuera del Valle,Alta,4600000
2026-08-17 14:02:18,procesos,CO1.REQ.10862730,2026-08-15,ALCALDIA DE HONDA,Fuera del Valle,Otra urgencia,34000000
2026-08-17 14:02:18,procesos,CO1.REQ.10863442,2026-08-15,Municipio de Montenegro--,Fuera del Valle,Alta,4600000
2026-08-17 14:02:18,procesos,CO1.REQ.10863093,2026-08-15,MUNICIPIO DE SALAMINA,Fuera del Valle,Otra urgencia,263000000
2026-08-17 14:02:18,procesos,CO1.REQ.10863433,2026-08-15,Municipio de Montenegro--,Fuera del Valle,Alta,5000000
2026-08-17 14:02:18,procesos,CO1.REQ.10863246,2026-08-15,Municipio de Montenegro--,Fuera del Valle,Alta,4600000
2026-08-17 14:02:18,procesos,CO1.REQ.10864130,2026-08-15,GOBERNACIÓN DE RISARALDA**,Fuera del Valle,Otra urgencia,90000000
2026-08-17 14:02:18,procesos,CO1.REQ.10863146,2026-08-15,Municipio de Montenegro--,Fuera del Valle,Alta,4600000
2026-08-17 14:02:18,procesos,CO1.REQ.10863660,2026-08-15,MUNICIPIO DE MANIZALES,Fuera del Valle,Otra urgencia,88173750
2026-08-17 14:02:18,procesos,CO1.REQ.10862696,2026-08-15,ALCALDIA MUNICIPIO DE JARDÍN,Fuera del Valle,Otra urgencia,49000000
2026-08-17 14:02:18,procesos,CO1.REQ.10863385,2026-08-15,MUNICIPIO DE MANIZALES,Fuera del Valle,Otra urgencia,88173750
2026-08-17 14:02:18,procesos,CO1.REQ.10863140,2026-08-15,Municipio de Montenegro--,Fuera del Valle,Alta,4600000
2026-08-17 14:02:18,procesos,CO1.REQ.10863529,2026-08-15,Municipio de Montenegro--,Fuera del Valle,Alta,800000000
2026-08-18 14:07:12,procesos,CO1.REQ.10864523,2026-08-16,SECRETARIA DE INFRAESTRUCTURA - GOBERNACION DEL VALLE,Gobernación del Valle,Contexto,24000000
2026-08-18 14:07:12,procesos,CO1.REQ.10863729,2026-08-16,SECRETARIA DE INFRAESTRUCTURA - GOBERNACION DEL VALLE,Gobernación del Valle,Contexto,30800000
2026-08-18 14:07:12,procesos,CO1.REQ.10865008,2026-08-16,GOBERNACION DEL VALLE DEL CAUCA - DEPARTAMENTO ADMINISTRATIVO DE PLANEACION,Gobernación del Valle,Contexto,7700000
2026-08-18 14:07:12,procesos,CO1.REQ.10865191,2026-08-16,SECRETARIA DE INFRAESTRUCTURA - GOBERNACION DEL VALLE,Gobernación del Valle,Contexto,16000000
2026-08-18 14:07:12,procesos,CO1.REQ.10864003,2026-08-16,SECRETARIA DE INFRAESTRUCTURA - GOBERNACION DEL VALLE,Gobernación del Valle,Contexto,30800000
2026-08-18 14:07:12,procesos,CO1.REQ.10865172,2026-08-16,DEPARTAMENTO ADMINISTRATIVO DE GESTION DEL MEDIO AMBIENTE DAGMA,Alcaldía de Cali,Contexto,5663000
2026-08-18 14:07:12,procesos,CO1.REQ.10865414,2026-08-16,SECRETARIA DE MOVILIDAD Y TRANSPORTE,Gobernación del Valle,Contexto,3500000
2026-08-18 14:07:12,procesos,CO1.REQ.10864672,2026-08-16,DEPARTAMENTO ADMINISTRATIVO DE GESTION DEL MEDIO AMBIENTE DAGMA,Alcaldía de Cali,Contexto,11326000
2026-08-18 14:07:12,procesos,CO1.REQ.10863950,2026-08-16,SECRETARIA DE INFRAESTRUCTURA - GOBERNACION DEL VALLE,Gobernación del Valle,Contexto,24000000
2026-08-18 14:07:12,procesos,CO1.REQ.10865034,2026-08-16,GOBERNACION DEL VALLE DEL CAUCA - DADI,Gobernación del Valle,Contexto,2500000
2026-08-18 14:07:12,procesos,CO1.REQ.10864744,2026-08-16,GOBERNACION DEL VALLE DEL CAUCA - DADI,Gobernación del Valle,Contexto,3000000
2026-08-18 14:07:12,procesos,CO1.REQ.10865124,2026-08-16,GOBERNACION DEL VALLE DEL CAUCA - DADI,Gobernación del Valle,Contexto,2500000
2026-08-18 14:07:12,procesos,CO1.REQ.10865267,2026-08-16,SECRETARIA DE MOVILIDAD Y TRANSPORTE,Gobernación del Valle,Contexto,3500000
2026-08-18 14:07:12,procesos,CO1.REQ.10863962,2026-08-16,SECRETARIA DE INFRAESTRUCTURA - GOBERNACION DEL VALLE,Gobernación del Valle,Contexto,24000000
2026-08-18 14:07:12,procesos,CO1.REQ.10864628,2026-08-16,GOBERNACION DEL VALLE DEL CAUCA - DADI,Gobernación del Valle,Contexto,3500000
2026-08-18 14:07:12,procesos,CO1.REQ.10864519,2026-08-16,SECRETARIA DE INFRAESTRUCTURA - GOBERNACION DEL VALLE,Gobernación del Valle,Contexto,30800000
2026-08-18 14:07:12,procesos,CO1.REQ.10864518,2026-08-16,SECRETARIA DE INFRAESTRUCTURA - GOBERNACION DEL VALLE,Gobernación del Valle,Contexto,30800000
2026-08-18 14:07:12,procesos,CO1.REQ.10864533,2026-08-16,GOBERNACION DEL VALLE DEL CAUCA - DEPARTAMENTO ADMINISTRATIVO DE PLANEACION,Gobernación del Valle,Contexto,6000000
2026-08-18 14:07:12,procesos,CO1.REQ.10864660,2026-08-16,GOBERNACION DEL VALLE DEL CAUCA - DEPARTAMENTO ADMINISTRATIVO DE PLANEACION,Gobernación del Valle,Contexto,7000000
2026-08-18 14:07:12,procesos,CO1.REQ.10863728,2026-08-16,SECRETARIA DE INFRAESTRUCTURA - GOBERNACION DEL VALLE,Gobernación del Valle,Contexto,30800000
2026-08-18 14:07:12,procesos,CO1.REQ.10865182,2026-08-16,SECRETARIA DE MOVILIDAD Y TRANSPORTE,Gobernación del Valle,Contexto,2500000
2026-08-18 14:07:12,procesos,CO1.REQ.10865347,2026-08-16,GOBERNACION DEL VALLE DEL CAUCA - DEPARTAMENTO ADMINISTRATIVO DE PLANEACION,Gobernación del Valle,Contexto,7700000
2026-08-18 14:07:12,procesos,CO1.REQ.10865262,2026-08-16,GOBERNACION DEL VALLE DEL CAUCA - DEPARTAMENTO ADMINISTRATIVO DE PLANEACION,Gobernación del Valle,Contexto,7700000
2026-08-18 14:07:12,procesos,CO1.REQ.10864710,2026-08-16,GOBERNACION DEL VALLE DEL CAUCA - DADI,Gobernación del Valle,Contexto,7700000
2026-08-18 14:07:12,procesos,CO1.REQ.10865230,2026-08-16,SECRETARIA DE INFRAESTRUCTURA - GOBERNACION DEL VALLE,Gobernación del Valle,Contexto,16000000
2026-08-18 14:07:12,procesos,CO1.REQ.10865357,2026-08-16,SANTIAGO DE CALI DISTRITO ESPECIAL - SECRETARIA DE VIVIENDA SOCIAL Y HABITAT,Alcaldía de Cali,Contexto,2271000
2026-08-18 14:07:12,procesos,CO1.REQ.10864448,2026-08-16,DEPARTAMENTO ADMINISTRATIVO DE GESTION DEL MEDIO AMBIENTE DAGMA,Alcaldía de Cali,Contexto,3551000
2026-08-18 14:07:12,procesos,CO1.REQ.10863956,2026-08-16,SECRETARIA DE INFRAESTRUCTURA - GOBERNACION DEL VALLE,Gobernación del Valle,Contexto,30800000
2026-08-18 14:07:12,procesos,CO1.REQ.10864634,2026-08-16,GOBERNACION DEL VALLE DEL CAUCA - DEPARTAMENTO ADMINISTRATIVO DE PLANEACION,Gobernación del Valle,Contexto,7000000
2026-08-18 14:07:12,procesos,CO1.REQ.10865416,2026-08-16,SANTIAGO DE CALI DISTRITO ESPECIAL - SECRETARIA DE VIVIENDA SOCIAL Y HABITAT,Alcaldía de Cali,Contexto,5663000
2026-08-18 14:07:12,procesos,CO1.REQ.10865413,2026-08-16,SANTIAGO DE CALI DISTRITO ESPECIAL - SECRETARIA DE VIVIENDA SOCIAL Y HABITAT,Alcaldía de Cali,Contexto,4805000
2026-08-18 14:07:12,procesos,CO1.REQ.10864468,2026-08-16,SECRETARIA GENERAL- GOBERNACION DEL VALLE,Gobernación del Valle,Contexto,12000000
2026-08-18 14:07:12,procesos,CO1.REQ.10865428,2026-08-16,GOBERNACION DEL VALLE DEL CAUCA - DADI,Gobernación del Valle,Contexto,5000000
2026-08-18 14:07:12,procesos,CO1.REQ.10864337,2026-08-16,GOBERNACION DEL VALLE DEL CAUCA - DEPARTAMENTO ADMINISTRATIVO DE PLANEACION,Gobernación del Valle,Contexto,7700000
2026-08-18 14:07:12,procesos,CO1.REQ.10864575,2026-08-16,SECRETARIA DE INFRAESTRUCTURA - GOBERNACION DEL VALLE,Gobernación del Valle,Contexto,30800000
2026-08-18 14:07:12,procesos,CO1.REQ.10863840,2026-08-16,SANTIAGO DE CALI DISTRITO ESPECIAL - SECRETARÍA DE GESTIÓN DEL RIESGO DE EMERGENCIAS Y DESASTRE,Alcaldía de Cali,Media,8376000
2026-08-18 14:07:12,procesos,CO1.REQ.10864761,2026-08-16,SECRETARIA DE INFRAESTRUCTURA - GOBERNACION DEL VALLE,Gobernación del Valle,Contexto,16000000
2026-08-18 14:07:12,procesos,CO1.REQ.10863723,2026-08-16,SECRETARIA DE INFRAESTRUCTURA - GOBERNACION DEL VALLE,Gobernación del Valle,Contexto,24000000
2026-08-18 14:07:12,procesos,CO1.REQ.10864430,2026-08-16,GOBERNACION DEL VALLE DEL CAUCA - DEPARTAMENTO ADMINISTRATIVO DE PLANEACION,Gobernación del Valle,Contexto,7000000
2026-08-18 14:07:12,procesos,CO1.REQ.10864580,2026-08-16,SECRETARIA DE INFRAESTRUCTURA - GOBERNACION DEL VALLE,Gobernación del Valle,Contexto,30800000
2026-08-18 14:07:12,procesos,CO1.REQ.10864741,2026-08-16,GOBERNACION DEL VALLE DEL CAUCA - DADI,Gobernación del Valle,Contexto,6000000
2026-08-18 14:07:12,procesos,CO1.REQ.10863714,2026-08-16,SECRETARIA DE INFRAESTRUCTURA - GOBERNACION DEL VALLE,Gobernación del Valle,Contexto,20000000
2026-08-18 14:07:12,procesos,CO1.REQ.10865509,2026-08-16,GOBERNACION DEL VALLE DEL CAUCA - DADI,Gobernación del Valle,Contexto,7700000
2026-08-18 14:07:12,procesos,CO1.REQ.10864563,2026-08-16,SECRETARIA DE INFRAESTRUCTURA - GOBERNACION DEL VALLE,Gobernación del Valle,Media,30800000
2026-08-18 14:07:12,procesos,CO1.REQ.10862320,2026-08-16,SECRETARIA GENERAL- GOBERNACION DEL VALLE,Gobernación del Valle,Contexto,5000000
2026-08-18 14:07:12,procesos,CO1.REQ.10864748,2026-08-16,SANTIAGO DE CALI DISTRITO ESPECIAL - SECRETARIA DEL DEPORTE Y LA RECREACIÓN,Alcaldía de Cali,Contexto,7102000
2026-08-18 14:07:12,procesos,CO1.REQ.10865224,2026-08-16,GOBERNACION DEL VALLE DEL CAUCA - DADI,Gobernación del Valle,Contexto,2500000
2026-08-18 14:07:12,procesos,CO1.REQ.10863975,2026-08-16,GOBERNACION DEL VALLE DEL CAUCA - DADI,Gobernación del Valle,Contexto,2500000
2026-08-18 14:07:12,procesos,CO1.REQ.10864213,2026-08-16,SECRETARIA DE INFRAESTRUCTURA - GOBERNACION DEL VALLE,Gobernación del Valle,Contexto,24000000
2026-08-18 14:07:12,procesos,CO1.REQ.10864616,2026-08-16,GOBERNACION DEL VALLE DEL CAUCA - DEPARTAMENTO ADMINISTRATIVO DE PLANEACION,Gobernación del Valle,Contexto,7700000
2026-08-18 14:07:12,procesos,CO1.REQ.10864128,2026-08-16,SECRETARIA GENERAL- GOBERNACION DEL VALLE,Gobernación del Valle,Contexto,6000000
2026-08-18 14:07:12,procesos,CO1.REQ.10865235,2026-08-16,GOBERNACION DEL VALLE DEL CAUCA - DADI,Gobernación del Valle,Contexto,2500000
2026-08-18 14:07:12,procesos,CO1.REQ.10864780,2026-08-16,SECRETARIA DE INFRAESTRUCTURA - GOBERNACION DEL VALLE,Gobernación del Valle,Contexto,40000000
2026-08-18 14:07:12,procesos,CO1.REQ.10864752,2026-08-16,GOBERNACION DEL VALLE DEL CAUCA - DADI,Gobernación del Valle,Contexto,2500000
2026-08-18 14:07:12,procesos,CO1.REQ.10864443,2026-08-16,SANTIAGO DE CALI DISTRITO ESPECIAL - SECRETARIA DEL DEPORTE Y LA RECREACIÓN,Alcaldía de Cali,Contexto,7894000
2026-08-18 14:07:12,procesos,CO1.REQ.10864760,2026-08-16,SANTIAGO DE CALI DISTRITO ESPECIAL - SECRETARIA DEL DEPORTE Y LA RECREACIÓN,Alcaldía de Cali,Contexto,9084000
2026-08-18 14:07:12,procesos,CO1.REQ.10864209,2026-08-16,SECRETARIA DE INFRAESTRUCTURA - GOBERNACION DEL VALLE,Gobernación del Valle,Contexto,12000000
2026-08-18 14:07:12,procesos,CO1.REQ.10864788,2026-08-16,GOBERNACION DEL VALLE DEL CAUCA - DADI,Gobernación del Valle,Contexto,5000000
2026-08-18 14:07:12,procesos,CO1.REQ.10864645,2026-08-16,GOBERNACION DEL VALLE DEL CAUCA - DEPARTAMENTO ADMINISTRATIVO DE PLANEACION,Gobernación del Valle,Contexto,7700000
2026-08-18 14:07:12,procesos,CO1.REQ.10864577,2026-08-16,SECRETARIA DE INFRAESTRUCTURA - GOBERNACION DEL VALLE,Gobernación del Valle,Contexto,30800000
2026-08-18 14:07:12,procesos,CO1.REQ.10864020,2026-08-16,SECRETARIA DE INFRAESTRUCTURA - GOBERNACION DEL VALLE,Gobernación del Valle,Contexto,26000000
2026-08-18 14:07:12,procesos,CO1.REQ.10862232,2026-08-16,SECRETARIA GENERAL- GOBERNACION DEL VALLE,Gobernación del Valle,Contexto,6000000
2026-08-18 14:07:12,procesos,CO1.REQ.10864215,2026-08-16,SECRETARIA GENERAL- GOBERNACION DEL VALLE,Gobernación del Valle,Contexto,14000000
2026-08-18 14:07:12,procesos,CO1.REQ.10864698,2026-08-16,SECRETARIA DE INFRAESTRUCTURA - GOBERNACION DEL VALLE,Gobernación del Valle,Contexto,28000000
2026-08-18 14:07:12,procesos,CO1.REQ.10864815,2026-08-16,GOBERNACION DEL VALLE DEL CAUCA - DADI,Gobernación del Valle,Contexto,5000000
2026-08-18 14:07:12,procesos,CO1.REQ.10863675,2026-08-16,SECRETARIA DE INFRAESTRUCTURA - GOBERNACION DEL VALLE,Gobernación del Valle,Contexto,14000000
2026-08-18 14:07:12,procesos,CO1.REQ.10864531,2026-08-16,GOBERNACION DEL VALLE DEL CAUCA - DEPARTAMENTO ADMINISTRATIVO DE PLANEACION,Gobernación del Valle,Contexto,6000000
2026-08-18 14:07:12,procesos,CO1.REQ.10860075,2026-08-16,SECRETARIA GENERAL- GOBERNACION DEL VALLE,Gobernación del Valle,Contexto,5000000
2026-08-18 14:07:12,procesos,CO1.REQ.10865231,2026-08-16,GOBERNACION DEL VALLE DEL CAUCA - DADI,Gobernación del Valle,Contexto,2500000
2026-08-18 14:07:12,procesos,CO1.REQ.10864527,2026-08-16,SECRETARIA DE INFRAESTRUCTURA - GOBERNACION DEL VALLE,Gobernación del Valle,Contexto,24000000
2026-08-18 14:07:12,procesos,CO1.REQ.10865349,2026-08-16,GOBERNACION DEL VALLE DEL CAUCA - DEPARTAMENTO ADMINISTRATIVO DE PLANEACION,Gobernación del Valle,Contexto,7700000
2026-08-18 14:07:12,procesos,CO1.REQ.10865178,2026-08-16,SECRETARIA DE MOVILIDAD Y TRANSPORTE,Gobernación del Valle,Contexto,3500000
2026-08-18 14:07:12,procesos,CO1.REQ.10864002,2026-08-16,SECRETARIA DE INFRAESTRUCTURA - GOBERNACION DEL VALLE,Gobernación del Valle,Contexto,30800000
2026-08-18 14:07:12,procesos,CO1.REQ.10864605,2026-08-16,GOBERNACION DEL VALLE DEL CAUCA - DADI,Gobernación del Valle,Contexto,5000000
2026-08-18 14:07:12,procesos,CO1.REQ.10865354,2026-08-16,SANTIAGO DE CALI DISTRITO ESPECIAL - SECRETARIA DE VIVIENDA SOCIAL Y HABITAT,Alcaldía de Cali,Contexto,3947000
2026-08-18 14:07:12,procesos,CO1.REQ.10863680,2026-08-16,SECRETARIA DE INFRAESTRUCTURA - GOBERNACION DEL VALLE,Gobernación del Valle,Contexto,20000000
2026-08-18 14:07:12,procesos,CO1.REQ.10864560,2026-08-16,SECRETARIA DE INFRAESTRUCTURA - GOBERNACION DEL VALLE,Gobernación del Valle,Contexto,16000000
2026-08-18 14:07:12,procesos,CO1.REQ.10864535,2026-08-16,GOBERNACION DEL VALLE DEL CAUCA - DADI,Gobernación del Valle,Contexto,4000000
2026-08-18 14:07:12,procesos,CO1.REQ.10864517,2026-08-16,SECRETARIA DE INFRAESTRUCTURA - GOBERNACION DEL VALLE,Gobernación del Valle,Contexto,30800000
2026-08-18 14:07:12,procesos,CO1.REQ.10864641,2026-08-16,GOBERNACION DEL VALLE DEL CAUCA - DEPARTAMENTO ADMINISTRATIVO DE PLANEACION,Gobernación del Valle,Contexto,4000000
2026-08-18 14:07:12,procesos,CO1.REQ.10863727,2026-08-16,SECRETARIA DE INFRAESTRUCTURA - GOBERNACION DEL VALLE,Gobernación del Valle,Contexto,28000000
2026-08-18 14:07:12,procesos,CO1.REQ.10863672,2026-08-16,SECRETARIA DE INFRAESTRUCTURA - GOBERNACION DEL VALLE,Gobernación del Valle,Contexto,28000000
2026-08-18 14:07:12,procesos,CO1.REQ.10865382,2026-08-16,GOBERNACION DEL VALLE DEL CAUCA - DADI,Gobernación del Valle,Contexto,7700000
2026-08-18 14:07:12,procesos,CO1.REQ.10864469,2026-08-16,DEPARTAMENTO ADMINISTRATIVO DE GESTION DEL MEDIO AMBIENTE DAGMA,Alcaldía de Cali,Contexto,7826000
2026-08-18 14:07:12,procesos,CO1.REQ.10864574,2026-08-16,SANTIAGO DE CALI DISTRITO ESPECIAL - SECRETARIA DE BIENESTAR SOCIAL,Alcaldía de Cali,Contexto,4542000
2026-08-18 14:07:12,procesos,CO1.REQ.10864681,2026-08-16,GOBERNACION DEL VALLE DEL CAUCA - DADI,Gobernación del Valle,Contexto,2500000
2026-08-18 14:07:12,procesos,CO1.REQ.10864853,2026-08-16,SECRETARIA DE MOVILIDAD Y TRANSPORTE,Gobernación del Valle,Contexto,3500000
2026-08-18 14:07:12,procesos,CO1.REQ.10864583,2026-08-16,SECRETARIA GENERAL- GOBERNACION DEL VALLE,Gobernación del Valle,Contexto,5000000
2026-08-18 14:07:12,procesos,CO1.REQ.10865001,2026-08-16,SECRETARIA DE INFRAESTRUCTURA - GOBERNACION DEL VALLE,Gobernación del Valle,Contexto,28000000
2026-08-18 14:07:12,procesos,CO1.REQ.10862218,2026-08-16,SECRETARIA GENERAL- GOBERNACION DEL VALLE,Gobernación del Valle,Contexto,10000000
2026-08-18 14:07:12,procesos,CO1.REQ.10864354,2026-08-16,SECRETARIA DE INFRAESTRUCTURA - GOBERNACION DEL VALLE,Gobernación del Valle,Contexto,28000000
2026-08-18 14:07:12,procesos,CO1.REQ.10864416,2026-08-16,GOBERNACION DEL VALLE DEL CAUCA - DEPARTAMENTO ADMINISTRATIVO DE PLANEACION,Gobernación del Valle,Contexto,7700000
2026-08-18 14:07:12,procesos,CO1.REQ.10865126,2026-08-16,GOBERNACION DEL VALLE DEL CAUCA - DEPARTAMENTO ADMINISTRATIVO DE PLANEACION,Gobernación del Valle,Contexto,6000000
2026-08-18 14:07:12,procesos,CO1.REQ.10865187,2026-08-16,SECRETARIA DE INFRAESTRUCTURA - GOBERNACION DEL VALLE,Gobernación del Valle,Contexto,16000000
2026-08-18 14:07:12,procesos,CO1.REQ.10863959,2026-08-16,SECRETARIA DE INFRAESTRUCTURA - GOBERNACION DEL VALLE,Gobernación del Valle,Contexto,10000000
2026-08-18 14:07:12,procesos,CO1.REQ.10865103,2026-08-16,GOBERNACION DEL VALLE DEL CAUCA - DADI,Gobernación del Valle,Contexto,4000000
2026-08-18 14:07:12,procesos,CO1.REQ.10864403,2026-08-16,SECRETARIA DE INFRAESTRUCTURA - GOBERNACION DEL VALLE,Gobernación del Valle,Contexto,30800000
2026-08-18 14:07:12,procesos,CO1.REQ.10864449,2026-08-16,GOBERNACIÓN DEL VALLE DEL CAUCA - OFICINA CONTROL DISCIPLINARIO INSTRUCCIÓN,Gobernación del Valle,Contexto,8000000
2026-08-18 14:07:12,procesos,CO1.REQ.10864346,2026-08-16,SANTIAGO DE CALI DISTRITO ESPECIAL - SECRETARIA DEL DEPORTE Y LA RECREACIÓN,Alcaldía de Cali,Contexto,9084000
2026-08-18 14:07:12,procesos,CO1.REQ.10865218,2026-08-16,GOBERNACION DEL VALLE DEL CAUCA - DADI,Gobernación del Valle,Contexto,3000000
2026-08-18 14:07:12,procesos,CO1.REQ.10864223,2026-08-16,GOBERNACION DEL VALLE DEL CAUCA - DADI,Gobernación del Valle,Contexto,10000000
2026-08-18 14:07:12,procesos,CO1.REQ.10863845,2026-08-16,GOBERNACION DEL VALLE DEL CAUCA - DADI,Gobernación del Valle,Contexto,2500000
2026-08-18 14:07:12,procesos,CO1.REQ.10864771,2026-08-16,DEPARTAMENTO ADMINISTRATIVO DE GESTION DEL MEDIO AMBIENTE DAGMA,Alcaldía de Cali,Contexto,9610000
2026-08-18 14:07:12,procesos,CO1.REQ.10864133,2026-08-16,SECRETARIA DE INFRAESTRUCTURA - GOBERNACION DEL VALLE,Gobernación del Valle,Contexto,30800000
2026-08-18 14:07:12,procesos,CO1.REQ.10865136,2026-08-16,GOBERNACION DEL VALLE DEL CAUCA - DEPARTAMENTO ADMINISTRATIVO DE PLANEACION,Gobernación del Valle,Contexto,3000000
2026-08-18 14:07:12,procesos,CO1.REQ.10864031,2026-08-16,SECRETARIA DE INFRAESTRUCTURA - GOBERNACION DEL VALLE,Gobernación del Valle,Contexto,12000000
2026-08-18 14:07:12,procesos,CO1.REQ.10863718,2026-08-16,SECRETARIA DE INFRAESTRUCTURA - GOBERNACION DEL VALLE,Gobernación del Valle,Contexto,24000000
2026-08-18 14:07:12,procesos,CO1.REQ.10864706,2026-08-16,SECRETARIA DE INFRAESTRUCTURA - GOBERNACION DEL VALLE,Gobernación del Valle,Contexto,24000000
2026-08-18 14:07:12,procesos,CO1.REQ.10863830,2026-08-16,SECRETARIA DE INFRAESTRUCTURA - GOBERNACION DEL VALLE,Gobernación del Valle,Contexto,16000000
2026-08-18 14:07:12,procesos,CO1.REQ.10864520,2026-08-16,GOBERNACION DEL VALLE DEL CAUCA - DADI,Gobernación del Valle,Contexto,5000000
2026-08-18 14:07:12,procesos,CO1.REQ.10864734,2026-08-16,GOBERNACION DEL VALLE DEL CAUCA - DEPARTAMENTO ADMINISTRATIVO DE PLANEACION,Gobernación del Valle,Contexto,3500000
2026-08-18 14:07:12,procesos,CO1.REQ.10862208,2026-08-16,SECRETARIA GENERAL- GOBERNACION DEL VALLE,Gobernación del Valle,Contexto,5000000
2026-08-18 14:07:12,procesos,CO1.REQ.10865359,2026-08-16,GOBERNACION DEL VALLE DEL CAUCA - DEPARTAMENTO ADMINISTRATIVO DE PLANEACION,Gobernación del Valle,Contexto,7700000
2026-08-18 14:07:12,procesos,CO1.REQ.10864794,2026-08-16,GOBERNACION DEL VALLE DEL CAUCA - DADI,Gobernación del Valle,Contexto,6000000
2026-08-18 14:07:12,procesos,CO1.REQ.10864674,2026-08-16,GOBERNACION DEL VALLE DEL CAUCA - DADI,Gobernación del Valle,Contexto,6500000
2026-08-18 14:07:12,procesos,CO1.REQ.10864327,2026-08-16,GOBERNACION DEL VALLE DEL CAUCA - DEPARTAMENTO ADMINISTRATIVO DE PLANEACION,Gobernación del Valle,Contexto,7700000
2026-08-18 14:07:12,procesos,CO1.REQ.10864813,2026-08-16,SECRETARIA DE INFRAESTRUCTURA - GOBERNACION DEL VALLE,Gobernación del Valle,Contexto,28000000
2026-08-18 14:07:12,procesos,CO1.REQ.10865321,2026-08-16,SECRETARIA DE INFRAESTRUCTURA - GOBERNACION DEL VALLE,Gobernación del Valle,Contexto,24000000
2026-08-18 14:07:12,procesos,CO1.REQ.10863669,2026-08-16,SECRETARIA DE INFRAESTRUCTURA - GOBERNACION DEL VALLE,Gobernación del Valle,Contexto,30800000
2026-08-18 14:07:12,procesos,CO1.REQ.10865443,2026-08-16,GOBERNACION DEL VALLE DEL CAUCA - DADI,Gobernación del Valle,Contexto,7700000
2026-08-18 14:07:12,procesos,CO1.REQ.10864342,2026-08-16,SECRETARIA DE INFRAESTRUCTURA - GOBERNACION DEL VALLE,Gobernación del Valle,Contexto,14000000
2026-08-18 14:07:12,procesos,CO1.REQ.10864836,2026-08-16,GOBERNACION DEL VALLE DEL CAUCA - DEPARTAMENTO ADMINISTRATIVO DE PLANEACION,Gobernación del Valle,Contexto,7700000
2026-08-18 14:07:12,procesos,CO1.REQ.10864439,2026-08-16,GOBERNACION DEL VALLE DEL CAUCA - DADI,Gobernación del Valle,Contexto,7700000
2026-08-18 14:07:12,procesos,CO1.REQ.10864203,2026-08-16,SECRETARIA DE INFRAESTRUCTURA - GOBERNACION DEL VALLE,Gobernación del Valle,Contexto,24000000
2026-08-18 14:07:12,procesos,CO1.REQ.10864776,2026-08-16,SECRETARIA DE INFRAESTRUCTURA - GOBERNACION DEL VALLE,Gobernación del Valle,Contexto,10000000
2026-08-18 14:07:12,procesos,CO1.REQ.10864625,2026-08-16,GOBERNACION DEL VALLE DEL CAUCA - DEPARTAMENTO ADMINISTRATIVO DE PLANEACION,Gobernación del Valle,Contexto,7700000
2026-08-18 14:07:12,procesos,CO1.REQ.10864532,2026-08-16,GOBERNACION DEL VALLE DEL CAUCA - DEPARTAMENTO ADMINISTRATIVO DE PLANEACION,Gobernación del Valle,Contexto,3500000
2026-08-18 14:07:12,procesos,CO1.REQ.10864054,2026-08-16,SECRETARIA DE INFRAESTRUCTURA - GOBERNACION DEL VALLE,Gobernación del Valle,Contexto,16000000
2026-08-18 14:07:12,procesos,CO1.REQ.10864732,2026-08-16,GOBERNACION DEL VALLE DEL CAUCA - DEPARTAMENTO ADMINISTRATIVO DE PLANEACION,Gobernación del Valle,Contexto,2500000
2026-08-18 14:07:12,procesos,CO1.REQ.10864043,2026-08-16,SECRETARIA DE INFRAESTRUCTURA - GOBERNACION DEL VALLE,Gobernación del Valle,Contexto,20000000
2026-08-18 14:07:12,procesos,CO1.REQ.10864129,2026-08-16,SECRETARIA DE INFRAESTRUCTURA - GOBERNACION DEL VALLE,Gobernación del Valle,Contexto,16000000
2026-08-18 14:07:12,procesos,CO1.REQ.10865180,2026-08-16,SECRETARIA DE MOVILIDAD Y TRANSPORTE,Gobernación del Valle,Contexto,3500000
2026-08-18 14:07:12,procesos,CO1.REQ.10864040,2026-08-16,SECRETARIA DE INFRAESTRUCTURA - GOBERNACION DEL VALLE,Gobernación del Valle,Contexto,16000000
2026-08-18 14:07:12,procesos,CO1.REQ.10865200,2026-08-16,SECRETARIA DE MOVILIDAD Y TRANSPORTE,Gobernación del Valle,Contexto,3500000
2026-08-18 14:07:12,procesos,CO1.REQ.10864703,2026-08-16,SECRETARIA DE INFRAESTRUCTURA - GOBERNACION DEL VALLE,Gobernación del Valle,Contexto,24000000
2026-08-18 14:07:12,procesos,CO1.REQ.10863695,2026-08-16,SECRETARIA DE INFRAESTRUCTURA - GOBERNACION DEL VALLE,Gobernación del Valle,Contexto,30800000
2026-08-18 14:07:12,procesos,CO1.REQ.10864724,2026-08-16,GOBERNACION DEL VALLE DEL CAUCA - DEPARTAMENTO ADMINISTRATIVO DE PLANEACION,Gobernación del Valle,Contexto,7700000
2026-08-18 14:07:12,procesos,CO1.REQ.10863916,2026-08-16,SECRETARIA DE INFRAESTRUCTURA - GOBERNACION DEL VALLE,Gobernación del Valle,Contexto,24000000
2026-08-18 14:07:12,procesos,CO1.REQ.10864740,2026-08-16,SECRETARIA DE INFRAESTRUCTURA - GOBERNACION DEL VALLE,Gobernación del Valle,Contexto,24000000
2026-08-18 14:07:12,procesos,CO1.REQ.10864050,2026-08-16,SECRETARIA DE INFRAESTRUCTURA - GOBERNACION DEL VALLE,Gobernación del Valle,Contexto,30800000
2026-08-18 14:07:12,procesos,CO1.REQ.10864151,2026-08-16,GOBERNACION DEL VALLE DEL CAUCA - DADI,Gobernación del Valle,Contexto,6000000
2026-08-18 14:07:12,procesos,CO1.REQ.10863952,2026-08-16,SECRETARIA DE INFRAESTRUCTURA - GOBERNACION DEL VALLE,Gobernación del Valle,Contexto,20000000
2026-08-18 14:07:12,procesos,CO1.REQ.10863826,2026-08-16,SECRETARIA DE INFRAESTRUCTURA - GOBERNACION DEL VALLE,Gobernación del Valle,Contexto,24000000
2026-08-18 14:07:12,procesos,CO1.REQ.10863699,2026-08-16,SECRETARIA DE INFRAESTRUCTURA - GOBERNACION DEL VALLE,Gobernación del Valle,Contexto,28000000
2026-08-18 14:07:12,procesos,CO1.REQ.10864689,2026-08-16,SANTIAGO DE CALI DISTRITO ESPECIAL - SECRETARIA DE VIVIENDA SOCIAL Y HABITAT,Alcaldía de Cali,Contexto,2792000
2026-08-18 14:07:12,procesos,CO1.REQ.10864515,2026-08-16,SECRETARIA DE INFRAESTRUCTURA - GOBERNACION DEL VALLE,Gobernación del Valle,Contexto,30800000
2026-08-18 14:07:12,procesos,CO1.REQ.10864127,2026-08-16,SECRETARIA DE INFRAESTRUCTURA - GOBERNACION DEL VALLE,Gobernación del Valle,Contexto,16000000
2026-08-18 14:07:12,procesos,CO1.REQ.10865315,2026-08-16,GOBERNACION DEL VALLE DEL CAUCA - DADI,Gobernación del Valle,Contexto,2500000
2026-08-18 14:07:12,procesos,CO1.REQ.10865012,2026-08-16,GOBERNACION DEL VALLE DEL CAUCA - DADI,Gobernación del Valle,Contexto,5000000
2026-08-18 14:07:12,procesos,CO1.REQ.10864536,2026-08-16,GOBERNACION DEL VALLE DEL CAUCA - DADI,Gobernación del Valle,Contexto,5000000
2026-08-18 14:07:12,procesos,CO1.REQ.10862201,2026-08-16,SECRETARIA GENERAL- GOBERNACION DEL VALLE,Gobernación del Valle,Contexto,6000000
2026-08-18 14:07:12,procesos,CO1.REQ.10864340,2026-08-16,SECRETARIA DE INFRAESTRUCTURA - GOBERNACION DEL VALLE,Gobernación del Valle,Contexto,20000000
2026-08-18 14:07:12,procesos,CO1.REQ.10864437,2026-08-16,GOBERNACION DEL VALLE DEL CAUCA - DADI,Gobernación del Valle,Contexto,2500000
2026-08-18 14:07:12,procesos,CO1.REQ.10865153,2026-08-16,GOBERNACION DEL VALLE DEL CAUCA - DEPARTAMENTO ADMINISTRATIVO DE PLANEACION,Gobernación del Valle,Contexto,7700000
2026-08-18 14:07:12,procesos,CO1.REQ.10865212,2026-08-16,GOBERNACION DEL VALLE DEL CAUCA - DEPARTAMENTO ADMINISTRATIVO DE PLANEACION,Gobernación del Valle,Contexto,3500000
2026-08-18 14:07:12,procesos,CO1.REQ.10865272,2026-08-16,GOBERNACION DEL VALLE DEL CAUCA - DEPARTAMENTO ADMINISTRATIVO DE PLANEACION,Gobernación del Valle,Contexto,7700000
2026-08-18 14:07:12,procesos,CO1.REQ.10864526,2026-08-16,SECRETARIA DE INFRAESTRUCTURA - GOBERNACION DEL VALLE,Gobernación del Valle,Contexto,24000000
2026-08-18 14:07:12,procesos,CO1.REQ.10864201,2026-08-16,SECRETARIA DE INFRAESTRUCTURA - GOBERNACION DEL VALLE,Gobernación del Valle,Contexto,40000000
2026-08-18 14:07:12,procesos,CO1.REQ.10861893,2026-08-16,SECRETARIA GENERAL- GOBERNACION DEL VALLE,Gobernación del Valle,Contexto,6000000
2026-08-18 14:07:12,procesos,CO1.REQ.10864408,2026-08-16,GOBERNACION DEL VALLE DEL CAUCA - DEPARTAMENTO ADMINISTRATIVO DE PLANEACION,Gobernación del Valle,Contexto,3500000
2026-08-18 14:07:12,procesos,CO1.REQ.10863918,2026-08-16,SECRETARIA DE INFRAESTRUCTURA - GOBERNACION DEL VALLE,Gobernación del Valle,Contexto,30800000
2026-08-18 14:07:12,procesos,CO1.REQ.10864210,2026-08-16,SECRETARIA DE INFRAESTRUCTURA - GOBERNACION DEL VALLE,Gobernación del Valle,Contexto,30800000
2026-08-18 14:07:12,procesos,CO1.REQ.10865233,2026-08-16,GOBERNACION DEL VALLE DEL CAUCA - DADI,Gobernación del Valle,Contexto,7700000
2026-08-18 14:07:12,procesos,CO1.REQ.10863721,2026-08-16,SECRETARIA DE INFRAESTRUCTURA - GOBERNACION DEL VALLE,Gobernación del Valle,Contexto,24000000
2026-08-18 14:07:12,procesos,CO1.REQ.10864435,2026-08-16,SANTIAGO DE CALI DISTRITO ESPECIAL - SECRETARIA DEL DEPORTE Y LA RECREACIÓN,Alcaldía de Cali,Contexto,7102000
2026-08-18 14:07:12,procesos,CO1.REQ.10865259,2026-08-16,SECRETARIA DE MOVILIDAD Y TRANSPORTE,Gobernación del Valle,Contexto,3500000
2026-08-18 14:07:12,procesos,CO1.REQ.10864110,2026-08-16,SANTIAGO DE CALI DISTRITO ESPECIAL - SECRETARIA DEL DEPORTE Y LA RECREACIÓN,Alcaldía de Cali,Contexto,11326000
2026-08-18 14:07:12,procesos,CO1.REQ.10864474,2026-08-16,SECRETARIA DE INFRAESTRUCTURA - GOBERNACION DEL VALLE,Gobernación del Valle,Contexto,30800000
2026-08-18 14:07:12,procesos,CO1.REQ.10863829,2026-08-16,SECRETARIA DE INFRAESTRUCTURA - GOBERNACION DEL VALLE,Gobernación del Valle,Contexto,28000000
2026-08-18 14:07:12,procesos,CO1.REQ.10864680,2026-08-16,SANTIAGO DE CALI DISTRITO ESPECIAL - SECRETARIA DEL DEPORTE Y LA RECREACIÓN,Alcaldía de Cali,Contexto,9084000
2026-08-18 14:07:12,procesos,CO1.REQ.10864551,2026-08-16,DEPARTAMENTO ADMINISTRATIVO DE GESTION DEL MEDIO AMBIENTE DAGMA,Alcaldía de Cali,Contexto,3551000
2026-08-18 14:07:12,procesos,CO1.REQ.10864666,2026-08-16,SECRETARIA DE INFRAESTRUCTURA - GOBERNACION DEL VALLE,Gobernación del Valle,Contexto,14000000
2026-08-18 14:07:12,procesos,CO1.REQ.10864475,2026-08-16,GOBERNACION DEL VALLE DEL CAUCA - DADI,Gobernación del Valle,Contexto,5000000
2026-08-18 14:07:12,procesos,CO1.REQ.10865245,2026-08-16,DEPARTAMENTO ADMINISTRATIVO DE GESTION DEL MEDIO AMBIENTE DAGMA,Alcaldía de Cali,Contexto,7102000
2026-08-18 14:07:12,procesos,CO1.REQ.10864521,2026-08-16,SECRETARIA DE INFRAESTRUCTURA - GOBERNACION DEL VALLE,Gobernación del Valle,Contexto,30800000
2026-08-18 14:07:12,procesos,CO1.REQ.10864458,2026-08-16,GOBERNACION DEL VALLE DEL CAUCA - DADI,Gobernación del Valle,Contexto,2500000
2026-08-18 14:07:12,procesos,CO1.REQ.10865314,2026-08-16,SECRETARIA DE INFRAESTRUCTURA - GOBERNACION DEL VALLE,Gobernación del Valle,Contexto,24000000
2026-08-18 14:07:12,procesos,CO1.REQ.10864421,2026-08-16,GOBERNACION DEL VALLE DEL CAUCA - DADI,Gobernación del Valle,Contexto,5000000
2026-08-18 14:07:12,procesos,CO1.REQ.10863725,2026-08-16,SECRETARIA DE INFRAESTRUCTURA - GOBERNACION DEL VALLE,Gobernación del Valle,Contexto,28000000
2026-08-18 14:07:12,procesos,CO1.REQ.10864790,2026-08-16,SECRETARIA DE INFRAESTRUCTURA - GOBERNACION DEL VALLE,Gobernación del Valle,Contexto,30800000
2026-08-18 14:07:12,procesos,CO1.REQ.10863958,2026-08-16,SECRETARIA DE INFRAESTRUCTURA - GOBERNACION DEL VALLE,Gobernación del Valle,Contexto,20000000
2026-08-18 14:07:12,procesos,CO1.REQ.10864405,2026-08-16,GOBERNACION DEL VALLE DEL CAUCA - DEPARTAMENTO ADMINISTRATIVO DE PLANEACION,Gobernación del Valle,Contexto,7700000
2026-08-18 14:07:12,procesos,CO1.REQ.10865047,2026-08-16,DEPARTAMENTO ADMINISTRATIVO DE GESTION DEL MEDIO AMBIENTE DAGMA,Alcaldía de Cali,Contexto,3947000
2026-08-18 14:07:12,procesos,CO1.REQ.10865196,2026-08-16,GOBERNACION DEL VALLE DEL CAUCA - DEPARTAMENTO ADMINISTRATIVO DE PLANEACION,Gobernación del Valle,Contexto,6000000
2026-08-18 14:07:12,procesos,CO1.REQ.10863947,2026-08-16,SECRETARIA DE INFRAESTRUCTURA - GOBERNACION DEL VALLE,Gobernación del Valle,Contexto,16000000
2026-08-18 14:07:12,procesos,CO1.REQ.10864113,2026-08-16,SANTIAGO DE CALI DISTRITO ESPECIAL - SECRETARIA DEL DEPORTE Y LA RECREACIÓN,Alcaldía de Cali,Contexto,15652000
2026-08-18 14:07:12,procesos,CO1.REQ.10864202,2026-08-16,SECRETARIA DE INFRAESTRUCTURA - GOBERNACION DEL VALLE,Gobernación del Valle,Contexto,20000000
2026-08-18 14:07:12,procesos,CO1.REQ.10865169,2026-08-16,GOBERNACION DEL VALLE DEL CAUCA - DEPARTAMENTO ADMINISTRATIVO DE PLANEACION,Gobernación del Valle,Contexto,7700000
2026-08-18 14:07:12,procesos,CO1.REQ.10864696,2026-08-16,GOBERNACION DEL VALLE DEL CAUCA - DADI,Gobernación del Valle,Contexto,6000000
2026-08-18 14:07:12,procesos,CO1.REQ.10864005,2026-08-16,SECRETARIA DE INFRAESTRUCTURA - GOBERNACION DEL VALLE,Gobernación del Valle,Contexto,30800000
2026-08-18 14:07:12,procesos,CO1.REQ.10864572,2026-08-16,SECRETARIA DE INFRAESTRUCTURA - GOBERNACION DEL VALLE,Gobernación del Valle,Media,30800000
2026-08-18 14:07:12,procesos,CO1.REQ.10864805,2026-08-16,GOBERNACION DEL VALLE DEL CAUCA - DADI,Gobernación del Valle,Contexto,6000000
2026-08-18 14:07:12,procesos,CO1.REQ.10865360,2026-08-16,SECRETARIA DE MOVILIDAD Y TRANSPORTE,Gobernación del Valle,Contexto,3500000
2026-08-18 14:07:12,procesos,CO1.REQ.10864701,2026-08-16,SECRETARIA DE INFRAESTRUCTURA - GOBERNACION DEL VALLE,Gobernación del Valle,Contexto,24000000
2026-08-18 14:07:12,procesos,CO1.REQ.10863719,2026-08-16,SECRETARIA DE INFRAESTRUCTURA - GOBERNACION DEL VALLE,Gobernación del Valle,Contexto,24000000
2026-08-18 14:07:12,procesos,CO1.REQ.10864747,2026-08-16,GOBERNACIÓN DEL VALLE DEL CAUCA - OFICINA CONTROL DISCIPLINARIO INSTRUCCIÓN,Gobernación del Valle,Contexto,8000000
2026-08-18 14:07:12,procesos,CO1.REQ.10864635,2026-08-16,DEPARTAMENTO ADMINISTRATIVO DE GESTION DEL MEDIO AMBIENTE DAGMA,Alcaldía de Cali,Contexto,3551000
2026-08-18 14:07:12,procesos,CO1.REQ.10864639,2026-08-16,GOBERNACION DEL VALLE DEL CAUCA - DEPARTAMENTO ADMINISTRATIVO DE PLANEACION,Gobernación del Valle,Contexto,7700000
2026-08-18 14:07:12,procesos,CO1.REQ.10862214,2026-08-16,SECRETARIA GENERAL- GOBERNACION DEL VALLE,Gobernación del Valle,Contexto,8000000
2026-08-18 14:07:12,procesos,CO1.REQ.10864750,2026-08-16,GOBERNACION DEL VALLE DEL CAUCA - DADI,Gobernación del Valle,Contexto,2500000
2026-08-18 14:07:12,procesos,CO1.REQ.10863914,2026-08-16,SECRETARIA DE INFRAESTRUCTURA - GOBERNACION DEL VALLE,Gobernación del Valle,Contexto,24000000
2026-08-18 14:07:12,procesos,CO1.REQ.10865348,2026-08-16,GOBERNACIÓN DEL VALLE DEL CAUCA - SECRETARIA DE LAS TECNOLOGÍAS DE LA INFORMACIÓN Y LAS COMUNICACIONES,Gobernación del Valle,Contexto,3000000
2026-08-18 14:07:12,procesos,CO1.REQ.10864316,2026-08-16,GOBERNACION DEL VALLE DEL CAUCA - DADI,Gobernación del Valle,Contexto,2500000
2026-08-18 14:07:12,procesos,CO1.REQ.10864756,2026-08-16,SECRETARIA DE INFRAESTRUCTURA - GOBERNACION DEL VALLE,Gobernación del Valle,Contexto,16000000
2026-08-18 14:07:12,procesos,CO1.REQ.10864591,2026-08-16,HOSPITAL MUNICIPAL LUIS ABLANQUE DE LA PLATA EMPRESA SOCIAL DEL ESTADO,Otras entidades del Valle,Contexto,44275010
2026-08-18 14:07:12,procesos,CO1.REQ.10865206,2026-08-16,MUNICIPIO DE VERSALLES,Otras entidades del Valle,Contexto,60359214
2026-08-18 14:07:12,procesos,CO1.REQ.10864355,2026-08-16,CONCEJO MUNICIPAL DE CANDELARIA,Otras entidades del Valle,Contexto,10800000
2026-08-18 14:07:12,procesos,CO1.REQ.10865234,2026-08-16,CENTRAL DE ABASTECIMIENTOS DEL VALLE DEL CAUCA S.A. CAVASA,Otras entidades del Valle,Contexto,10051572
2026-08-18 14:07:12,procesos,CO1.REQ.10863972,2026-08-16,CENTRAL DE ABASTECIMIENTOS DEL VALLE DEL CAUCA S.A. CAVASA,Otras entidades del Valle,Contexto,48307919
2026-08-18 14:07:12,procesos,CO1.REQ.10864107,2026-08-16,ALCALDIA MUNICIPIO DE JAMUNDI,Otras entidades del Valle,Contexto,11500000
2026-08-18 14:07:12,procesos,CO1.REQ.10863679,2026-08-16,ALCALDIA MUNICIPIO DE JAMUNDI,Otras entidades del Valle,Contexto,11500000
2026-08-18 14:07:12,procesos,CO1.REQ.10864108,2026-08-16,ALCALDIA MUNICIPIO DE JAMUNDI,Otras entidades del Valle,Contexto,11500000
2026-08-18 14:07:12,procesos,CO1.REQ.10864135,2026-08-16,CENTRAL DE ABASTECIMIENTOS DEL VALLE DEL CAUCA S.A. CAVASA,Otras entidades del Valle,Contexto,69156000
2026-08-18 14:07:12,procesos,CO1.REQ.10865081,2026-08-16,HOSPITAL MUNICIPAL LUIS ABLANQUE DE LA PLATA EMPRESA SOCIAL DEL ESTADO,Otras entidades del Valle,Contexto,21450000
2026-08-18 14:07:12,procesos,CO1.REQ.10865164,2026-08-16,HOSPITAL MUNICIPAL LUIS ABLANQUE DE LA PLATA EMPRESA SOCIAL DEL ESTADO,Otras entidades del Valle,Contexto,50599995
2026-08-18 14:07:12,procesos,CO1.REQ.10865241,2026-08-16,ALCALDIA MUNICIPIO DE JAMUNDI,Otras entidades del Valle,Contexto,20000000
2026-08-18 14:07:12,procesos,CO1.REQ.10864137,2026-08-16,CENTRAL DE ABASTECIMIENTOS DEL VALLE DEL CAUCA S.A. CAVASA,Otras entidades del Valle,Contexto,22200000
2026-08-18 14:07:12,procesos,CO1.REQ.10864758,2026-08-16,ALCALDIA MUNICIPAL DE YOTOCO,Otras entidades del Valle,Alta,70000000
2026-08-18 14:07:12,procesos,CO1.REQ.10863976,2026-08-16,ALCALDIA MUNICIPAL DE YOTOCO,Otras entidades del Valle,Alta,200000000
2026-08-18 14:07:12,procesos,CO1.REQ.10864109,2026-08-16,ALCALDIA MUNICIPIO DE JAMUNDI,Otras entidades del Valle,Contexto,11500000
2026-08-18 14:07:12,procesos,CO1.REQ.10864565,2026-08-16,CONCEJO MUNICIPAL DE CANDELARIA,Otras entidades del Valle,Contexto,25000000
2026-08-18 14:07:12,procesos,CO1.REQ.10865036,2026-08-16,ALCALDIA MUNICIPIO DE JAMUNDI,Otras entidades del Valle,Contexto,20000000
2026-08-18 14:07:12,procesos,CO1.REQ.10863843,2026-08-16,CENTRAL DE ABASTECIMIENTOS DEL VALLE DEL CAUCA S.A. CAVASA,Otras entidades del Valle,Media,102097270
2026-08-18 14:07:12,procesos,CO1.REQ.10865228,2026-08-16,CENTRAL DE ABASTECIMIENTOS DEL VALLE DEL CAUCA S.A. CAVASA,Otras entidades del Valle,Contexto,4200000
2026-08-18 14:07:12,procesos,CO1.REQ.10863668,2026-08-16,ALCALDIA MUNICIPIO DE JAMUNDI,Otras entidades del Valle,Contexto,11500000
2026-08-18 14:07:12,procesos,CO1.REQ.10865121,2026-08-16,CONCEJO MUNICIPAL DE CANDELARIA,Otras entidades del Valle,Contexto,25000000
2026-08-18 14:07:12,procesos,CO1.REQ.10863847,2026-08-16,ALCALDIA MUNICIPAL DE YOTOCO,Otras entidades del Valle,Alta,200000000
2026-08-18 14:07:12,procesos,CO1.REQ.10864134,2026-08-16,HOSPITAL MUNICIPAL LUIS ABLANQUE DE LA PLATA EMPRESA SOCIAL DEL ESTADO,Otras entidades del Valle,Contexto,25299995
2026-08-18 14:07:12,procesos,CO1.REQ.10864678,2026-08-16,HOSPITAL MUNICIPAL LUIS ABLANQUE DE LA PLATA EMPRESA SOCIAL DEL ESTADO,Otras entidades del Valle,Contexto,44275010
2026-08-18 14:07:12,procesos,CO1.REQ.10865039,2026-08-16,ALCALDIA MUNICIPIO DE JAMUNDI,Otras entidades del Valle,Contexto,20000000
2026-08-18 14:07:12,procesos,CO1.REQ.10865423,2026-08-16,HOSPITAL SAN BERNABE ESE,Fuera del Valle,Contexto,32000000
2026-08-18 14:07:12,procesos,CO1.REQ.10865425,2026-08-16,HOSPITAL SAN BERNABE ESE,Fuera del Valle,Contexto,32000000
2026-08-18 14:07:12,procesos,CO1.REQ.10865373,2026-08-16,HOSPITAL SAN BERNABE ESE,Fuera del Valle,Contexto,31500000
2026-08-18 14:07:12,procesos,CO1.REQ.10865430,2026-08-16,HOSPITAL SAN BERNABE ESE,Fuera del Valle,Contexto,26500000
2026-08-18 14:07:12,procesos,CO1.REQ.10865432,2026-08-16,HOSPITAL SAN BERNABE ESE,Fuera del Valle,Contexto,26500000
2026-08-18 14:07:12,procesos,CO1.REQ.10865420,2026-08-16,HOSPITAL SAN BERNABE ESE,Fuera del Valle,Contexto,42750000
2026-08-18 14:07:12,procesos,CO1.REQ.10865358,2026-08-16,HOSPITAL SAN BERNABE ESE,Fuera del Valle,Contexto,42750000
2026-08-19 14:07:36,contratos,CO1.PCCNTR.9820013,2026-08-17,SECRETARIA DE INFRAESTRUCTURA - GOBERNACION DEL VALLE,Gobernación del Valle,Contexto,30800000
2026-08-19 14:07:36,contratos,CO1.PCCNTR.9819303,2026-08-16,GOBERNACION DEL VALLE DEL CAUCA - DADI,Gobernación del Valle,Contexto,5000000
2026-08-19 14:07:36,contratos,CO1.PCCNTR.9819348,2026-08-17,SECRETARIA DE INFRAESTRUCTURA - GOBERNACION DEL VALLE,Gobernación del Valle,Contexto,24000000
2026-08-19 14:07:36,contratos,CO1.PCCNTR.9819257,2026-08-16,SECRETARIA DE INFRAESTRUCTURA - GOBERNACION DEL VALLE,Gobernación del Valle,Contexto,20000000
2026-08-19 14:07:36,contratos,CO1.PCCNTR.9819640,2026-08-16,SECRETARIA DE INFRAESTRUCTURA - GOBERNACION DEL VALLE,Gobernación del Valle,Contexto,30800000
2026-08-19 14:07:36,contratos,CO1.PCCNTR.9819607,2026-08-17,SECRETARIA DE INFRAESTRUCTURA - GOBERNACION DEL VALLE,Gobernación del Valle,Contexto,14000000
2026-08-19 14:07:36,contratos,CO1.PCCNTR.9820027,2026-08-17,SECRETARIA DE INFRAESTRUCTURA - GOBERNACION DEL VALLE,Gobernación del Valle,Contexto,24000000
2026-08-19 14:07:36,contratos,CO1.PCCNTR.9819430,2026-08-17,SECRETARIA DE INFRAESTRUCTURA - GOBERNACION DEL VALLE,Gobernación del Valle,Contexto,28000000
2026-08-19 14:07:36,contratos,CO1.PCCNTR.9820021,2026-08-16,SECRETARIA DE MOVILIDAD Y TRANSPORTE,Gobernación del Valle,Contexto,3500000
2026-08-19 14:07:36,contratos,CO1.PCCNTR.9819237,2026-08-17,SECRETARIA DE INFRAESTRUCTURA - GOBERNACION DEL VALLE,Gobernación del Valle,Contexto,30800000
2026-08-19 14:07:36,contratos,CO1.PCCNTR.9810333,2026-08-16,SANTIAGO DE CALI DISTRITO ESPECIAL - SECRETARIA DE BIENESTAR SOCIAL,Alcaldía de Cali,Contexto,15788000
2026-08-19 14:07:36,contratos,CO1.PCCNTR.9819234,2026-08-16,SECRETARIA DE INFRAESTRUCTURA - GOBERNACION DEL VALLE,Gobernación del Valle,Contexto,24000000
2026-08-19 14:07:36,contratos,CO1.PCCNTR.9819449,2026-08-17,SECRETARIA DE INFRAESTRUCTURA - GOBERNACION DEL VALLE,Gobernación del Valle,Contexto,24000000
2026-08-19 14:07:36,contratos,CO1.PCCNTR.9820310,2026-08-17,SANTIAGO DE CALI DISTRITO ESPECIAL - SECRETARIA DE VIVIENDA SOCIAL Y HABITAT,Alcaldía de Cali,Contexto,4805000
2026-08-19 14:07:36,contratos,CO1.PCCNTR.9819621,2026-08-17,SECRETARIA DE INFRAESTRUCTURA - GOBERNACION DEL VALLE,Gobernación del Valle,Contexto,20000000
2026-08-19 14:07:36,contratos,CO1.PCCNTR.9819506,2026-08-16,GOBERNACION DEL VALLE DEL CAUCA - DADI,Gobernación del Valle,Contexto,5000000
2026-08-19 14:07:36,contratos,CO1.PCCNTR.9819101,2026-08-16,GOBERNACION DEL VALLE DEL CAUCA - DADI,Gobernación del Valle,Contexto,2500000
2026-08-19 14:07:36,contratos,CO1.PCCNTR.9819551,2026-08-17,SECRETARIA DE INFRAESTRUCTURA - GOBERNACION DEL VALLE,Gobernación del Valle,Contexto,16000000
2026-08-19 14:07:36,contratos,CO1.PCCNTR.9819425,2026-08-17,SECRETARIA DE INFRAESTRUCTURA - GOBERNACION DEL VALLE,Gobernación del Valle,Contexto,20000000
2026-08-19 14:07:36,contratos,CO1.PCCNTR.9819434,2026-08-17,SECRETARIA DE INFRAESTRUCTURA - GOBERNACION DEL VALLE,Gobernación del Valle,Contexto,30800000
2026-08-19 14:07:36,contratos,CO1.PCCNTR.9819356,2026-08-16,SECRETARIA DE INFRAESTRUCTURA - GOBERNACION DEL VALLE,Gobernación del Valle,Contexto,24000000
2026-08-19 14:07:36,contratos,CO1.PCCNTR.9819249,2026-08-16,SECRETARIA DE INFRAESTRUCTURA - GOBERNACION DEL VALLE,Gobernación del Valle,Contexto,24000000
2026-08-19 14:07:36,contratos,CO1.PCCNTR.9819659,2026-08-17,SECRETARIA DE INFRAESTRUCTURA - GOBERNACION DEL VALLE,Gobernación del Valle,Contexto,24000000
2026-08-19 14:07:36,contratos,CO1.PCCNTR.9819402,2026-08-16,GOBERNACION DEL VALLE DEL CAUCA - DADI,Gobernación del Valle,Contexto,5000000
2026-08-19 14:07:36,contratos,CO1.PCCNTR.9819354,2026-08-17,SECRETARIA DE INFRAESTRUCTURA - GOBERNACION DEL VALLE,Gobernación del Valle,Contexto,10000000
2026-08-19 14:07:36,contratos,CO1.PCCNTR.9820102,2026-08-17,SANTIAGO DE CALI DISTRITO ESPECIAL - SECRETARIA DE VIVIENDA SOCIAL Y HABITAT,Alcaldía de Cali,Contexto,3947000
2026-08-19 14:07:36,contratos,CO1.PCCNTR.9819818,2026-08-16,SECRETARIA DE MOVILIDAD Y TRANSPORTE,Gobernación del Valle,Contexto,3500000
2026-08-19 14:07:36,contratos,CO1.PCCNTR.9819813,2026-08-17,SANTIAGO DE CALI DISTRITO ESPECIAL - SECRETARÍA DE GESTIÓN DEL RIESGO DE EMERGENCIAS Y DESASTRE,Alcaldía de Cali,Media,8376000
2026-08-19 14:07:36,contratos,CO1.PCCNTR.9819649,2026-08-17,SECRETARIA DE INFRAESTRUCTURA - GOBERNACION DEL VALLE,Gobernación del Valle,Contexto,24000000
2026-08-19 14:07:36,contratos,CO1.PCCNTR.9816205,2026-08-16,SANTIAGO DE CALI DISTRITO ESPECIAL - SECRETARIA DE BIENESTAR SOCIAL,Alcaldía de Cali,Contexto,5584000
2026-08-19 14:07:36,contratos,CO1.PCCNTR.9820403,2026-08-17,SANTIAGO DE CALI DISTRITO ESPECIAL - SECRETARIA DE VIVIENDA SOCIAL Y HABITAT,Alcaldía de Cali,Contexto,3947000
2026-08-19 14:07:36,contratos,CO1.PCCNTR.9810323,2026-08-16,SANTIAGO DE CALI DISTRITO ESPECIAL - SECRETARIA DE BIENESTAR SOCIAL,Alcaldía de Cali,Contexto,14204000
2026-08-19 14:07:36,contratos,CO1.PCCNTR.9820030,2026-08-17,SECRETARIA DE INFRAESTRUCTURA - GOBERNACION DEL VALLE,Gobernación del Valle,Contexto,24000000
2026-08-19 14:07:36,contratos,CO1.PCCNTR.9819204,2026-08-17,SECRETARIA DE INFRAESTRUCTURA - GOBERNACION DEL VALLE,Gobernación del Valle,Contexto,24000000
2026-08-19 14:07:36,contratos,CO1.PCCNTR.9819664,2026-08-17,SECRETARIA DE INFRAESTRUCTURA - GOBERNACION DEL VALLE,Gobernación del Valle,Contexto,16000000
2026-08-19 14:07:36,contratos,CO1.PCCNTR.9819260,2026-08-17,SECRETARIA DE INFRAESTRUCTURA - GOBERNACION DEL VALLE,Gobernación del Valle,Contexto,14000000
2026-08-19 14:07:36,contratos,CO1.PCCNTR.9819560,2026-08-16,SECRETARIA DE INFRAESTRUCTURA - GOBERNACION DEL VALLE,Gobernación del Valle,Contexto,30800000
2026-08-19 14:07:36,contratos,CO1.PCCNTR.9819258,2026-08-16,SECRETARIA DE INFRAESTRUCTURA - GOBERNACION DEL VALLE,Gobernación del Valle,Contexto,16000000
2026-08-19 14:07:36,contratos,CO1.PCCNTR.9820023,2026-08-16,SECRETARIA DE MOVILIDAD Y TRANSPORTE,Gobernación del Valle,Contexto,3500000
2026-08-19 14:07:36,contratos,CO1.PCCNTR.9820507,2026-08-17,SECRETARIA DE INFRAESTRUCTURA - GOBERNACION DEL VALLE,Gobernación del Valle,Contexto,14000000
2026-08-19 14:07:36,contratos,CO1.PCCNTR.9820513,2026-08-17,SECRETARIA DE INFRAESTRUCTURA - GOBERNACION DEL VALLE,Gobernación del Valle,Contexto,16000000
2026-08-19 14:07:36,contratos,CO1.PCCNTR.9819236,2026-08-17,SECRETARIA DE INFRAESTRUCTURA - GOBERNACION DEL VALLE,Gobernación del Valle,Contexto,28000000
2026-08-19 14:07:36,contratos,CO1.PCCNTR.9819916,2026-08-17,SECRETARIA DE INFRAESTRUCTURA - GOBERNACION DEL VALLE,Gobernación del Valle,Contexto,24000000
2026-08-19 14:07:36,contratos,CO1.PCCNTR.9820222,2026-08-17,SECRETARIA DE INFRAESTRUCTURA - GOBERNACION DEL VALLE,Gobernación del Valle,Contexto,16000000
2026-08-19 14:07:36,contratos,CO1.PCCNTR.9819603,2026-08-16,SECRETARIA DE INFRAESTRUCTURA - GOBERNACION DEL VALLE,Gobernación del Valle,Contexto,30800000
2026-08-19 14:07:36,contratos,CO1.PCCNTR.9818517,2026-08-16,GOBERNACION DEL VALLE DEL CAUCA - DADI,Gobernación del Valle,Contexto,3500000
2026-08-19 14:07:36,contratos,CO1.PCCNTR.9819320,2026-08-17,SECRETARIA DE INFRAESTRUCTURA - GOBERNACION DEL VALLE,Gobernación del Valle,Contexto,30800000
2026-08-19 14:07:36,contratos,CO1.PCCNTR.9798191,2026-08-16,SANTIAGO DE CALI DISTRITO ESPECIAL - SECRETARIA DEL DEPORTE Y LA RECREACIÓN,Alcaldía de Cali,Contexto,9084000
2026-08-19 14:07:36,contratos,CO1.PCCNTR.9819232,2026-08-16,SECRETARIA DE INFRAESTRUCTURA - GOBERNACION DEL VALLE,Gobernación del Valle,Contexto,24000000
2026-08-19 14:07:36,contratos,CO1.PCCNTR.9820515,2026-08-17,SECRETARIA DE MOVILIDAD Y TRANSPORTE,Gobernación del Valle,Contexto,2500000
2026-08-19 14:07:36,contratos,CO1.PCCNTR.9819601,2026-08-16,GOBERNACION DEL VALLE DEL CAUCA - DADI,Gobernación del Valle,Contexto,2500000
2026-08-19 14:07:36,contratos,CO1.PCCNTR.9820611,2026-08-17,SANTIAGO DE CALI DISTRITO ESPECIAL - SECRETARIA DE VIVIENDA SOCIAL Y HABITAT,Alcaldía de Cali,Contexto,4805000
2026-08-19 14:07:36,contratos,CO1.PCCNTR.9819451,2026-08-16,SECRETARIA DE INFRAESTRUCTURA - GOBERNACION DEL VALLE,Gobernación del Valle,Contexto,14000000
2026-08-19 14:07:36,contratos,CO1.PCCNTR.9819217,2026-08-17,SECRETARIA DE INFRAESTRUCTURA - GOBERNACION DEL VALLE,Gobernación del Valle,Contexto,28000000
2026-08-19 14:07:36,contratos,CO1.PCCNTR.9819816,2026-08-17,SECRETARIA DE MOVILIDAD Y TRANSPORTE,Gobernación del Valle,Contexto,3500000
2026-08-19 14:07:36,contratos,CO1.PCCNTR.9819914,2026-08-16,SECRETARIA DE MOVILIDAD Y TRANSPORTE,Gobernación del Valle,Contexto,3500000
2026-08-19 14:07:36,contratos,CO1.PCCNTR.9820106,2026-08-17,SECRETARIA DE INFRAESTRUCTURA - GOBERNACION DEL VALLE,Gobernación del Valle,Contexto,24000000
2026-08-19 14:07:36,contratos,CO1.PCCNTR.9819261,2026-08-16,SECRETARIA DE INFRAESTRUCTURA - GOBERNACION DEL VALLE,Gobernación del Valle,Contexto,10000000
2026-08-19 14:07:36,contratos,CO1.PCCNTR.9810405,2026-08-16,SANTIAGO DE CALI DISTRITO ESPECIAL - SECRETARIA DE BIENESTAR SOCIAL,Alcaldía de Cali,Contexto,12494000
2026-08-19 14:07:36,contratos,CO1.PCCNTR.9819330,2026-08-16,SECRETARIA DE INFRAESTRUCTURA - GOBERNACION DEL VALLE,Gobernación del Valle,Contexto,16000000
2026-08-19 14:07:36,contratos,CO1.PCCNTR.9819411,2026-08-17,SECRETARIA DE INFRAESTRUCTURA - GOBERNACION DEL VALLE,Gobernación del Valle,Contexto,30800000
2026-08-19 14:07:36,contratos,CO1.PCCNTR.9810183,2026-08-16,SANTIAGO DE CALI DISTRITO ESPECIAL - SECRETARIA DE BIENESTAR SOCIAL,Alcaldía de Cali,Contexto,9610000
2026-08-19 14:07:36,contratos,CO1.PCCNTR.9819616,2026-08-17,SECRETARIA DE INFRAESTRUCTURA - GOBERNACION DEL VALLE,Gobernación del Valle,Contexto,20000000
2026-08-19 14:07:36,contratos,CO1.PCCNTR.9819314,2026-08-16,DEPARTAMENTO ADMINISTRATIVO DE GESTION DEL MEDIO AMBIENTE DAGMA,Alcaldía de Cali,Contexto,3551000
2026-08-19 14:07:36,contratos,CO1.PCCNTR.9819516,2026-08-17,SECRETARIA DE INFRAESTRUCTURA - GOBERNACION DEL VALLE,Gobernación del Valle,Contexto,30800000
2026-08-19 14:07:36,contratos,CO1.PCCNTR.9819263,2026-08-17,SECRETARIA DE INFRAESTRUCTURA - GOBERNACION DEL VALLE,Gobernación del Valle,Contexto,40000000
2026-08-19 14:07:36,contratos,CO1.PCCNTR.9819005,2026-08-16,DEPARTAMENTO ADMINISTRATIVO DE GESTION DEL MEDIO AMBIENTE DAGMA,Alcaldía de Cali,Contexto,3551000
2026-08-19 14:07:36,contratos,CO1.PCCNTR.9817986,2026-08-16,SANTIAGO DE CALI DISTRITO ESPECIAL - SECRETARIA DE BIENESTAR SOCIAL,Alcaldía de Cali,Contexto,10653000
2026-08-19 14:07:36,contratos,CO1.PCCNTR.9819722,2026-08-17,SECRETARIA DE INFRAESTRUCTURA - GOBERNACION DEL VALLE,Gobernación del Valle,Contexto,24000000
2026-08-19 14:07:36,contratos,CO1.PCCNTR.9819715,2026-08-17,SANTIAGO DE CALI DISTRITO ESPECIAL - SECRETARIA DE VIVIENDA SOCIAL Y HABITAT,Alcaldía de Cali,Contexto,4805000
2026-08-19 14:07:36,contratos,CO1.PCCNTR.9819724,2026-08-17,SECRETARIA DE INFRAESTRUCTURA - GOBERNACION DEL VALLE,Gobernación del Valle,Contexto,20000000
2026-08-19 14:07:36,contratos,CO1.PCCNTR.9818714,2026-08-16,GOBERNACION DEL VALLE DEL CAUCA - DADI,Gobernación del Valle,Contexto,6000000
2026-08-19 14:07:36,contratos,CO1.PCCNTR.9819630,2026-08-17,SECRETARIA DE INFRAESTRUCTURA - GOBERNACION DEL VALLE,Gobernación del Valle,Contexto,30800000
2026-08-19 14:07:36,contratos,CO1.PCCNTR.9819809,2026-08-17,SECRETARIA DE MOVILIDAD Y TRANSPORTE,Gobernación del Valle,Contexto,3500000
2026-08-19 14:07:36,contratos,CO1.PCCNTR.9819701,2026-08-16,SECRETARIA DE INFRAESTRUCTURA - GOBERNACION DEL VALLE,Gobernación del Valle,Contexto,20000000
2026-08-19 14:07:36,contratos,CO1.PCCNTR.9819308,2026-08-16,SANTIAGO DE CALI DISTRITO ESPECIAL - SECRETARIA DEL DEPORTE Y LA RECREACIÓN,Alcaldía de Cali,Contexto,15652000
2026-08-19 14:07:36,contratos,CO1.PCCNTR.9819615,2026-08-17,SANTIAGO DE CALI DISTRITO ESPECIAL - SECRETARIA DEL DEPORTE Y LA RECREACIÓN,Alcaldía de Cali,Contexto,7894000
2026-08-19 14:07:36,contratos,CO1.PCCNTR.9819332,2026-08-16,SECRETARIA DE INFRAESTRUCTURA - GOBERNACION DEL VALLE,Gobernación del Valle,Contexto,20000000
2026-08-19 14:07:36,contratos,CO1.PCCNTR.9819806,2026-08-17,SECRETARIA DE INFRAESTRUCTURA - GOBERNACION DEL VALLE,Gobernación del Valle,Contexto,16000000
2026-08-19 14:07:36,contratos,CO1.PCCNTR.9819203,2026-08-16,GOBERNACION DEL VALLE DEL CAUCA - DADI,Gobernación del Valle,Contexto,7700000
2026-08-19 14:07:36,contratos,CO1.PCCNTR.9819512,2026-08-16,SECRETARIA DE INFRAESTRUCTURA - GOBERNACION DEL VALLE,Gobernación del Valle,Contexto,28000000
2026-08-19 14:07:36,contratos,CO1.PCCNTR.9820213,2026-08-17,SECRETARIA DE INFRAESTRUCTURA - GOBERNACION DEL VALLE,Gobernación del Valle,Contexto,16000000
2026-08-19 14:07:36,contratos,CO1.PCCNTR.9819519,2026-08-17,SECRETARIA DE INFRAESTRUCTURA - GOBERNACION DEL VALLE,Gobernación del Valle,Contexto,30800000
2026-08-19 14:07:36,contratos,CO1.PCCNTR.9819515,2026-08-17,SECRETARIA DE INFRAESTRUCTURA - GOBERNACION DEL VALLE,Gobernación del Valle,Media,30800000
2026-08-19 14:07:36,contratos,CO1.PCCNTR.9820305,2026-08-17,SECRETARIA DE INFRAESTRUCTURA - GOBERNACION DEL VALLE,Gobernación del Valle,Contexto,20000000
2026-08-19 14:07:36,contratos,CO1.PCCNTR.9819359,2026-08-17,SECRETARIA DE INFRAESTRUCTURA - GOBERNACION DEL VALLE,Gobernación del Valle,Contexto,16000000
2026-08-19 14:07:36,contratos,CO1.PCCNTR.9803672,2026-08-16,SANTIAGO DE CALI DISTRITO ESPECIAL - SECRETARIA DE BIENESTAR SOCIAL,Alcaldía de Cali,Contexto,22652000
2026-08-19 14:07:36,contratos,CO1.PCCNTR.9819405,2026-08-16,DEPARTAMENTO ADMINISTRATIVO DE GESTION DEL MEDIO AMBIENTE DAGMA,Alcaldía de Cali,Contexto,3551000
2026-08-19 14:07:36,contratos,CO1.PCCNTR.9819530,2026-08-17,SECRETARIA DE INFRAESTRUCTURA - GOBERNACION DEL VALLE,Gobernación del Valle,Contexto,30800000
2026-08-19 14:07:36,contratos,CO1.PCCNTR.9819205,2026-08-16,SANTIAGO DE CALI DISTRITO ESPECIAL - SECRETARIA DEL DEPORTE Y LA RECREACIÓN,Alcaldía de Cali,Contexto,11326000
2026-08-19 14:07:36,contratos,CO1.PCCNTR.9819350,2026-08-16,SECRETARIA DE INFRAESTRUCTURA - GOBERNACION DEL VALLE,Gobernación del Valle,Contexto,16000000
2026-08-19 14:07:36,contratos,CO1.PCCNTR.9819652,2026-08-16,SECRETARIA DE INFRAESTRUCTURA - GOBERNACION DEL VALLE,Gobernación del Valle,Contexto,24000000
2026-08-19 14:07:36,contratos,CO1.PCCNTR.9819539,2026-08-17,SECRETARIA DE INFRAESTRUCTURA - GOBERNACION DEL VALLE,Gobernación del Valle,Contexto,30800000
2026-08-19 14:07:36,contratos,CO1.PCCNTR.9819453,2026-08-17,SECRETARIA DE INFRAESTRUCTURA - GOBERNACION DEL VALLE,Gobernación del Valle,Contexto,24000000
2026-08-19 14:07:36,contratos,CO1.PCCNTR.9819913,2026-08-16,SECRETARIA DE MOVILIDAD Y TRANSPORTE,Gobernación del Valle,Contexto,2500000
2026-08-19 14:07:36,contratos,CO1.PCCNTR.9819712,2026-08-17,SECRETARIA DE INFRAESTRUCTURA - GOBERNACION DEL VALLE,Gobernación del Valle,Contexto,16000000
2026-08-19 14:07:36,contratos,CO1.PCCNTR.9810941,2026-08-16,SANTIAGO DE CALI DISTRITO ESPECIAL - SECRETARIA DE BIENESTAR SOCIAL,Alcaldía de Cali,Contexto,9610000
2026-08-19 14:07:36,contratos,CO1.PCCNTR.9819609,2026-08-17,SECRETARIA DE INFRAESTRUCTURA - GOBERNACION DEL VALLE,Gobernación del Valle,Contexto,24000000
2026-08-19 14:07:36,contratos,CO1.PCCNTR.9819328,2026-08-16,SECRETARIA DE INFRAESTRUCTURA - GOBERNACION DEL VALLE,Gobernación del Valle,Contexto,30800000
2026-08-19 14:07:36,contratos,CO1.PCCNTR.9820015,2026-08-17,SECRETARIA DE INFRAESTRUCTURA - GOBERNACION DEL VALLE,Gobernación del Valle,Contexto,28000000
2026-08-19 14:07:36,contratos,CO1.PCCNTR.9819716,2026-08-17,SANTIAGO DE CALI DISTRITO ESPECIAL - SECRETARIA DE VIVIENDA SOCIAL Y HABITAT,Alcaldía de Cali,Contexto,5663000
2026-08-19 14:07:36,contratos,CO1.PCCNTR.9819321,2026-08-16,SECRETARIA DE INFRAESTRUCTURA - GOBERNACION DEL VALLE,Gobernación del Valle,Contexto,12000000
2026-08-19 14:07:36,contratos,CO1.PCCNTR.9819325,2026-08-16,DEPARTAMENTO ADMINISTRATIVO DE GESTION DEL MEDIO AMBIENTE DAGMA,Alcaldía de Cali,Contexto,11326000
2026-08-19 14:07:36,contratos,CO1.PCCNTR.9820104,2026-08-16,SECRETARIA DE MOVILIDAD Y TRANSPORTE,Gobernación del Valle,Contexto,3500000
2026-08-19 14:07:36,contratos,CO1.PCCNTR.9820307,2026-08-17,SECRETARIA DE INFRAESTRUCTURA - GOBERNACION DEL VALLE,Gobernación del Valle,Contexto,16000000
2026-08-19 14:07:36,contratos,CO1.PCCNTR.9819518,2026-08-17,SECRETARIA DE INFRAESTRUCTURA - GOBERNACION DEL VALLE,Gobernación del Valle,Contexto,30800000
2026-08-19 14:07:36,contratos,CO1.PCCNTR.9819502,2026-08-16,GOBERNACION DEL VALLE DEL CAUCA - DADI,Gobernación del Valle,Contexto,5000000
2026-08-19 14:07:36,contratos,CO1.PCCNTR.9819426,2026-08-17,SECRETARIA DE INFRAESTRUCTURA - GOBERNACION DEL VALLE,Gobernación del Valle,Contexto,16000000
2026-08-19 14:07:36,contratos,CO1.PCCNTR.9819807,2026-08-17,SANTIAGO DE CALI DISTRITO ESPECIAL - SECRETARIA DE VIVIENDA SOCIAL Y HABITAT,Alcaldía de Cali,Contexto,2271000
2026-08-19 14:07:36,contratos,CO1.PCCNTR.9819412,2026-08-17,SANTIAGO DE CALI DISTRITO ESPECIAL - SECRETARIA DEL DEPORTE Y LA RECREACIÓN,Alcaldía de Cali,Contexto,7102000
2026-08-19 14:07:36,contratos,CO1.PCCNTR.9819211,2026-08-17,SECRETARIA DE INFRAESTRUCTURA - GOBERNACION DEL VALLE,Gobernación del Valle,Contexto,30800000
2026-08-19 14:07:36,contratos,CO1.PCCNTR.9820402,2026-08-17,SECRETARIA DE INFRAESTRUCTURA - GOBERNACION DEL VALLE,Gobernación del Valle,Contexto,16000000
2026-08-19 14:07:36,contratos,CO1.PCCNTR.9811955,2026-08-16,SANTIAGO DE CALI DISTRITO ESPECIAL - SECRETARIA DE BIENESTAR SOCIAL,Alcaldía de Cali,Contexto,11326000
2026-08-19 14:07:36,contratos,CO1.PCCNTR.9819623,2026-08-17,SECRETARIA DE INFRAESTRUCTURA - GOBERNACION DEL VALLE,Gobernación del Valle,Contexto,24000000
2026-08-19 14:07:36,contratos,CO1.PCCNTR.9819424,2026-08-16,SECRETARIA DE INFRAESTRUCTURA - GOBERNACION DEL VALLE,Gobernación del Valle,Contexto,24000000
2026-08-19 14:07:36,contratos,CO1.PCCNTR.9819324,2026-08-16,DEPARTAMENTO ADMINISTRATIVO DE GESTION DEL MEDIO AMBIENTE DAGMA,Alcaldía de Cali,Contexto,7826000
2026-08-19 14:07:36,contratos,CO1.PCCNTR.9819510,2026-08-16,DEPARTAMENTO ADMINISTRATIVO DE GESTION DEL MEDIO AMBIENTE DAGMA,Alcaldía de Cali,Contexto,3551000
2026-08-19 14:07:36,contratos,CO1.PCCNTR.9818713,2026-08-16,DEPARTAMENTO ADMINISTRATIVO DE GESTION DEL MEDIO AMBIENTE DAGMA,Alcaldía de Cali,Contexto,4805000
2026-08-19 14:07:36,contratos,CO1.PCCNTR.9819221,2026-08-17,SECRETARIA DE INFRAESTRUCTURA - GOBERNACION DEL VALLE,Gobernación del Valle,Contexto,30800000
2026-08-19 14:07:36,contratos,CO1.PCCNTR.9820018,2026-08-17,SECRETARIA DE INFRAESTRUCTURA - GOBERNACION DEL VALLE,Gobernación del Valle,Contexto,28000000
2026-08-19 14:07:36,contratos,CO1.PCCNTR.9819241,2026-08-16,SECRETARIA DE INFRAESTRUCTURA - GOBERNACION DEL VALLE,Gobernación del Valle,Contexto,28000000
2026-08-19 14:07:36,contratos,CO1.PCCNTR.9819219,2026-08-16,SECRETARIA DE INFRAESTRUCTURA - GOBERNACION DEL VALLE,Gobernación del Valle,Contexto,30800000
2026-08-19 14:07:36,contratos,CO1.PCCNTR.9819454,2026-08-17,SECRETARIA DE INFRAESTRUCTURA - GOBERNACION DEL VALLE,Gobernación del Valle,Contexto,16000000
2026-08-19 14:07:36,contratos,CO1.PCCNTR.9819702,2026-08-16,SANTIAGO DE CALI DISTRITO ESPECIAL - SECRETARIA DE VIVIENDA SOCIAL Y HABITAT,Alcaldía de Cali,Contexto,2792000
2026-08-19 14:07:36,contratos,CO1.PCCNTR.9819660,2026-08-17,SECRETARIA DE INFRAESTRUCTURA - GOBERNACION DEL VALLE,Gobernación del Valle,Contexto,28000000
2026-08-19 14:07:36,contratos,CO1.PCCNTR.9820219,2026-08-17,SECRETARIA DE INFRAESTRUCTURA - GOBERNACION DEL VALLE,Gobernación del Valle,Contexto,12000000
2026-08-19 14:07:36,contratos,CO1.PCCNTR.9819224,2026-08-17,SECRETARIA DE INFRAESTRUCTURA - GOBERNACION DEL VALLE,Gobernación del Valle,Contexto,30800000
2026-08-19 14:07:36,contratos,CO1.PCCNTR.9819549,2026-08-17,SECRETARIA DE INFRAESTRUCTURA - GOBERNACION DEL VALLE,Gobernación del Valle,Contexto,24000000
2026-08-19 14:07:36,contratos,CO1.PCCNTR.9820033,2026-08-17,SECRETARIA DE INFRAESTRUCTURA - GOBERNACION DEL VALLE,Gobernación del Valle,Contexto,24000000
2026-08-19 14:07:36,contratos,CO1.PCCNTR.9807006,2026-08-16,EMPRESA SOCIAL DEL ESTADO HOSPITAL BENJAMIN BARNEY GASCA,Otras entidades del Valle,Contexto,2120000
2026-08-19 14:07:36,contratos,CO1.PCCNTR.9806216,2026-08-16,EMPRESA SOCIAL DEL ESTADO HOSPITAL BENJAMIN BARNEY GASCA,Otras entidades del Valle,Contexto,2120000
2026-08-19 14:07:36,contratos,CO1.PCCNTR.9819215,2026-08-16,CONCEJO MUNICIPAL DE CANDELARIA,Otras entidades del Valle,Contexto,25000000
2026-08-19 14:07:36,contratos,CO1.PCCNTR.9818922,2026-08-17,ALCALDIA MUNICIPIO DE JAMUNDI,Otras entidades del Valle,Contexto,19000000
2026-08-19 14:07:36,contratos,CO1.PCCNTR.9819820,2026-08-17,HOSPITAL MUNICIPAL LUIS ABLANQUE DE LA PLATA EMPRESA SOCIAL DEL ESTADO,Otras entidades del Valle,Contexto,21450000
2026-08-19 14:07:36,contratos,CO1.PCCNTR.9819671,2026-08-17,HOSPITAL MUNICIPAL LUIS ABLANQUE DE LA PLATA EMPRESA SOCIAL DEL ESTADO,Otras entidades del Valle,Contexto,50599995
2026-08-19 14:07:36,contratos,CO1.PCCNTR.9819015,2026-08-17,HOSPITAL MUNICIPAL LUIS ABLANQUE DE LA PLATA EMPRESA SOCIAL DEL ESTADO,Otras entidades del Valle,Contexto,50000000
2026-08-19 14:07:36,contratos,CO1.PCCNTR.9806021,2026-08-16,EMPRESA SOCIAL DEL ESTADO HOSPITAL BENJAMIN BARNEY GASCA,Otras entidades del Valle,Contexto,2120000
2026-08-19 14:07:36,contratos,CO1.PCCNTR.9819529,2026-08-17,HOSPITAL MUNICIPAL LUIS ABLANQUE DE LA PLATA EMPRESA SOCIAL DEL ESTADO,Otras entidades del Valle,Contexto,44275010
2026-08-19 14:07:36,contratos,CO1.PCCNTR.9807049,2026-08-16,EMPRESA SOCIAL DEL ESTADO HOSPITAL BENJAMIN BARNEY GASCA,Otras entidades del Valle,Contexto,2240000
2026-08-19 14:07:36,contratos,CO1.PCCNTR.9798661,2026-08-16,EMPRESA SOCIAL DEL ESTADO HOSPITAL BENJAMIN BARNEY GASCA,Otras entidades del Valle,Contexto,4000000
2026-08-19 14:07:36,contratos,CO1.PCCNTR.9799810,2026-08-16,MUNICIPIO DE VERSALLES,Otras entidades del Valle,Contexto,13500000
2026-08-19 14:07:36,contratos,CO1.PCCNTR.9819420,2026-08-17,HOSPITAL MUNICIPAL LUIS ABLANQUE DE LA PLATA EMPRESA SOCIAL DEL ESTADO,Otras entidades del Valle,Contexto,44275010
2026-08-19 14:07:36,contratos,CO1.PCCNTR.9806543,2026-08-16,EMPRESA SOCIAL DEL ESTADO HOSPITAL BENJAMIN BARNEY GASCA,Otras entidades del Valle,Contexto,3800000
2026-08-19 14:07:36,contratos,CO1.PCCNTR.9806210,2026-08-16,EMPRESA SOCIAL DEL ESTADO HOSPITAL BENJAMIN BARNEY GASCA,Otras entidades del Valle,Contexto,3850000
2026-08-19 14:07:36,contratos,CO1.PCCNTR.9818082,2026-08-16,ALCALDIA MUNICIPIO DE JAMUNDI,Otras entidades del Valle,Contexto,30000000
2026-08-19 14:07:36,contratos,CO1.PCCNTR.9819013,2026-08-16,ALCALDIA DISTRITAL DE BUENAVENTURA-VALLE,Otras entidades del Valle,Contexto,14852600
2026-08-19 14:07:36,contratos,CO1.PCCNTR.9805888,2026-08-16,EMPRESA SOCIAL DEL ESTADO HOSPITAL BENJAMIN BARNEY GASCA,Otras entidades del Valle,Contexto,2120000
2026-08-19 14:07:36,contratos,CO1.PCCNTR.9819535,2026-08-16,CONCEJO MUNICIPAL DE CANDELARIA,Otras entidades del Valle,Contexto,10800000
2026-08-19 14:07:36,contratos,CO1.PCCNTR.9819441,2026-08-16,CONCEJO MUNICIPAL DE CANDELARIA,Otras entidades del Valle,Contexto,25000000
2026-08-19 14:07:36,contratos,CO1.PCCNTR.9806503,2026-08-16,EMPRESA SOCIAL DEL ESTADO HOSPITAL BENJAMIN BARNEY GASCA,Otras entidades del Valle,Contexto,2120000
2026-08-19 14:07:36,contratos,CO1.PCCNTR.9817839,2026-08-16,ALCALDIA MUNICIPIO DE JAMUNDI,Otras entidades del Valle,Contexto,12500000
2026-08-19 14:07:36,contratos,CO1.PCCNTR.9819210,2026-08-16,ALCALDIA MUNICIPIO DE JAMUNDI,Otras entidades del Valle,Contexto,15200000
2026-08-19 14:07:36,contratos,CO1.PCCNTR.9808751,2026-08-17,HOSPITAL MUNICIPAL LUIS ABLANQUE DE LA PLATA EMPRESA SOCIAL DEL ESTADO,Otras entidades del Valle,Contexto,150000000
2026-08-19 14:07:36,contratos,CO1.PCCNTR.9807128,2026-08-16,EMPRESA SOCIAL DEL ESTADO HOSPITAL BENJAMIN BARNEY GASCA,Otras entidades del Valle,Contexto,3050000
2026-08-19 14:07:36,contratos,CO1.PCCNTR.9807708,2026-08-16,EMPRESA SOCIAL DEL ESTADO HOSPITAL BENJAMIN BARNEY GASCA,Otras entidades del Valle,Contexto,2120000
2026-08-19 14:07:36,contratos,CO1.PCCNTR.9799885,2026-08-16,EMPRESA SOCIAL DEL ESTADO HOSPITAL BENJAMIN BARNEY GASCA,Otras entidades del Valle,Contexto,2120000
2026-08-19 14:07:36,contratos,CO1.PCCNTR.9807303,2026-08-16,EMPRESA SOCIAL DEL ESTADO HOSPITAL BENJAMIN BARNEY GASCA,Otras entidades del Valle,Contexto,2120000
2026-08-19 14:07:36,contratos,CO1.PCCNTR.9805898,2026-08-16,EMPRESA SOCIAL DEL ESTADO HOSPITAL BENJAMIN BARNEY GASCA,Otras entidades del Valle,Contexto,2120000
2026-08-19 14:07:36,contratos,CO1.PCCNTR.9806357,2026-08-16,EMPRESA SOCIAL DEL ESTADO HOSPITAL BENJAMIN BARNEY GASCA,Otras entidades del Valle,Contexto,2120000
2026-08-19 14:07:36,contratos,CO1.PCCNTR.9819907,2026-08-16,EMPRESA DE DESARROLLO URBANO DE PEREIRA - EDUP,Fuera del Valle,Contexto,21886667
2026-08-19 14:07:36,contratos,CO1.PCCNTR.9819019,2026-08-16,GOBERNACIÓN DE RISARALDA**,Fuera del Valle,Otra urgencia,89467213
2026-08-19 14:07:36,procesos,CO1.REQ.10864066,2026-08-17,SECRETARIA DE INFRAESTRUCTURA - GOBERNACION DEL VALLE,Gobernación del Valle,Contexto,28000000
2026-08-19 14:07:36,procesos,CO1.REQ.10863527,2026-08-17,SECRETARIA GENERAL- GOBERNACION DEL VALLE,Gobernación del Valle,Contexto,5000000
2026-08-19 14:07:36,procesos,CO1.REQ.10864068,2026-08-17,SECRETARIA DE INFRAESTRUCTURA - GOBERNACION DEL VALLE,Gobernación del Valle,Contexto,28000000
2026-08-19 14:07:36,procesos,CO1.REQ.10865084,2026-08-17,SECRETARIA DE MOVILIDAD Y TRANSPORTE,Gobernación del Valle,Contexto,2500000
2026-08-19 14:07:36,procesos,CO1.REQ.10863909,2026-08-17,SECRETARIA DE INFRAESTRUCTURA - GOBERNACION DEL VALLE,Gobernación del Valle,Contexto,20000000
2026-08-19 14:07:36,procesos,CO1.REQ.10864047,2026-08-17,SECRETARIA DE INFRAESTRUCTURA - GOBERNACION DEL VALLE,Gobernación del Valle,Contexto,16000000
2026-08-19 14:07:36,procesos,CO1.REQ.10865843,2026-08-17,SECRETARIA DE INFRAESTRUCTURA - GOBERNACION DEL VALLE,Gobernación del Valle,Contexto,16000000
2026-08-19 14:07:36,procesos,CO1.REQ.10863085,2026-08-17,SANTIAGO DE CALI DISTRITO ESPECIAL - SECRETARIA DE DESARROLLO ECONOMICO,Alcaldía de Cali,Contexto,21108000
2026-08-19 14:07:36,procesos,CO1.REQ.10866330,2026-08-17,SECRETARIA DE MOVILIDAD Y TRANSPORTE,Gobernación del Valle,Contexto,3500000
2026-08-19 14:07:36,procesos,CO1.REQ.10860403,2026-08-18,SANTIAGO DE CALI DISTRITO ESPECIAL -DEPARTAMENTO ADMINISTRATIVO DE DESARROLLO E INNOVACION INSTITUCIONAL,Alcaldía de Cali,Contexto,14415000
2026-08-19 14:07:36,procesos,CO1.REQ.10866766,2026-08-17,Departamento Administrativo de Jurídica,Gobernación del Valle,Contexto,5000000
2026-08-19 14:07:36,procesos,CO1.REQ.10863707,2026-08-17,SECRETARIA DE INFRAESTRUCTURA - GOBERNACION DEL VALLE,Gobernación del Valle,Contexto,14000000
2026-08-19 14:07:36,procesos,CO1.REQ.10866602,2026-08-17,SECRETARIA DE MOVILIDAD Y TRANSPORTE,Gobernación del Valle,Contexto,2500000
2026-08-19 14:07:36,procesos,CO1.REQ.10864204,2026-08-17,SECRETARIA DE INFRAESTRUCTURA - GOBERNACION DEL VALLE,Gobernación del Valle,Contexto,30800000
2026-08-19 14:07:36,procesos,CO1.REQ.10866198,2026-08-17,GOBERNACION DEL VALLE DEL CAUCA - DADI,Gobernación del Valle,Contexto,7000000
2026-08-19 14:07:36,procesos,CO1.REQ.10846787,2026-08-17,SANTIAGO DE CALI DISTRITO ESPECIAL - SECRETARIA DE DESARROLLO ECONOMICO,Alcaldía de Cali,Contexto,14415000
2026-08-19 14:07:36,procesos,CO1.REQ.10866411,2026-08-17,CONCEJO DISTRITAL DE SANTIAGO DE CALI,Alcaldía de Cali,Contexto,28315000
2026-08-19 14:07:36,procesos,CO1.REQ.10864057,2026-08-17,SECRETARIA DE INFRAESTRUCTURA - GOBERNACION DEL VALLE,Gobernación del Valle,Contexto,16000000
2026-08-19 14:07:36,procesos,CO1.REQ.10865723,2026-08-17,DEPARTAMENTO ADMINISTRATIVO DE GESTION DEL MEDIO AMBIENTE DAGMA,Alcaldía de Cali,Contexto,5663000
2026-08-19 14:07:36,procesos,CO1.REQ.10866604,2026-08-17,SECRETARIA DE MOVILIDAD Y TRANSPORTE,Gobernación del Valle,Contexto,2500000
2026-08-19 14:07:36,procesos,CO1.REQ.10863904,2026-08-17,SECRETARIA DE INFRAESTRUCTURA - GOBERNACION DEL VALLE,Gobernación del Valle,Contexto,16000000
2026-08-19 14:07:36,procesos,CO1.REQ.10866856,2026-08-17,GOBERNACION DEL VALLE DEL CAUCA - DADI,Gobernación del Valle,Contexto,4000000
2026-08-19 14:07:36,procesos,CO1.REQ.10864470,2026-08-17,SECRETARIA GENERAL- GOBERNACION DEL VALLE,Gobernación del Valle,Contexto,12000000
2026-08-19 14:07:36,procesos,CO1.REQ.10866678,2026-08-17,GOBERNACION DEL VALLE DEL CAUCA - DADI,Gobernación del Valle,Contexto,3500000
2026-08-19 14:07:36,procesos,CO1.REQ.10862033,2026-08-17,SECRETARIA GENERAL- GOBERNACION DEL VALLE,Gobernación del Valle,Contexto,7000000
2026-08-19 14:07:36,procesos,CO1.REQ.10865085,2026-08-17,GOBERNACION DEL VALLE DEL CAUCA - DADI,Gobernación del Valle,Contexto,7700000
2026-08-19 14:07:36,procesos,CO1.REQ.10863825,2026-08-17,SECRETARIA DE INFRAESTRUCTURA - GOBERNACION DEL VALLE,Gobernación del Valle,Contexto,10000000
2026-08-19 14:07:36,procesos,CO1.REQ.10866442,2026-08-17,CONCEJO DISTRITAL DE SANTIAGO DE CALI,Alcaldía de Cali,Contexto,21108000
2026-08-19 14:07:36,procesos,CO1.REQ.10866959,2026-08-17,Departamento Administrativo de Jurídica,Gobernación del Valle,Contexto,3500000
2026-08-19 14:07:36,procesos,CO1.REQ.10864061,2026-08-17,SECRETARIA DE INFRAESTRUCTURA - GOBERNACION DEL VALLE,Gobernación del Valle,Contexto,28000000
2026-08-19 14:07:36,procesos,CO1.REQ.10864067,2026-08-17,SECRETARIA DE INFRAESTRUCTURA - GOBERNACION DEL VALLE,Gobernación del Valle,Contexto,28000000
2026-08-19 14:07:36,procesos,CO1.REQ.10860507,2026-08-17,SANTIAGO DE CALI DISTRITO ESPECIAL -DEPARTAMENTO ADMINISTRATIVO DE DESARROLLO E INNOVACION INSTITUCIONAL,Alcaldía de Cali,Contexto,11841000
2026-08-19 14:07:36,procesos,CO1.REQ.10864045,2026-08-17,SECRETARIA DE INFRAESTRUCTURA - GOBERNACION DEL VALLE,Gobernación del Valle,Contexto,28000000
2026-08-19 14:07:36,procesos,CO1.REQ.10822257,2026-08-18,DEPARTAMENTO DEL VALLE DEL CAUCA - UNIDAD ADMINISTRATIVA ESPECIAL DE IMPUESTOS RENTAS Y GESTION TRIBUTARIA,Gobernación del Valle,Contexto,5000000
2026-08-19 14:07:36,procesos,CO1.REQ.10865293,2026-08-17,GOBERNACION DEL VALLE DEL CAUCA - DADI,Gobernación del Valle,Contexto,5000000
2026-08-19 14:07:36,procesos,CO1.REQ.10866166,2026-08-17,SANTIAGO DE CALI DISTRITO ESPECIAL - UNIDAD ADMINISTRATIVA ESPECIAL DE SERVICIOS PUBLICOS,Alcaldía de Cali,Alta,3759980000
2026-08-19 14:07:36,procesos,CO1.REQ.10866723,2026-08-17,CONCEJO DISTRITAL DE SANTIAGO DE CALI,Alcaldía de Cali,Contexto,16989000
2026-08-19 14:07:36,procesos,CO1.REQ.10866060,2026-08-17,GOBERNACION DEL VALLE DEL CAUCA - DADI,Gobernación del Valle,Contexto,7700000
2026-08-19 14:07:36,procesos,CO1.REQ.10864208,2026-08-17,SECRETARIA DE INFRAESTRUCTURA - GOBERNACION DEL VALLE,Gobernación del Valle,Contexto,30800000
2026-08-19 14:07:36,procesos,CO1.REQ.10867126,2026-08-17,SANTIAGO DE CALI DISTRITO ESPECIAL - SECRETARIA DE BIENESTAR SOCIAL,Alcaldía de Cali,Contexto,10653000
2026-08-19 14:07:36,procesos,CO1.REQ.10867037,2026-08-17,Departamento Administrativo de Jurídica,Gobernación del Valle,Contexto,4000000
2026-08-19 14:07:36,procesos,CO1.REQ.10866762,2026-08-17,Departamento Administrativo de Jurídica,Gobernación del Valle,Contexto,5000000
2026-08-19 14:07:36,procesos,CO1.REQ.10866431,2026-08-17,CONCEJO DISTRITAL DE SANTIAGO DE CALI,Alcaldía de Cali,Contexto,14415000
2026-08-19 14:07:36,procesos,CO1.REQ.10865867,2026-08-17,SANTIAGO DE CALI DISTRITO ESPECIAL - SECRETARIA DE VIVIENDA SOCIAL Y HABITAT,Alcaldía de Cali,Contexto,4805000
2026-08-19 14:07:36,procesos,CO1.REQ.10864046,2026-08-17,SECRETARIA DE INFRAESTRUCTURA - GOBERNACION DEL VALLE,Gobernación del Valle,Contexto,16000000
2026-08-19 14:07:36,procesos,CO1.REQ.10864564,2026-08-17,SECRETARIA DE INFRAESTRUCTURA - GOBERNACION DEL VALLE,Gobernación del Valle,Contexto,95200000
2026-08-19 14:07:36,procesos,CO1.REQ.10866150,2026-08-17,UAEPA2,Alcaldía de Cali,Contexto,7102000
2026-08-19 14:07:36,procesos,CO1.REQ.10866012,2026-08-17,SANTIAGO DE CALI DISTRITO ESPECIAL - SECRETARIA DE VIVIENDA SOCIAL Y HABITAT,Alcaldía de Cali,Contexto,4805000
2026-08-19 14:07:36,procesos,CO1.REQ.10865893,2026-08-17,GOBERNACION DEL VALLE DEL CAUCA - DADI,Gobernación del Valle,Contexto,7700000
2026-08-19 14:07:36,procesos,CO1.REQ.10863963,2026-08-17,SECRETARIA DE INFRAESTRUCTURA - GOBERNACION DEL VALLE,Gobernación del Valle,Contexto,28000000
2026-08-19 14:07:36,procesos,CO1.REQ.10865331,2026-08-17,UAEPA2,Alcaldía de Cali,Contexto,5584000
2026-08-19 14:07:36,procesos,CO1.REQ.10864051,2026-08-17,SECRETARIA DE INFRAESTRUCTURA - GOBERNACION DEL VALLE,Gobernación del Valle,Contexto,16000000
2026-08-19 14:07:36,procesos,CO1.REQ.10864060,2026-08-17,SECRETARIA DE INFRAESTRUCTURA - GOBERNACION DEL VALLE,Gobernación del Valle,Contexto,24000000
2026-08-19 14:07:36,procesos,CO1.REQ.10865335,2026-08-17,SECRETARIA DE MOVILIDAD Y TRANSPORTE,Gobernación del Valle,Contexto,2500000
2026-08-19 14:07:36,procesos,CO1.REQ.10865818,2026-08-17,SANTIAGO DE CALI DISTRITO ESPECIAL - SECRETARIA DE VIVIENDA SOCIAL Y HABITAT,Alcaldía de Cali,Contexto,3947000
2026-08-19 14:07:36,procesos,CO1.REQ.10866618,2026-08-17,SECRETARIA DE INFRAESTRUCTURA - GOBERNACION DEL VALLE,Gobernación del Valle,Contexto,10000000
2026-08-19 14:07:36,procesos,CO1.REQ.10865257,2026-08-17,SECRETARIA GENERAL- GOBERNACION DEL VALLE,Gobernación del Valle,Contexto,10000000
2026-08-19 14:07:36,procesos,CO1.REQ.10863905,2026-08-17,SECRETARIA DE INFRAESTRUCTURA - GOBERNACION DEL VALLE,Gobernación del Valle,Contexto,16000000
2026-08-19 14:07:36,procesos,CO1.REQ.10864833,2026-08-17,SECRETARIA GENERAL- GOBERNACION DEL VALLE,Gobernación del Valle,Contexto,12000000
2026-08-19 14:07:36,procesos,CO1.REQ.10864044,2026-08-17,SECRETARIA DE INFRAESTRUCTURA - GOBERNACION DEL VALLE,Gobernación del Valle,Contexto,16000000
2026-08-19 14:07:36,procesos,CO1.REQ.10866621,2026-08-17,SECRETARIA DE INFRAESTRUCTURA - GOBERNACION DEL VALLE,Gobernación del Valle,Contexto,14000000
2026-08-19 14:07:36,procesos,CO1.REQ.10864679,2026-08-17,SANTIAGO DE CALI DISTRITO ESPECIAL - SECRETARIA DE DESARROLLO ECONOMICO,Alcaldía de Cali,Contexto,11841000
2026-08-19 14:07:36,procesos,CO1.REQ.10860872,2026-08-17,SECRETARIA GENERAL- GOBERNACION DEL VALLE,Gobernación del Valle,Contexto,12000000
2026-08-19 14:07:36,procesos,CO1.REQ.10864048,2026-08-17,SECRETARIA DE INFRAESTRUCTURA - GOBERNACION DEL VALLE,Gobernación del Valle,Contexto,16000000
2026-08-19 14:07:36,procesos,CO1.REQ.10866772,2026-08-17,Departamento Administrativo de Jurídica,Gobernación del Valle,Contexto,4000000
2026-08-19 14:07:36,procesos,CO1.REQ.10863694,2026-08-17,SECRETARIA DE INFRAESTRUCTURA - GOBERNACION DEL VALLE,Gobernación del Valle,Contexto,30800000
2026-08-19 14:07:36,procesos,CO1.REQ.10865824,2026-08-17,SECRETARIA DE INFRAESTRUCTURA - GOBERNACION DEL VALLE,Gobernación del Valle,Contexto,16000000
2026-08-19 14:07:36,procesos,CO1.REQ.10865819,2026-08-17,SECRETARIA DE INFRAESTRUCTURA - GOBERNACION DEL VALLE,Gobernación del Valle,Contexto,14000000
2026-08-19 14:07:36,procesos,CO1.REQ.10863908,2026-08-17,SECRETARIA DE INFRAESTRUCTURA - GOBERNACION DEL VALLE,Gobernación del Valle,Contexto,16000000
2026-08-19 14:07:36,procesos,CO1.REQ.10863834,2026-08-17,SECRETARIA DE INFRAESTRUCTURA - GOBERNACION DEL VALLE,Gobernación del Valle,Contexto,10000000
2026-08-19 14:07:36,procesos,CO1.REQ.10864206,2026-08-17,SECRETARIA DE INFRAESTRUCTURA - GOBERNACION DEL VALLE,Gobernación del Valle,Contexto,30800000
2026-08-19 14:07:36,procesos,CO1.REQ.10866611,2026-08-17,SECRETARIA DE INFRAESTRUCTURA - GOBERNACION DEL VALLE,Gobernación del Valle,Contexto,24000000
2026-08-19 14:07:36,procesos,CO1.REQ.10863902,2026-08-17,SECRETARIA DE INFRAESTRUCTURA - GOBERNACION DEL VALLE,Gobernación del Valle,Contexto,16000000
2026-08-19 14:07:36,procesos,CO1.REQ.10864059,2026-08-17,SECRETARIA DE INFRAESTRUCTURA - GOBERNACION DEL VALLE,Gobernación del Valle,Contexto,12000000
2026-08-19 14:07:36,procesos,CO1.REQ.10864205,2026-08-17,SECRETARIA DE INFRAESTRUCTURA - GOBERNACION DEL VALLE,Gobernación del Valle,Contexto,30800000
2026-08-19 14:07:36,procesos,CO1.REQ.10864131,2026-08-17,SECRETARIA DE INFRAESTRUCTURA - GOBERNACION DEL VALLE,Gobernación del Valle,Contexto,16000000
2026-08-19 14:07:36,procesos,CO1.REQ.10865937,2026-08-17,SECRETARIA DE INFRAESTRUCTURA - GOBERNACION DEL VALLE,Gobernación del Valle,Contexto,12000000
2026-08-19 14:07:36,procesos,CO1.REQ.10865086,2026-08-17,GOBERNACION DEL VALLE DEL CAUCA - DADI,Gobernación del Valle,Contexto,5000000
2026-08-19 14:07:36,procesos,CO1.REQ.10865402,2026-08-17,SECRETARIA DE MOVILIDAD Y TRANSPORTE,Gobernación del Valle,Contexto,2500000
2026-08-19 14:07:36,procesos,CO1.REQ.10863906,2026-08-17,SECRETARIA DE INFRAESTRUCTURA - GOBERNACION DEL VALLE,Gobernación del Valle,Contexto,16000000
2026-08-19 14:07:36,procesos,CO1.REQ.10866955,2026-08-17,Departamento Administrativo de Jurídica,Gobernación del Valle,Contexto,4000000
2026-08-19 14:07:36,procesos,CO1.REQ.10865959,2026-08-17,GOBERNACION DEL VALLE DEL CAUCA - DADI,Gobernación del Valle,Contexto,7000000
2026-08-19 14:07:36,procesos,CO1.REQ.10865087,2026-08-17,GOBERNACION DEL VALLE DEL CAUCA - DADI,Gobernación del Valle,Contexto,6000000
2026-08-19 14:07:36,procesos,CO1.REQ.10866227,2026-08-17,SECRETARIA DE INFRAESTRUCTURA - GOBERNACION DEL VALLE,Gobernación del Valle,Contexto,12000000
2026-08-19 14:07:36,procesos,CO1.REQ.10863628,2026-08-17,SECRETARIA GENERAL- GOBERNACION DEL VALLE,Gobernación del Valle,Contexto,10000000
2026-08-19 14:07:36,procesos,CO1.REQ.10864058,2026-08-17,SECRETARIA DE INFRAESTRUCTURA - GOBERNACION DEL VALLE,Gobernación del Valle,Contexto,12000000
2026-08-19 14:07:36,procesos,CO1.REQ.10866950,2026-08-17,DEPARTAMENTO ADMINISTRATIVO DE GESTION DEL MEDIO AMBIENTE DAGMA,Alcaldía de Cali,Contexto,7036000
2026-08-19 14:07:36,procesos,CO1.REQ.10864685,2026-08-17,SECRETARIA GENERAL- GOBERNACION DEL VALLE,Gobernación del Valle,Contexto,6000000
2026-08-19 14:07:36,procesos,CO1.REQ.10865823,2026-08-17,SANTIAGO DE CALI DISTRITO ESPECIAL - SECRETARIA DE VIVIENDA SOCIAL Y HABITAT,Alcaldía de Cali,Contexto,4805000
2026-08-19 14:07:36,procesos,CO1.REQ.10865848,2026-08-17,SECRETARIA DE INFRAESTRUCTURA - GOBERNACION DEL VALLE,Gobernación del Valle,Contexto,16000000
2026-08-19 14:07:36,procesos,CO1.REQ.10866248,2026-08-17,SECRETARIA DE INFRAESTRUCTURA - GOBERNACION DEL VALLE,Gobernación del Valle,Contexto,24000000
2026-08-19 14:07:36,procesos,CO1.REQ.10865140,2026-08-17,SECRETARIA DE INFRAESTRUCTURA - GOBERNACION DEL VALLE,Gobernación del Valle,Contexto,24000000
2026-08-19 14:07:36,procesos,CO1.REQ.10864069,2026-08-17,SECRETARIA DE INFRAESTRUCTURA - GOBERNACION DEL VALLE,Gobernación del Valle,Contexto,28000000
2026-08-19 14:07:36,procesos,CO1.REQ.10852930,2026-08-17,SANTIAGO DE CALI DISTRITO ESPECIAL - SECRETARIA DE GOBIERNO,Alcaldía de Cali,Contexto,10653000
2026-08-19 14:07:36,procesos,CO1.REQ.10864207,2026-08-17,SECRETARIA DE INFRAESTRUCTURA - GOBERNACION DEL VALLE,Gobernación del Valle,Contexto,30800000
2026-08-19 14:07:36,procesos,CO1.REQ.10866776,2026-08-17,Departamento Administrativo de Jurídica,Gobernación del Valle,Contexto,7000000
2026-08-19 14:07:36,procesos,CO1.REQ.10863964,2026-08-17,SECRETARIA DE INFRAESTRUCTURA - GOBERNACION DEL VALLE,Gobernación del Valle,Contexto,16000000
2026-08-19 14:07:36,procesos,CO1.REQ.10865773,2026-08-17,GOBERNACION DEL VALLE DEL CAUCA - DADI,Gobernación del Valle,Contexto,7000000
2026-08-19 14:07:36,procesos,CO1.REQ.10822325,2026-08-18,DEPARTAMENTO DEL VALLE DEL CAUCA - UNIDAD ADMINISTRATIVA ESPECIAL DE IMPUESTOS RENTAS Y GESTION TRIBUTARIA,Gobernación del Valle,Contexto,5000000
2026-08-19 14:07:36,procesos,CO1.REQ.10864807,2026-08-17,SECRETARIA GENERAL- GOBERNACION DEL VALLE,Gobernación del Valle,Contexto,5000000
2026-08-19 14:07:36,procesos,CO1.REQ.10822060,2026-08-18,DEPARTAMENTO DEL VALLE DEL CAUCA - UNIDAD ADMINISTRATIVA ESPECIAL DE IMPUESTOS RENTAS Y GESTION TRIBUTARIA,Gobernación del Valle,Contexto,5000000
2026-08-19 14:07:36,procesos,CO1.REQ.10864056,2026-08-17,SECRETARIA DE INFRAESTRUCTURA - GOBERNACION DEL VALLE,Gobernación del Valle,Contexto,30800000
2026-08-19 14:07:36,procesos,CO1.REQ.10862329,2026-08-17,SECRETARIA GENERAL- GOBERNACION DEL VALLE,Gobernación del Valle,Contexto,6000000
2026-08-19 14:07:36,procesos,CO1.REQ.10864064,2026-08-17,SECRETARIA DE INFRAESTRUCTURA - GOBERNACION DEL VALLE,Gobernación del Valle,Contexto,28000000
2026-08-19 14:07:36,procesos,CO1.REQ.10865830,2026-08-17,GOBERNACION DEL VALLE DEL CAUCA - DADI,Gobernación del Valle,Contexto,2500000
2026-08-19 14:07:36,procesos,CO1.REQ.10864055,2026-08-17,SECRETARIA DE INFRAESTRUCTURA - GOBERNACION DEL VALLE,Gobernación del Valle,Contexto,12000000
2026-08-19 14:07:36,procesos,CO1.REQ.10866163,2026-08-17,DEPARTAMENTO ADMINISTRATIVO DE GESTION DEL MEDIO AMBIENTE DAGMA,Alcaldía de Cali,Contexto,3947000
2026-08-19 14:07:36,procesos,CO1.REQ.10864802,2026-08-17,SECRETARIA GENERAL- GOBERNACION DEL VALLE,Gobernación del Valle,Contexto,8000000
2026-08-19 14:07:36,procesos,CO1.REQ.10865237,2026-08-17,SECRETARIA DE INFRAESTRUCTURA - GOBERNACION DEL VALLE,Gobernación del Valle,Contexto,14000000
2026-08-19 14:07:36,procesos,CO1.REQ.10863828,2026-08-17,SECRETARIA DE INFRAESTRUCTURA - GOBERNACION DEL VALLE,Gobernación del Valle,Contexto,16000000
2026-08-19 14:07:36,procesos,CO1.REQ.10863611,2026-08-17,SECRETARIA GENERAL- GOBERNACION DEL VALLE,Gobernación del Valle,Contexto,6000000
2026-08-19 14:07:36,procesos,CO1.REQ.10865934,2026-08-17,SECRETARIA DE INFRAESTRUCTURA - GOBERNACION DEL VALLE,Gobernación del Valle,Contexto,12000000
2026-08-19 14:07:36,procesos,CO1.REQ.10865854,2026-08-17,SECRETARIA DE INFRAESTRUCTURA - GOBERNACION DEL VALLE,Gobernación del Valle,Contexto,12000000
2026-08-19 14:07:36,procesos,CO1.REQ.10865238,2026-08-17,SECRETARIA DE INFRAESTRUCTURA - GOBERNACION DEL VALLE,Gobernación del Valle,Contexto,14000000
2026-08-19 14:07:36,procesos,CO1.REQ.10863965,2026-08-17,SECRETARIA DE INFRAESTRUCTURA - GOBERNACION DEL VALLE,Gobernación del Valle,Contexto,10000000
2026-08-19 14:07:36,procesos,CO1.REQ.10865258,2026-08-17,SECRETARIA GENERAL- GOBERNACION DEL VALLE,Gobernación del Valle,Contexto,6000000
2026-08-19 14:07:36,procesos,CO1.REQ.10864062,2026-08-17,SECRETARIA DE INFRAESTRUCTURA - GOBERNACION DEL VALLE,Gobernación del Valle,Contexto,14000000
2026-08-19 14:07:36,procesos,CO1.REQ.10867108,2026-08-17,GOBERNACION DEL VALLE DEL CAUCA - DADI,Gobernación del Valle,Contexto,7700000
2026-08-19 14:07:36,procesos,CO1.REQ.10863831,2026-08-17,SECRETARIA DE INFRAESTRUCTURA - GOBERNACION DEL VALLE,Gobernación del Valle,Contexto,30800000
2026-08-19 14:07:36,procesos,CO1.REQ.10864049,2026-08-17,SECRETARIA DE INFRAESTRUCTURA - GOBERNACION DEL VALLE,Gobernación del Valle,Contexto,16000000
2026-08-19 14:07:36,procesos,CO1.REQ.10866913,2026-08-17,MUNICIPIO DE BUGALAGRANDE,Otras entidades del Valle,Alta,25000000
2026-08-19 14:07:36,procesos,CO1.REQ.10866220,2026-08-17,FONDO ESPECIAL DE VIVIENDA DEL MUNICIPIO DE SANTIAGO DE CALI,Descentralizadas de Cali,Contexto,5663000
2026-08-19 14:07:36,procesos,CO1.REQ.10866062,2026-08-17,ALCALDIA MUNICIPIO DE JAMUNDI,Otras entidades del Valle,Media,15000000
2026-08-19 14:07:36,procesos,CO1.REQ.10866401,2026-08-17,HOSPITAL MUNICIPAL LUIS ABLANQUE DE LA PLATA EMPRESA SOCIAL DEL ESTADO,Otras entidades del Valle,Contexto,69575005
2026-08-19 14:07:36,procesos,CO1.REQ.10863124,2026-08-17,CVC,Otras entidades del Valle,Contexto,14040000
2026-08-19 14:07:36,procesos,CO1.REQ.10820685,2026-08-17,MUNICIPIO DE ZARZAL,Otras entidades del Valle,Contexto,25000000
2026-08-19 14:07:36,procesos,CO1.REQ.10860635,2026-08-17,MUNICIPIO DE ZARZAL,Otras entidades del Valle,Contexto,12000000
2026-08-19 14:07:36,procesos,CO1.REQ.10866674,2026-08-17,FONDO ESPECIAL DE VIVIENDA DEL MUNICIPIO DE SANTIAGO DE CALI,Descentralizadas de Cali,Contexto,3947000
2026-08-19 14:07:36,procesos,CO1.REQ.10866746,2026-08-17,FONDO ESPECIAL DE VIVIENDA DEL MUNICIPIO DE SANTIAGO DE CALI,Descentralizadas de Cali,Contexto,3551000
2026-08-19 14:07:36,procesos,CO1.REQ.10860180,2026-08-17,MUNICIPIO DE ZARZAL,Otras entidades del Valle,Contexto,7500000
2026-08-19 14:07:36,procesos,CO1.REQ.10866250,2026-08-17,ALCALDIA MUNICIPIO DE JAMUNDI,Otras entidades del Valle,Contexto,20000000
2026-08-19 14:07:36,procesos,CO1.REQ.10866737,2026-08-17,MUNICIPIO DE BUGALAGRANDE,Otras entidades del Valle,Alta,62960000
2026-08-19 14:07:36,procesos,CO1.REQ.10863363,2026-08-17,CVC,Otras entidades del Valle,Contexto,18385500
2026-08-19 14:07:36,procesos,CO1.REQ.10866679,2026-08-17,FONDO ESPECIAL DE VIVIENDA DEL MUNICIPIO DE SANTIAGO DE CALI,Descentralizadas de Cali,Contexto,3551000
2026-08-19 14:07:36,procesos,CO1.REQ.10866236,2026-08-17,EMPRESA DE SERVICIO DE ASEO DE TRUJILLO S.A. E.S.P.,Otras entidades del Valle,Contexto,2468300
2026-08-19 14:07:36,procesos,CO1.REQ.10866194,2026-08-17,ALCALDIA MUNICIPIO DE JAMUNDI,Otras entidades del Valle,Media,11500000
2026-08-19 14:07:36,procesos,CO1.REQ.10820576,2026-08-17,MUNICIPIO DE ZARZAL,Otras entidades del Valle,Contexto,12500000
2026-08-19 14:07:36,procesos,CO1.REQ.10866409,2026-08-17,ALCALDIA MUNICIPIO DE JAMUNDI,Otras entidades del Valle,Contexto,10000000
2026-08-19 14:07:36,procesos,CO1.REQ.10866703,2026-08-17,ALCALDIA MUNICIPIO DE JAMUNDI,Otras entidades del Valle,Contexto,9200000
2026-08-19 14:07:36,procesos,CO1.REQ.10863421,2026-08-17,CVC,Otras entidades del Valle,Contexto,16634500
2026-08-19 14:07:36,procesos,CO1.REQ.10863564,2026-08-17,CVC,Otras entidades del Valle,Contexto,22555000
2026-08-19 14:07:36,procesos,CO1.REQ.10865869,2026-08-17,HOSPITAL MUNICIPAL LUIS ABLANQUE DE LA PLATA EMPRESA SOCIAL DEL ESTADO,Otras entidades del Valle,Contexto,30000000
2026-08-19 14:07:36,procesos,CO1.REQ.10865453,2026-08-17,ALCALDIA MUNICIPIO DE JAMUNDI,Otras entidades del Valle,Media,11500000
2026-08-19 14:07:36,procesos,CO1.REQ.10860111,2026-08-17,MUNICIPIO DE ZARZAL,Otras entidades del Valle,Contexto,9000000
2026-08-19 14:07:36,procesos,CO1.REQ.10860256,2026-08-17,MUNICIPIO DE ZARZAL,Otras entidades del Valle,Contexto,7800000
2026-08-19 14:07:36,procesos,CO1.REQ.10866070,2026-08-17,ALCALDIA MUNICIPIO DE JAMUNDI,Otras entidades del Valle,Media,20000000
2026-08-19 14:07:36,procesos,CO1.REQ.10866695,2026-08-17,MUNICIPIO DE BUGALAGRANDE,Otras entidades del Valle,Alta,8700000
2026-08-19 14:07:36,procesos,CO1.REQ.10820909,2026-08-17,MUNICIPIO DE ZARZAL,Otras entidades del Valle,Media,25000000
2026-08-19 14:07:36,procesos,CO1.REQ.10866634,2026-08-17,ALCALDIA MUNICIPIO DE JAMUNDI,Otras entidades del Valle,Contexto,9200000
2026-08-19 14:07:36,procesos,CO1.REQ.10866064,2026-08-17,ALCALDIA MUNICIPIO DE JAMUNDI,Otras entidades del Valle,Media,17500000
2026-08-19 14:07:36,procesos,CO1.REQ.10860059,2026-08-17,MUNICIPIO DE ZARZAL,Otras entidades del Valle,Contexto,8100000
2026-08-19 14:07:36,procesos,CO1.REQ.10866708,2026-08-17,FONDO ESPECIAL DE VIVIENDA DEL MUNICIPIO DE SANTIAGO DE CALI,Descentralizadas de Cali,Contexto,4805000
2026-08-19 14:07:36,procesos,CO1.REQ.10865758,2026-08-17,ALCALDIA MUNICIPIO DE JAMUNDI,Otras entidades del Valle,Contexto,15000000
2026-08-19 14:07:36,procesos,CO1.REQ.10866430,2026-08-17,ALCALDIA MUNICIPIO DE JAMUNDI,Otras entidades del Valle,Contexto,8000000
2026-08-19 14:07:36,procesos,CO1.REQ.10860158,2026-08-17,MUNICIPIO DE ZARZAL,Otras entidades del Valle,Contexto,7500000
2026-08-19 14:07:36,procesos,CO1.REQ.10866085,2026-08-17,MUNICIPIO DE BUGALAGRANDE,Otras entidades del Valle,Alta,214826488
2026-08-19 14:07:36,procesos,CO1.REQ.10866901,2026-08-17,ALCALDIA MUNICIPAL DE ANDALUCIA VALLE DEL CAUCA,Otras entidades del Valle,Alta,39990000
2026-08-19 14:07:36,procesos,CO1.REQ.10820719,2026-08-17,MUNICIPIO DE ZARZAL,Otras entidades del Valle,Contexto,199619328
2026-08-19 14:07:36,procesos,CO1.REQ.10866451,2026-08-17,FONDO ESPECIAL DE VIVIENDA DEL MUNICIPIO DE SANTIAGO DE CALI,Descentralizadas de Cali,Contexto,3947000
2026-08-19 14:07:36,procesos,CO1.REQ.10866685,2026-08-17,MUNICIPIO DE BUGALAGRANDE,Otras entidades del Valle,Alta,8700000
2026-08-19 14:07:36,procesos,CO1.REQ.10860708,2026-08-17,MUNICIPIO DE ZARZAL,Otras entidades del Valle,Contexto,16000000
2026-08-19 14:07:36,procesos,CO1.REQ.10860709,2026-08-17,MUNICIPIO DE ZARZAL,Otras entidades del Valle,Contexto,12000000
2026-08-19 14:07:36,procesos,CO1.REQ.10866748,2026-08-17,ALCALDIA MUNICIPAL DE ANDALUCIA VALLE DEL CAUCA,Otras entidades del Valle,Alta,55000000
2026-08-19 14:07:36,procesos,CO1.REQ.10866325,2026-08-17,FONDO ESPECIAL DE VIVIENDA DEL MUNICIPIO DE SANTIAGO DE CALI,Descentralizadas de Cali,Contexto,5663000
2026-08-19 14:07:36,procesos,CO1.REQ.10863367,2026-08-17,CVC,Otras entidades del Valle,Contexto,25157750
2026-08-19 14:07:36,procesos,CO1.REQ.10865769,2026-08-17,FONDO ESPECIAL DE VIVIENDA DEL MUNICIPIO DE SANTIAGO DE CALI,Descentralizadas de Cali,Contexto,3551000
2026-08-19 14:07:36,procesos,CO1.REQ.10866625,2026-08-17,MUNICIPIO DE YUMBO VALLE,Otras entidades del Valle,Contexto,8800000
2026-08-19 14:07:36,procesos,CO1.REQ.10865771,2026-08-17,FONDO ESPECIAL DE VIVIENDA DEL MUNICIPIO DE SANTIAGO DE CALI,Descentralizadas de Cali,Contexto,6247000
2026-08-19 14:07:36,procesos,CO1.REQ.10863803,2026-08-17,CVC,Otras entidades del Valle,Contexto,17500000
2026-08-19 14:07:36,procesos,CO1.REQ.10860243,2026-08-17,MUNICIPIO DE ZARZAL,Otras entidades del Valle,Contexto,7800000
2026-08-19 14:07:36,procesos,CO1.REQ.10865766,2026-08-17,ALCALDIA MUNICIPIO DE JAMUNDI,Otras entidades del Valle,Contexto,19000000
2026-08-19 14:07:36,procesos,CO1.REQ.10866735,2026-08-17,MUNICIPIO DE BUGALAGRANDE,Otras entidades del Valle,Alta,346749750
2026-08-19 14:07:36,procesos,CO1.REQ.10866608,2026-08-17,MUNICIPIO DE BUGALAGRANDE,Otras entidades del Valle,Alta,214826488
2026-08-19 14:07:36,procesos,CO1.REQ.10866240,2026-08-17,FONDO ESPECIAL DE VIVIENDA DEL MUNICIPIO DE SANTIAGO DE CALI,Descentralizadas de Cali,Contexto,4805000
2026-08-19 14:07:36,procesos,CO1.REQ.10863096,2026-08-17,CVC,Otras entidades del Valle,Contexto,20805000
2026-08-19 14:07:36,procesos,CO1.REQ.10866617,2026-08-17,MUNICIPIO DE YUMBO VALLE,Otras entidades del Valle,Contexto,16400000
2026-08-19 14:07:36,procesos,CO1.REQ.10866171,2026-08-17,HOSPITAL MUNICIPAL LUIS ABLANQUE DE LA PLATA EMPRESA SOCIAL DEL ESTADO,Otras entidades del Valle,Contexto,21450000
2026-08-19 14:07:36,procesos,CO1.REQ.10866072,2026-08-17,ALCALDIA MUNICIPIO DE JAMUNDI,Otras entidades del Valle,Media,11500000
2026-08-19 14:07:36,procesos,CO1.REQ.10866751,2026-08-17,MUNICIPIO DE BUGALAGRANDE,Otras entidades del Valle,Alta,49630000
2026-08-19 14:07:36,procesos,CO1.REQ.10820585,2026-08-17,MUNICIPIO DE ZARZAL,Otras entidades del Valle,Contexto,16500000
2026-08-19 14:07:36,procesos,CO1.REQ.10866254,2026-08-17,ALCALDIA MUNICIPIO DE JAMUNDI,Otras entidades del Valle,Contexto,10000000
2026-08-19 14:07:36,procesos,CO1.REQ.10866702,2026-08-17,FONDO ESPECIAL DE VIVIENDA DEL MUNICIPIO DE SANTIAGO DE CALI,Descentralizadas de Cali,Contexto,4805000
2026-08-19 14:07:36,procesos,CO1.REQ.10867011,2026-08-17,FONDO ESPECIAL DE VIVIENDA DEL MUNICIPIO DE SANTIAGO DE CALI,Descentralizadas de Cali,Contexto,7036000
2026-08-19 14:07:36,procesos,CO1.REQ.10866419,2026-08-17,ALCALDIA MUNICIPIO DE JAMUNDI,Otras entidades del Valle,Contexto,22500000
2026-08-19 14:07:36,procesos,CO1.REQ.10860806,2026-08-17,MUNICIPIO DE ZARZAL,Otras entidades del Valle,Contexto,11100000
2026-08-19 14:07:36,procesos,CO1.REQ.10820581,2026-08-17,MUNICIPIO DE ZARZAL,Otras entidades del Valle,Contexto,25000000
2026-08-19 14:07:36,procesos,CO1.REQ.10860272,2026-08-17,MUNICIPIO DE ZARZAL,Otras entidades del Valle,Contexto,12000000
2026-08-19 14:07:36,procesos,CO1.REQ.10820825,2026-08-17,MUNICIPIO DE ZARZAL,Otras entidades del Valle,Contexto,20000000
2026-08-19 14:07:36,procesos,CO1.REQ.10866904,2026-08-17,ALCALDIA MUNICIPAL DE ANDALUCIA VALLE DEL CAUCA,Otras entidades del Valle,Alta,286159346
2026-08-19 14:07:36,procesos,CO1.REQ.10866688,2026-08-17,HOSPITAL MUNICIPAL LUIS ABLANQUE DE LA PLATA EMPRESA SOCIAL DEL ESTADO,Otras entidades del Valle,Contexto,25000000
2026-08-19 14:07:36,procesos,CO1.REQ.10859943,2026-08-17,MUNICIPIO DE ZARZAL,Otras entidades del Valle,Contexto,7500000
2026-08-19 14:07:36,procesos,CO1.REQ.10866418,2026-08-17,FONDO ESPECIAL DE VIVIENDA DEL MUNICIPIO DE SANTIAGO DE CALI,Descentralizadas de Cali,Contexto,5663000
2026-08-19 14:07:36,procesos,CO1.REQ.10865900,2026-08-17,GOBERNACIÓN DE RISARALDA**,Fuera del Valle,Otra urgencia,500000000
2026-08-19 14:07:36,procesos,CO1.REQ.10864727,2026-08-17,GOBERNACIÓN DE RISARALDA**,Fuera del Valle,Otra urgencia,200000000
2026-08-19 14:07:36,procesos,CO1.REQ.10865998,2026-08-17,DIRECCIÓN TERRITORIAL DE SALUD DE CALDAS,Fuera del Valle,Otra urgencia,17255000
2026-08-19 14:07:36,procesos,CO1.REQ.10866915,2026-08-17,PERSONERIA MUNICIPAL DE PEREIRA,Fuera del Valle,Otra urgencia,10500000
2026-08-19 14:07:36,procesos,CO1.REQ.10866032,2026-08-17,HOSPITAL DEPARTAMENTAL CENTENARIO ESE,Descentralizadas de la Gobernación,Contexto,332226
2026-08-19 14:07:36,procesos,CO1.REQ.10866024,2026-08-17,HOSPITAL DEPARTAMENTAL CENTENARIO ESE,Descentralizadas de la Gobernación,Contexto,3094000
2026-08-19 14:07:36,procesos,CO1.REQ.10866152,2026-08-17,HOSPITAL DEPARTAMENTAL CENTENARIO ESE,Descentralizadas de la Gobernación,Contexto,7909800
2026-08-19 14:07:36,procesos,CO1.REQ.10865952,2026-08-17,HOSPITAL DEPARTAMENTAL CENTENARIO ESE,Descentralizadas de la Gobernación,Contexto,3998400
2026-08-19 14:07:36,procesos,CO1.REQ.10866017,2026-08-17,HOSPITAL DEPARTAMENTAL CENTENARIO ESE,Descentralizadas de la Gobernación,Contexto,790000
2026-08-19 14:07:36,secop1,26-13-14776091,2026-08-18,VALLE DEL CAUCA - ALCALDÍA MUNICIPIO DE BOLÍVAR,Otras entidades del Valle,Contexto,0
2026-08-19 14:07:36,secop1,26-12-14775950-13701078,2026-08-12,VALLE DEL CAUCA - ALCALDÍA MUNICIPIO DE BOLÍVAR,Otras entidades del Valle,Alta,37210000
2026-08-19 14:07:36,secop1,26-12-14776590-13701647,2026-08-12,VALLE DEL CAUCA - ALCALDÍA MUNICIPIO DE BOLÍVAR,Otras entidades del Valle,Alta,30000000
2026-08-19 14:07:36,secop1,26-4-14775613-13700725,2026-08-18,VALLE DEL CAUCA - CÁMARA DE COMERCIO DE CALI,Otras entidades del Valle,Contexto,12000000
2026-08-19 14:07:36,secop1,26-4-14775644-13700768,2026-08-18,VALLE DEL CAUCA - CÁMARA DE COMERCIO DE CALI,Otras entidades del Valle,Contexto,65999989
2026-08-19 14:07:36,secop1,26-12-14774340-13700964,2026-08-13,BOYACÁ - ALCALDÍA MUNICIPIO DE MONGUA,Fuera del Valle,Otra urgencia,78324367
2026-08-19 14:07:36,secop1,26-4-14774958-13700879,2026-08-14,CAUCA - CÁMARA DE COMERCIO DEL CAUCA,Fuera del Valle,Otra urgencia,1197250
2026-08-19 14:07:36,secop1,26-12-14776439-13701530,2026-08-15,CAUCA - ALCALDÍA MUNICIPIO DE CAJIBÍO,Fuera del Valle,Otra urgencia,48972000
2026-08-19 12:22:30,contratos,CO1.PCCNTR.9818164,2026-08-18,SANTIAGO DE CALI DISTRITO ESPECIAL - SECRETARIA DE BIENESTAR SOCIAL,Alcaldía de Cali,Contexto,18741000
2026-08-19 12:22:30,contratos,CO1.PCCNTR.9820822,2026-08-18,SECRETARIA DE INFRAESTRUCTURA - GOBERNACION DEL VALLE,Gobernación del Valle,Contexto,28000000
2026-08-19 12:22:30,contratos,CO1.PCCNTR.9815058,2026-08-18,SECRETARIA DE DESARROLLO ECONOMICO Y COMPETITIVIDAD,Gobernación del Valle,Contexto,6000000
2026-08-19 12:22:30,contratos,CO1.PCCNTR.9821002,2026-08-18,SECRETARIA DE INFRAESTRUCTURA - GOBERNACION DEL VALLE,Gobernación del Valle,Contexto,30800000
2026-08-19 12:22:30,contratos,CO1.PCCNTR.9821203,2026-08-18,SECRETARIA DE MOVILIDAD Y TRANSPORTE,Gobernación del Valle,Contexto,2500000
2026-08-19 12:22:30,contratos,CO1.PCCNTR.9821216,2026-08-18,DEPARTAMENTO DEL VALLE DEL CAUCA - UNIDAD ADMINISTRATIVA ESPECIAL DE IMPUESTOS RENTAS Y GESTION TRIBUTARIA,Gobernación del Valle,Contexto,5000000
2026-08-19 12:22:30,contratos,CO1.PCCNTR.9819504,2026-08-18,GOBERNACION DEL VALLE DEL CAUCA - DADI,Gobernación del Valle,Contexto,3500000
2026-08-19 12:22:30,contratos,CO1.PCCNTR.9821505,2026-08-18,GOBERNACIÓN DEL VALLE DEL CAUCA - SECRETARIA DE LAS TECNOLOGÍAS DE LA INFORMACIÓN Y LAS COMUNICACIONES,Gobernación del Valle,Contexto,3000000
2026-08-19 12:22:30,contratos,CO1.PCCNTR.9821712,2026-08-18,GOBERNACIÓN DEL VALLE DEL CAUCA - SECRETARIA DE LAS TECNOLOGÍAS DE LA INFORMACIÓN Y LAS COMUNICACIONES,Gobernación del Valle,Contexto,10000000
2026-08-19 12:22:30,contratos,CO1.PCCNTR.9820218,2026-08-17,SECRETARIA DE INFRAESTRUCTURA - GOBERNACION DEL VALLE,Gobernación del Valle,Contexto,16000000
2026-08-19 12:22:30,contratos,CO1.PCCNTR.9819825,2026-08-18,GOBERNACION DEL VALLE DEL CAUCA - DADI,Gobernación del Valle,Contexto,6000000
2026-08-19 12:22:30,contratos,CO1.PCCNTR.9812321,2026-08-18,SANTIAGO DE CALI DISTRITO ESPECIAL - SECRETARIA DE BIENESTAR SOCIAL,Alcaldía de Cali,Contexto,11326000
2026-08-19 12:22:30,contratos,CO1.PCCNTR.9821205,2026-08-18,SECRETARIA DE MOVILIDAD Y TRANSPORTE,Gobernación del Valle,Contexto,2500000
2026-08-19 12:22:30,contratos,CO1.PCCNTR.9821582,2026-08-18,GOBERNACION DEL VALLE DEL CAUCA - DEPARTAMENTO ADMINISTRATIVO DE PLANEACION,Gobernación del Valle,Contexto,6000000
2026-08-19 12:22:30,contratos,CO1.PCCNTR.9821440,2026-08-18,GOBERNACIÓN DEL VALLE DEL CAUCA - SECRETARIA DE LAS TECNOLOGÍAS DE LA INFORMACIÓN Y LAS COMUNICACIONES,Gobernación del Valle,Contexto,3500000
2026-08-19 12:22:30,contratos,CO1.PCCNTR.9818089,2026-08-18,SECRETARIA GENERAL- GOBERNACION DEL VALLE,Gobernación del Valle,Contexto,10000000
2026-08-19 12:22:30,contratos,CO1.PCCNTR.9815420,2026-08-18,SECRETARIA DE DESARROLLO ECONOMICO Y COMPETITIVIDAD,Gobernación del Valle,Contexto,7700000
2026-08-19 12:22:30,contratos,CO1.PCCNTR.9819667,2026-08-18,GOBERNACION DEL VALLE DEL CAUCA - DEPARTAMENTO ADMINISTRATIVO DE PLANEACION,Gobernación del Valle,Contexto,7700000
2026-08-19 12:22:30,contratos,CO1.PCCNTR.9819553,2026-08-18,GOBERNACION DEL VALLE DEL CAUCA - DADI,Gobernación del Valle,Contexto,2500000
2026-08-19 12:22:30,contratos,CO1.PCCNTR.9819218,2026-08-17,SECRETARIA DE INFRAESTRUCTURA - GOBERNACION DEL VALLE,Gobernación del Valle,Contexto,26000000
2026-08-19 12:22:30,contratos,CO1.PCCNTR.9818612,2026-08-18,SANTIAGO DE CALI DISTRITO ESPECIAL - SECRETARIA DE GOBIERNO,Alcaldía de Cali,Contexto,10653000
2026-08-19 12:22:30,contratos,CO1.PCCNTR.9821530,2026-08-18,GOBERNACIÓN DEL VALLE DEL CAUCA - SECRETARIA DE LAS TECNOLOGÍAS DE LA INFORMACIÓN Y LAS COMUNICACIONES,Gobernación del Valle,Contexto,2500000
2026-08-19 12:22:30,contratos,CO1.PCCNTR.9821708,2026-08-18,GOBERNACIÓN DEL VALLE DEL CAUCA - SECRETARIA DE LAS TECNOLOGÍAS DE LA INFORMACIÓN Y LAS COMUNICACIONES,Gobernación del Valle,Contexto,4000000
2026-08-19 12:22:30,contratos,CO1.PCCNTR.9821453,2026-08-18,GOBERNACIÓN DEL VALLE DEL CAUCA - SECRETARIA DE LAS TECNOLOGÍAS DE LA INFORMACIÓN Y LAS COMUNICACIONES,Gobernación del Valle,Contexto,7000000
2026-08-19 12:22:30,contratos,CO1.PCCNTR.9815726,2026-08-18,SANTIAGO DE CALI DISTRITO ESPECIAL - SECRETARIA DE MOVILIDAD,Alcaldía de Cali,Contexto,4542000
2026-08-19 12:22:30,contratos,CO1.PCCNTR.9821508,2026-08-18,GOBERNACIÓN DEL VALLE DEL CAUCA - SECRETARIA DE LAS TECNOLOGÍAS DE LA INFORMACIÓN Y LAS COMUNICACIONES,Gobernación del Valle,Contexto,3000000
2026-08-19 12:22:30,contratos,CO1.PCCNTR.9818424,2026-08-18,SANTIAGO DE CALI DISTRITO ESPECIAL - SECRETARIA DE GOBIERNO,Alcaldía de Cali,Contexto,21108000
2026-08-19 12:22:30,contratos,CO1.PCCNTR.9814399,2026-08-18,SANTIAGO DE CALI DISTRITO ESPECIAL - SECRETARIA DE BIENESTAR SOCIAL,Alcaldía de Cali,Contexto,11326000
2026-08-19 12:22:30,contratos,CO1.PCCNTR.9820341,2026-08-17,SANTIAGO DE CALI DISTRITO ESPECIAL - SECRETARIA DE VIVIENDA SOCIAL Y HABITAT,Alcaldía de Cali,Contexto,4805000
2026-08-19 12:22:30,contratos,CO1.PCCNTR.9772446,2026-08-18,SANTIAGO DE CALI DISTRITO ESPECIAL - SECRETARIA DE GOBIERNO,Alcaldía de Cali,Contexto,31122000
2026-08-19 12:22:30,contratos,CO1.PCCNTR.9814609,2026-08-18,SECRETARIA DE DESARROLLO ECONOMICO Y COMPETITIVIDAD,Gobernación del Valle,Contexto,5000000
2026-08-19 12:22:30,contratos,CO1.PCCNTR.9820615,2026-08-17,SECRETARIA DE INFRAESTRUCTURA - GOBERNACION DEL VALLE,Gobernación del Valle,Contexto,10000000
2026-08-19 12:22:30,contratos,CO1.PCCNTR.9818267,2026-08-18,SANTIAGO DE CALI DISTRITO ESPECIAL - SECRETARIA DE BIENESTAR SOCIAL,Alcaldía de Cali,Contexto,14415000
2026-08-19 12:22:30,contratos,CO1.PCCNTR.9815461,2026-08-18,SECRETARIA DE DESARROLLO ECONOMICO Y COMPETITIVIDAD,Gobernación del Valle,Contexto,4000000
2026-08-19 12:22:30,contratos,CO1.PCCNTR.9819336,2026-08-18,GOBERNACION DEL VALLE DEL CAUCA - DADI,Gobernación del Valle,Contexto,6000000
2026-08-19 12:22:30,contratos,CO1.PCCNTR.9821503,2026-08-18,GOBERNACIÓN DEL VALLE DEL CAUCA - SECRETARIA DE LAS TECNOLOGÍAS DE LA INFORMACIÓN Y LAS COMUNICACIONES,Gobernación del Valle,Contexto,4000000
2026-08-19 12:22:30,contratos,CO1.PCCNTR.9821609,2026-08-18,GOBERNACIÓN DEL VALLE DEL CAUCA - SECRETARIA DE LAS TECNOLOGÍAS DE LA INFORMACIÓN Y LAS COMUNICACIONES,Gobernación del Valle,Contexto,7000000
2026-08-19 12:22:30,contratos,CO1.PCCNTR.9819824,2026-08-18,GOBERNACION DEL VALLE DEL CAUCA - DADI,Gobernación del Valle,Contexto,5000000
2026-08-19 12:22:30,contratos,CO1.PCCNTR.9813062,2026-08-18,SANTIAGO DE CALI DISTRITO ESPECIAL - SECRETARIA DE BIENESTAR SOCIAL,Alcaldía de Cali,Contexto,5584000
2026-08-19 12:22:30,contratos,CO1.PCCNTR.9819819,2026-08-18,SECRETARIA GENERAL- GOBERNACION DEL VALLE,Gobernación del Valle,Contexto,5000000
2026-08-19 12:22:30,contratos,CO1.PCCNTR.9818609,2026-08-18,SANTIAGO DE CALI DISTRITO ESPECIAL - SECRETARIA DE GOBIERNO,Alcaldía de Cali,Contexto,10653000
2026-08-19 12:22:30,contratos,CO1.PCCNTR.9820227,2026-08-17,SECRETARIA DE INFRAESTRUCTURA - GOBERNACION DEL VALLE,Gobernación del Valle,Contexto,14000000
2026-08-19 12:22:30,contratos,CO1.PCCNTR.9820923,2026-08-18,SECRETARIA DE INFRAESTRUCTURA - GOBERNACION DEL VALLE,Gobernación del Valle,Contexto,16000000
2026-08-19 12:22:30,contratos,CO1.PCCNTR.9815623,2026-08-18,SECRETARIA DE DESARROLLO ECONOMICO Y COMPETITIVIDAD,Gobernación del Valle,Contexto,6000000
2026-08-19 12:22:30,contratos,CO1.PCCNTR.9821820,2026-08-18,GOBERNACIÓN DEL VALLE DEL CAUCA - SECRETARIA DE LAS TECNOLOGÍAS DE LA INFORMACIÓN Y LAS COMUNICACIONES,Gobernación del Valle,Contexto,3000000
2026-08-19 12:22:30,contratos,CO1.PCCNTR.9818748,2026-08-18,GOBERNACION DEL VALLE DEL CAUCA - DADI,Gobernación del Valle,Contexto,5000000
2026-08-19 12:22:30,contratos,CO1.PCCNTR.9818007,2026-08-18,SECRETARIA GENERAL- GOBERNACION DEL VALLE,Gobernación del Valle,Contexto,5000000
2026-08-19 12:22:30,contratos,CO1.PCCNTR.9821868,2026-08-18,DEPARTAMENTO DEL VALLE DEL CAUCA - UNIDAD ADMINISTRATIVA ESPECIAL DE IMPUESTOS RENTAS Y GESTION TRIBUTARIA,Gobernación del Valle,Contexto,3000000
2026-08-19 12:22:30,contratos,CO1.PCCNTR.9820935,2026-08-18,DEPARTAMENTO DEL VALLE DEL CAUCA - UNIDAD ADMINISTRATIVA ESPECIAL DE IMPUESTOS RENTAS Y GESTION TRIBUTARIA,Gobernación del Valle,Contexto,5000000
2026-08-19 12:22:30,contratos,CO1.PCCNTR.9820311,2026-08-17,SECRETARIA DE INFRAESTRUCTURA - GOBERNACION DEL VALLE,Gobernación del Valle,Contexto,16000000
2026-08-19 12:22:30,contratos,CO1.PCCNTR.9820226,2026-08-17,SECRETARIA DE INFRAESTRUCTURA - GOBERNACION DEL VALLE,Gobernación del Valle,Contexto,16000000
2026-08-19 12:22:30,contratos,CO1.PCCNTR.9820230,2026-08-17,SECRETARIA DE INFRAESTRUCTURA - GOBERNACION DEL VALLE,Gobernación del Valle,Contexto,14000000
2026-08-19 12:22:30,contratos,CO1.PCCNTR.9820670,2026-08-18,SECRETARIA DE INFRAESTRUCTURA - GOBERNACION DEL VALLE,Gobernación del Valle,Contexto,30800000
2026-08-19 12:22:30,contratos,CO1.PCCNTR.9820439,2026-08-17,SANTIAGO DE CALI DISTRITO ESPECIAL - UNIDAD ADMINISTRATIVA ESPECIAL DE SERVICIOS PUBLICOS,Alcaldía de Cali,Alta,3759980000
2026-08-19 12:22:30,contratos,CO1.PCCNTR.9819823,2026-08-18,SECRETARIA GENERAL- GOBERNACION DEL VALLE,Gobernación del Valle,Contexto,5000000
2026-08-19 12:22:30,contratos,CO1.PCCNTR.9820228,2026-08-17,SECRETARIA DE INFRAESTRUCTURA - GOBERNACION DEL VALLE,Gobernación del Valle,Contexto,24000000
2026-08-19 12:22:30,contratos,CO1.PCCNTR.9819654,2026-08-18,GOBERNACION DEL VALLE DEL CAUCA - DEPARTAMENTO ADMINISTRATIVO DE PLANEACION,Gobernación del Valle,Contexto,3500000
2026-08-19 12:22:30,contratos,CO1.PCCNTR.9820427,2026-08-17,SECRETARIA DE INFRAESTRUCTURA - GOBERNACION DEL VALLE,Gobernación del Valle,Contexto,10000000
2026-08-19 12:22:30,contratos,CO1.PCCNTR.9820445,2026-08-18,GOBERNACION DEL VALLE DEL CAUCA - DADI,Gobernación del Valle,Contexto,7000000
2026-08-19 12:22:30,contratos,CO1.PCCNTR.9784273,2026-08-18,UAEPA2,Alcaldía de Cali,Media,7102000
2026-08-19 12:22:30,contratos,CO1.PCCNTR.9819227,2026-08-18,GOBERNACION DEL VALLE DEL CAUCA - DADI,Gobernación del Valle,Contexto,6000000
2026-08-19 12:22:30,contratos,CO1.PCCNTR.9814685,2026-08-18,SECRETARIA DE DESARROLLO ECONOMICO Y COMPETITIVIDAD,Gobernación del Valle,Contexto,7700000
2026-08-19 12:22:30,contratos,CO1.PCCNTR.9820408,2026-08-17,SECRETARIA DE INFRAESTRUCTURA - GOBERNACION DEL VALLE,Gobernación del Valle,Contexto,30800000
2026-08-19 12:22:30,contratos,CO1.PCCNTR.9821420,2026-08-18,GOBERNACIÓN DEL VALLE DEL CAUCA - SECRETARIA DE LAS TECNOLOGÍAS DE LA INFORMACIÓN Y LAS COMUNICACIONES,Gobernación del Valle,Contexto,7700000
2026-08-19 12:22:30,contratos,CO1.PCCNTR.9819242,2026-08-18,GOBERNACION DEL VALLE DEL CAUCA - DADI,Gobernación del Valle,Contexto,5000000
2026-08-19 12:22:30,contratos,CO1.PCCNTR.9821874,2026-08-18,GOBERNACIÓN DEL VALLE DEL CAUCA - SECRETARIA DE LAS TECNOLOGÍAS DE LA INFORMACIÓN Y LAS COMUNICACIONES,Gobernación del Valle,Contexto,4000000
2026-08-19 12:22:30,contratos,CO1.PCCNTR.9820450,2026-08-18,SANTIAGO DE CALI DISTRITO ESPECIAL - SECRETARIA DE DESARROLLO ECONOMICO,Alcaldía de Cali,Contexto,14415000
2026-08-19 12:22:30,contratos,CO1.PCCNTR.9820574,2026-08-17,SECRETARIA DE INFRAESTRUCTURA - GOBERNACION DEL VALLE,Gobernación del Valle,Contexto,14000000
2026-08-19 12:22:30,contratos,CO1.PCCNTR.9819624,2026-08-17,SECRETARIA DE INFRAESTRUCTURA - GOBERNACION DEL VALLE,Gobernación del Valle,Contexto,30800000
2026-08-19 12:22:30,contratos,CO1.PCCNTR.9818708,2026-08-18,SANTIAGO DE CALI DISTRITO ESPECIAL - SECRETARIA DE GOBIERNO,Alcaldía de Cali,Contexto,14415000
2026-08-19 12:22:30,contratos,CO1.PCCNTR.9821707,2026-08-18,GOBERNACIÓN DEL VALLE DEL CAUCA - SECRETARIA DE LAS TECNOLOGÍAS DE LA INFORMACIÓN Y LAS COMUNICACIONES,Gobernación del Valle,Contexto,7000000
2026-08-19 12:22:30,contratos,CO1.PCCNTR.9817810,2026-08-18,SECRETARIA GENERAL- GOBERNACION DEL VALLE,Gobernación del Valle,Contexto,10000000
2026-08-19 12:22:30,contratos,CO1.PCCNTR.9821616,2026-08-18,GOBERNACIÓN DEL VALLE DEL CAUCA - SECRETARIA DE LAS TECNOLOGÍAS DE LA INFORMACIÓN Y LAS COMUNICACIONES,Gobernación del Valle,Contexto,3000000
2026-08-19 12:22:30,contratos,CO1.PCCNTR.9819650,2026-08-18,GOBERNACION DEL VALLE DEL CAUCA - DEPARTAMENTO ADMINISTRATIVO DE PLANEACION,Gobernación del Valle,Contexto,6000000
2026-08-19 12:22:30,contratos,CO1.PCCNTR.9821554,2026-08-18,GOBERNACIÓN DEL VALLE DEL CAUCA - SECRETARIA DE LAS TECNOLOGÍAS DE LA INFORMACIÓN Y LAS COMUNICACIONES,Gobernación del Valle,Contexto,3000000
2026-08-19 12:22:30,contratos,CO1.PCCNTR.9820006,2026-08-18,GOBERNACION DEL VALLE DEL CAUCA - DEPARTAMENTO ADMINISTRATIVO DE PLANEACION,Gobernación del Valle,Contexto,7700000
2026-08-19 12:22:30,contratos,CO1.PCCNTR.9814169,2026-08-18,SECRETARIA DE DESARROLLO ECONOMICO Y COMPETITIVIDAD,Gobernación del Valle,Contexto,5000000
2026-08-19 12:22:30,contratos,CO1.PCCNTR.9819222,2026-08-18,GOBERNACION DEL VALLE DEL CAUCA - DADI,Gobernación del Valle,Contexto,5000000
2026-08-19 12:22:30,contratos,CO1.PCCNTR.9820637,2026-08-18,SECRETARIA GENERAL- GOBERNACION DEL VALLE,Gobernación del Valle,Contexto,12000000
2026-08-19 12:22:30,contratos,CO1.PCCNTR.9819508,2026-08-18,GOBERNACION DEL VALLE DEL CAUCA - DADI,Gobernación del Valle,Contexto,3000000
2026-08-19 12:22:30,contratos,CO1.PCCNTR.9820492,2026-08-18,SANTIAGO DE CALI DISTRITO ESPECIAL - SECRETARIA DE GOBIERNO,Alcaldía de Cali,Contexto,10653000
2026-08-19 12:22:30,contratos,CO1.PCCNTR.9821814,2026-08-18,DEPARTAMENTO DEL VALLE DEL CAUCA - UNIDAD ADMINISTRATIVA ESPECIAL DE IMPUESTOS RENTAS Y GESTION TRIBUTARIA,Gobernación del Valle,Contexto,5000000
2026-08-19 12:22:30,contratos,CO1.PCCNTR.9819429,2026-08-18,GOBERNACION DEL VALLE DEL CAUCA - DEPARTAMENTO ADMINISTRATIVO DE PLANEACION,Gobernación del Valle,Contexto,7700000
2026-08-19 12:22:30,contratos,CO1.PCCNTR.9820221,2026-08-17,SECRETARIA DE INFRAESTRUCTURA - GOBERNACION DEL VALLE,Gobernación del Valle,Contexto,28000000
2026-08-19 12:22:30,contratos,CO1.PCCNTR.9815957,2026-08-18,GOBERNACION DEL VALLE DEL CAUCA - DADI,Gobernación del Valle,Contexto,4000000
2026-08-19 12:22:30,contratos,CO1.PCCNTR.9820436,2026-08-18,SECRETARIA GENERAL- GOBERNACION DEL VALLE,Gobernación del Valle,Contexto,7000000
2026-08-19 12:22:30,contratos,CO1.PCCNTR.9820038,2026-08-18,SECRETARIA GENERAL- GOBERNACION DEL VALLE,Gobernación del Valle,Contexto,8000000
2026-08-19 12:22:30,contratos,CO1.PCCNTR.9821125,2026-08-18,DEPARTAMENTO DEL VALLE DEL CAUCA - UNIDAD ADMINISTRATIVA ESPECIAL DE IMPUESTOS RENTAS Y GESTION TRIBUTARIA,Gobernación del Valle,Contexto,5000000
2026-08-19 12:22:30,contratos,CO1.PCCNTR.9814997,2026-08-18,SECRETARIA DE DESARROLLO ECONOMICO Y COMPETITIVIDAD,Gobernación del Valle,Contexto,4000000
2026-08-19 12:22:30,contratos,CO1.PCCNTR.9802746,2026-08-18,SANTIAGO DE CALI DISTRITO ESPECIAL - SECRETARIA DE BIENESTAR SOCIAL,Alcaldía de Cali,Contexto,8376000
2026-08-19 12:22:30,contratos,CO1.PCCNTR.9822515,2026-08-18,GOBERNACIÓN DEL VALLE DEL CAUCA - SECRETARIA DE LAS TECNOLOGÍAS DE LA INFORMACIÓN Y LAS COMUNICACIONES,Gobernación del Valle,Contexto,4000000
2026-08-19 12:22:30,contratos,CO1.PCCNTR.9820437,2026-08-18,GOBERNACION DEL VALLE DEL CAUCA - DEPARTAMENTO ADMINISTRATIVO DE PLANEACION,Gobernación del Valle,Contexto,7700000
2026-08-19 12:22:30,contratos,CO1.PCCNTR.9817838,2026-08-18,SECRETARIA GENERAL- GOBERNACION DEL VALLE,Gobernación del Valle,Contexto,12000000
2026-08-19 12:22:30,contratos,CO1.PCCNTR.9821425,2026-08-18,DEPARTAMENTO DEL VALLE DEL CAUCA - UNIDAD ADMINISTRATIVA ESPECIAL DE IMPUESTOS RENTAS Y GESTION TRIBUTARIA,Gobernación del Valle,Contexto,3500000
2026-08-19 12:22:30,contratos,CO1.PCCNTR.9808408,2026-08-18,SANTIAGO DE CALI DISTRITO ESPECIAL - SECRETARIA DE BIENESTAR SOCIAL,Alcaldía de Cali,Contexto,11326000
2026-08-19 12:22:30,contratos,CO1.PCCNTR.9820215,2026-08-18,SECRETARIA DE INFRAESTRUCTURA - GOBERNACION DEL VALLE,Gobernación del Valle,Contexto,28000000
2026-08-19 12:22:30,contratos,CO1.PCCNTR.9821637,2026-08-18,GOBERNACIÓN DEL VALLE DEL CAUCA - SECRETARIA DE LAS TECNOLOGÍAS DE LA INFORMACIÓN Y LAS COMUNICACIONES,Gobernación del Valle,Contexto,4000000
2026-08-19 12:22:30,contratos,CO1.PCCNTR.9819223,2026-08-18,SECRETARIA DE INFRAESTRUCTURA - GOBERNACION DEL VALLE,Gobernación del Valle,Contexto,30800000
2026-08-19 12:22:30,contratos,CO1.PCCNTR.9817886,2026-08-18,GOBERNACION DEL VALLE DEL CAUCA - DADI,Gobernación del Valle,Contexto,5000000
2026-08-19 12:22:30,contratos,CO1.PCCNTR.9819020,2026-08-18,GOBERNACION DEL VALLE DEL CAUCA - DADI,Gobernación del Valle,Contexto,2500000
2026-08-19 12:22:30,contratos,CO1.PCCNTR.9818011,2026-08-18,SECRETARIA GENERAL- GOBERNACION DEL VALLE,Gobernación del Valle,Contexto,12000000
2026-08-19 12:22:30,contratos,CO1.PCCNTR.9820243,2026-08-17,SECRETARIA DE INFRAESTRUCTURA - GOBERNACION DEL VALLE,Gobernación del Valle,Contexto,16000000
2026-08-19 12:22:30,contratos,CO1.PCCNTR.9820640,2026-08-18,GOBERNACION DEL VALLE DEL CAUCA - DADI,Gobernación del Valle,Contexto,7000000
2026-08-19 12:22:30,contratos,CO1.PCCNTR.9819721,2026-08-18,SECRETARIA GENERAL- GOBERNACION DEL VALLE,Gobernación del Valle,Contexto,6000000
2026-08-19 12:22:30,contratos,CO1.PCCNTR.9819917,2026-08-18,SECRETARIA GENERAL- GOBERNACION DEL VALLE,Gobernación del Valle,Contexto,5000000
2026-08-19 12:22:30,contratos,CO1.PCCNTR.9817857,2026-08-18,SECRETARIA GENERAL- GOBERNACION DEL VALLE,Gobernación del Valle,Contexto,12000000
2026-08-19 12:22:30,contratos,CO1.PCCNTR.9821011,2026-08-18,SECRETARIA DE INFRAESTRUCTURA - GOBERNACION DEL VALLE,Gobernación del Valle,Contexto,95200000
2026-08-19 12:22:30,contratos,CO1.PCCNTR.9819438,2026-08-18,GOBERNACION DEL VALLE DEL CAUCA - DEPARTAMENTO ADMINISTRATIVO DE PLANEACION,Gobernación del Valle,Contexto,7700000
2026-08-19 12:22:30,contratos,CO1.PCCNTR.9818010,2026-08-18,GOBERNACION DEL VALLE DEL CAUCA - DADI,Gobernación del Valle,Contexto,6000000
2026-08-19 12:22:30,contratos,CO1.PCCNTR.9821610,2026-08-18,GOBERNACIÓN DEL VALLE DEL CAUCA - SECRETARIA DE LAS TECNOLOGÍAS DE LA INFORMACIÓN Y LAS COMUNICACIONES,Gobernación del Valle,Contexto,6000000
2026-08-19 12:22:30,contratos,CO1.PCCNTR.9821683,2026-08-18,GOBERNACIÓN VALLE DEL CAUCA -SECRETARIA DE SALUD,Gobernación del Valle,Contexto,31759124
2026-08-19 12:22:30,contratos,CO1.PCCNTR.9821473,2026-08-18,DEPARTAMENTO DEL VALLE DEL CAUCA - UNIDAD ADMINISTRATIVA ESPECIAL DE IMPUESTOS RENTAS Y GESTION TRIBUTARIA,Gobernación del Valle,Contexto,5000000
2026-08-19 12:22:30,contratos,CO1.PCCNTR.9821513,2026-08-18,GOBERNACIÓN DEL VALLE DEL CAUCA - SECRETARIA DE LAS TECNOLOGÍAS DE LA INFORMACIÓN Y LAS COMUNICACIONES,Gobernación del Valle,Contexto,3000000
2026-08-19 12:22:30,contratos,CO1.PCCNTR.9820430,2026-08-18,SECRETARIA GENERAL- GOBERNACION DEL VALLE,Gobernación del Valle,Contexto,10000000
2026-08-19 12:22:30,contratos,CO1.PCCNTR.9811719,2026-08-18,SANTIAGO DE CALI DISTRITO ESPECIAL - SECRETARIA DE GOBIERNO,Alcaldía de Cali,Contexto,10653000
2026-08-19 12:22:30,contratos,CO1.PCCNTR.9820636,2026-08-18,SECRETARIA GENERAL- GOBERNACION DEL VALLE,Gobernación del Valle,Contexto,12000000
2026-08-19 12:22:30,contratos,CO1.PCCNTR.9821429,2026-08-18,GOBERNACIÓN DEL VALLE DEL CAUCA - SECRETARIA DE LAS TECNOLOGÍAS DE LA INFORMACIÓN Y LAS COMUNICACIONES,Gobernación del Valle,Contexto,3500000
2026-08-19 12:22:30,contratos,CO1.PCCNTR.9821433,2026-08-18,GOBERNACIÓN DEL VALLE DEL CAUCA - SECRETARIA DE LAS TECNOLOGÍAS DE LA INFORMACIÓN Y LAS COMUNICACIONES,Gobernación del Valle,Contexto,6500000
2026-08-19 12:22:30,contratos,CO1.PCCNTR.9819433,2026-08-18,GOBERNACION DEL VALLE DEL CAUCA - DADI,Gobernación del Valle,Contexto,6000000
2026-08-19 12:22:30,contratos,CO1.PCCNTR.9814818,2026-08-18,SANTIAGO DE CALI DISTRITO ESPECIAL - SECRETARIA DE GOBIERNO,Alcaldía de Cali,Contexto,11841000
2026-08-19 12:22:30,contratos,CO1.PCCNTR.9820919,2026-08-18,SECRETARIA DE INFRAESTRUCTURA - GOBERNACION DEL VALLE,Gobernación del Valle,Contexto,30800000
2026-08-19 12:22:30,contratos,CO1.PCCNTR.9818078,2026-08-18,SECRETARIA GENERAL- GOBERNACION DEL VALLE,Gobernación del Valle,Contexto,14000000
2026-08-19 12:22:30,contratos,CO1.PCCNTR.9819915,2026-08-18,SECRETARIA GENERAL- GOBERNACION DEL VALLE,Gobernación del Valle,Contexto,12000000
2026-08-19 12:22:30,contratos,CO1.PCCNTR.9818046,2026-08-18,SECRETARIA GENERAL- GOBERNACION DEL VALLE,Gobernación del Valle,Contexto,12000000
2026-08-19 12:22:30,contratos,CO1.PCCNTR.9820534,2026-08-18,GOBERNACION DEL VALLE DEL CAUCA - DEPARTAMENTO ADMINISTRATIVO DE PLANEACION,Gobernación del Valle,Contexto,7700000
2026-08-19 12:22:30,contratos,CO1.PCCNTR.9819924,2026-08-18,GOBERNACION DEL VALLE DEL CAUCA - DADI,Gobernación del Valle,Contexto,5000000
2026-08-19 12:22:30,contratos,CO1.PCCNTR.9820416,2026-08-18,GOBERNACION DEL VALLE DEL CAUCA - DEPARTAMENTO ADMINISTRATIVO DE PLANEACION,Gobernación del Valle,Contexto,7700000
2026-08-19 12:22:30,contratos,CO1.PCCNTR.9821631,2026-08-18,DEPARTAMENTO DEL VALLE DEL CAUCA - UNIDAD ADMINISTRATIVA ESPECIAL DE IMPUESTOS RENTAS Y GESTION TRIBUTARIA,Gobernación del Valle,Contexto,6000000
2026-08-19 12:22:30,contratos,CO1.PCCNTR.9817720,2026-08-18,SANTIAGO DE CALI DISTRITO ESPECIAL - SECRETARIA DE BIENESTAR SOCIAL,Alcaldía de Cali,Contexto,18741000
2026-08-19 12:22:30,contratos,CO1.PCCNTR.9814637,2026-08-18,SECRETARIA DE DESARROLLO ECONOMICO Y COMPETITIVIDAD,Gobernación del Valle,Contexto,3500000
2026-08-19 12:22:30,contratos,CO1.PCCNTR.9821439,2026-08-18,DEPARTAMENTO DEL VALLE DEL CAUCA - UNIDAD ADMINISTRATIVA ESPECIAL DE IMPUESTOS RENTAS Y GESTION TRIBUTARIA,Gobernación del Valle,Contexto,4000000
2026-08-19 12:22:30,contratos,CO1.PCCNTR.9822012,2026-08-18,GOBERNACIÓN DEL VALLE DEL CAUCA - SECRETARIA DE LAS TECNOLOGÍAS DE LA INFORMACIÓN Y LAS COMUNICACIONES,Gobernación del Valle,Contexto,5000000
2026-08-19 12:22:30,contratos,CO1.PCCNTR.9821509,2026-08-18,GOBERNACIÓN DEL VALLE DEL CAUCA - SECRETARIA DE LAS TECNOLOGÍAS DE LA INFORMACIÓN Y LAS COMUNICACIONES,Gobernación del Valle,Contexto,5000000
2026-08-19 12:22:30,contratos,CO1.PCCNTR.9821643,2026-08-18,DEPARTAMENTO DEL VALLE DEL CAUCA - UNIDAD ADMINISTRATIVA ESPECIAL DE IMPUESTOS RENTAS Y GESTION TRIBUTARIA,Gobernación del Valle,Contexto,3500000
2026-08-19 12:22:30,contratos,CO1.PCCNTR.9821615,2026-08-18,GOBERNACIÓN DEL VALLE DEL CAUCA - SECRETARIA DE LAS TECNOLOGÍAS DE LA INFORMACIÓN Y LAS COMUNICACIONES,Gobernación del Valle,Contexto,5000000
2026-08-19 12:22:30,contratos,CO1.PCCNTR.9820465,2026-08-18,SECRETARIA DE INFRAESTRUCTURA - GOBERNACION DEL VALLE,Gobernación del Valle,Contexto,24000000
2026-08-19 12:22:30,contratos,CO1.PCCNTR.9782656,2026-08-18,SANTIAGO DE CALI DISTRITO ESPECIAL - SECRETARIA DE BIENESTAR SOCIAL,Alcaldía de Cali,Contexto,5584000
2026-08-19 12:22:30,contratos,CO1.PCCNTR.9819329,2026-08-18,GOBERNACION DEL VALLE DEL CAUCA - DADI,Gobernación del Valle,Contexto,2500000
2026-08-19 12:22:30,contratos,CO1.PCCNTR.9820428,2026-08-18,SECRETARIA GENERAL- GOBERNACION DEL VALLE,Gobernación del Valle,Contexto,8000000
2026-08-19 12:22:30,contratos,CO1.PCCNTR.9814589,2026-08-18,SECRETARIA DE DESARROLLO ECONOMICO Y COMPETITIVIDAD,Gobernación del Valle,Contexto,6000000
2026-08-19 12:22:30,contratos,CO1.PCCNTR.9821512,2026-08-18,GOBERNACIÓN DEL VALLE DEL CAUCA - SECRETARIA DE LAS TECNOLOGÍAS DE LA INFORMACIÓN Y LAS COMUNICACIONES,Gobernación del Valle,Contexto,4000000
2026-08-19 12:22:30,contratos,CO1.PCCNTR.9821812,2026-08-18,GOBERNACIÓN DEL VALLE DEL CAUCA - SECRETARIA DE LAS TECNOLOGÍAS DE LA INFORMACIÓN Y LAS COMUNICACIONES,Gobernación del Valle,Contexto,5000000
2026-08-19 12:22:30,contratos,CO1.PCCNTR.9818054,2026-08-18,SECRETARIA GENERAL- GOBERNACION DEL VALLE,Gobernación del Valle,Contexto,8000000
2026-08-19 12:22:30,contratos,CO1.PCCNTR.9735404,2026-08-18,UAEPA2,Alcaldía de Cali,Media,14204000
2026-08-19 12:22:30,contratos,CO1.PCCNTR.9820103,2026-08-18,GOBERNACION DEL VALLE DEL CAUCA - DEPARTAMENTO ADMINISTRATIVO DE PLANEACION,Gobernación del Valle,Contexto,6000000
2026-08-19 12:22:30,contratos,CO1.PCCNTR.9821548,2026-08-18,DEPARTAMENTO DEL VALLE DEL CAUCA - UNIDAD ADMINISTRATIVA ESPECIAL DE IMPUESTOS RENTAS Y GESTION TRIBUTARIA,Gobernación del Valle,Contexto,4000000
2026-08-19 12:22:30,contratos,CO1.PCCNTR.9820246,2026-08-18,GOBERNACION DEL VALLE DEL CAUCA - DADI,Gobernación del Valle,Contexto,7700000
2026-08-19 12:22:30,contratos,CO1.PCCNTR.9821207,2026-08-18,SECRETARIA DE MOVILIDAD Y TRANSPORTE,Gobernación del Valle,Contexto,2500000
2026-08-19 12:22:30,contratos,CO1.PCCNTR.9817084,2026-08-18,SECRETARIA GENERAL- GOBERNACION DEL VALLE,Gobernación del Valle,Contexto,5000000
2026-08-19 12:22:30,contratos,CO1.PCCNTR.9820917,2026-08-18,SECRETARIA DE INFRAESTRUCTURA - GOBERNACION DEL VALLE,Gobernación del Valle,Contexto,30800000
2026-08-19 12:22:30,contratos,CO1.PCCNTR.9810354,2026-08-18,SANTIAGO DE CALI DISTRITO ESPECIAL - SECRETARIA DE BIENESTAR SOCIAL,Alcaldía de Cali,Contexto,11326000
2026-08-19 12:22:30,contratos,CO1.PCCNTR.9821644,2026-08-18,GOBERNACIÓN DEL VALLE DEL CAUCA - SECRETARIA DE LAS TECNOLOGÍAS DE LA INFORMACIÓN Y LAS COMUNICACIONES,Gobernación del Valle,Contexto,7000000
2026-08-19 12:22:30,contratos,CO1.PCCNTR.9819207,2026-08-18,GOBERNACION DEL VALLE DEL CAUCA - DADI,Gobernación del Valle,Contexto,6000000
2026-08-19 12:22:30,contratos,CO1.PCCNTR.9819312,2026-08-18,GOBERNACION DEL VALLE DEL CAUCA - DADI,Gobernación del Valle,Contexto,7700000
2026-08-19 12:22:30,contratos,CO1.PCCNTR.9808303,2026-08-18,SANTIAGO DE CALI DISTRITO ESPECIAL - SECRETARIA DE BIENESTAR SOCIAL,Alcaldía de Cali,Contexto,14415000
2026-08-19 12:22:30,contratos,CO1.PCCNTR.9818005,2026-08-18,GOBERNACION DEL VALLE DEL CAUCA - DADI,Gobernación del Valle,Contexto,2500000
2026-08-19 12:22:30,contratos,CO1.PCCNTR.9822013,2026-08-18,DEPARTAMENTO DEL VALLE DEL CAUCA - UNIDAD ADMINISTRATIVA ESPECIAL DE IMPUESTOS RENTAS Y GESTION TRIBUTARIA,Gobernación del Valle,Contexto,5000000
2026-08-19 12:22:30,contratos,CO1.PCCNTR.9817434,2026-08-18,GOBERNACION DEL VALLE DEL CAUCA - DADI,Gobernación del Valle,Contexto,5000000
2026-08-19 12:22:30,contratos,CO1.PCCNTR.9807565,2026-08-18,SANTIAGO DE CALI DISTRITO ESPECIAL - SECRETARIA DE BIENESTAR SOCIAL,Alcaldía de Cali,Contexto,5584000
2026-08-19 12:22:30,contratos,CO1.PCCNTR.9820432,2026-08-17,SECRETARIA DE INFRAESTRUCTURA - GOBERNACION DEL VALLE,Gobernación del Valle,Contexto,16000000
2026-08-19 12:22:30,contratos,CO1.PCCNTR.9819911,2026-08-18,GOBERNACION DEL VALLE DEL CAUCA - DEPARTAMENTO ADMINISTRATIVO DE PLANEACION,Gobernación del Valle,Contexto,7700000
2026-08-19 12:22:30,contratos,CO1.PCCNTR.9820826,2026-08-18,SECRETARIA DE INFRAESTRUCTURA - GOBERNACION DEL VALLE,Gobernación del Valle,Contexto,28000000
2026-08-19 12:22:30,contratos,CO1.PCCNTR.9819361,2026-08-18,GOBERNACION DEL VALLE DEL CAUCA - DEPARTAMENTO ADMINISTRATIVO DE PLANEACION,Gobernación del Valle,Contexto,7700000
2026-08-19 12:22:30,contratos,CO1.PCCNTR.9821620,2026-08-18,DEPARTAMENTO DEL VALLE DEL CAUCA - UNIDAD ADMINISTRATIVA ESPECIAL DE IMPUESTOS RENTAS Y GESTION TRIBUTARIA,Gobernación del Valle,Contexto,6000000
2026-08-19 12:22:30,contratos,CO1.PCCNTR.9820245,2026-08-17,SECRETARIA DE INFRAESTRUCTURA - GOBERNACION DEL VALLE,Gobernación del Valle,Contexto,30800000
2026-08-19 12:22:30,contratos,CO1.PCCNTR.9821632,2026-08-18,GOBERNACIÓN DEL VALLE DEL CAUCA - SECRETARIA DE LAS TECNOLOGÍAS DE LA INFORMACIÓN Y LAS COMUNICACIONES,Gobernación del Valle,Contexto,4000000
2026-08-19 12:22:30,contratos,CO1.PCCNTR.9816950,2026-08-18,SECRETARIA GENERAL- GOBERNACION DEL VALLE,Gobernación del Valle,Contexto,15400000
2026-08-19 12:22:30,contratos,CO1.PCCNTR.9820532,2026-08-18,SECRETARIA GENERAL- GOBERNACION DEL VALLE,Gobernación del Valle,Contexto,6000000
2026-08-19 12:22:30,contratos,CO1.PCCNTR.9816020,2026-08-18,SANTIAGO DE CALI DISTRITO ESPECIAL - SECRETARIA DE BIENESTAR SOCIAL,Alcaldía de Cali,Contexto,5584000
2026-08-19 12:22:30,contratos,CO1.PCCNTR.9820634,2026-08-18,SECRETARIA GENERAL- GOBERNACION DEL VALLE,Gobernación del Valle,Contexto,6000000
2026-08-19 12:22:30,contratos,CO1.PCCNTR.9818210,2026-08-18,SECRETARIA GENERAL- GOBERNACION DEL VALLE,Gobernación del Valle,Contexto,14000000
2026-08-19 12:22:30,contratos,CO1.PCCNTR.9820530,2026-08-18,GOBERNACION DEL VALLE DEL CAUCA - DADI,Gobernación del Valle,Contexto,7700000
2026-08-19 12:22:30,contratos,CO1.PCCNTR.9819345,2026-08-18,GOBERNACION DEL VALLE DEL CAUCA - DADI,Gobernación del Valle,Contexto,5000000
2026-08-19 12:22:30,contratos,CO1.PCCNTR.9821201,2026-08-18,SECRETARIA DE MOVILIDAD Y TRANSPORTE,Gobernación del Valle,Contexto,3500000
2026-08-19 12:22:30,contratos,CO1.PCCNTR.9820037,2026-08-18,SECRETARIA GENERAL- GOBERNACION DEL VALLE,Gobernación del Valle,Contexto,6000000
2026-08-19 12:22:30,contratos,CO1.PCCNTR.9820411,2026-08-17,SECRETARIA DE INFRAESTRUCTURA - GOBERNACION DEL VALLE,Gobernación del Valle,Contexto,16000000
2026-08-19 12:22:30,contratos,CO1.PCCNTR.9811475,2026-08-18,SANTIAGO DE CALI DISTRITO ESPECIAL - SECRETARIA DE GOBIERNO,Alcaldía de Cali,Contexto,16989000
2026-08-19 12:22:30,contratos,CO1.PCCNTR.9821461,2026-08-18,GOBERNACIÓN DEL VALLE DEL CAUCA - SECRETARIA DE LAS TECNOLOGÍAS DE LA INFORMACIÓN Y LAS COMUNICACIONES,Gobernación del Valle,Contexto,7000000
2026-08-19 12:22:30,contratos,CO1.PCCNTR.9821432,2026-08-18,GOBERNACIÓN DEL VALLE DEL CAUCA - SECRETARIA DE LAS TECNOLOGÍAS DE LA INFORMACIÓN Y LAS COMUNICACIONES,Gobernación del Valle,Contexto,4000000
2026-08-19 12:22:30,contratos,CO1.PCCNTR.9821117,2026-08-18,SECRETARIA DE INFRAESTRUCTURA - GOBERNACION DEL VALLE,Gobernación del Valle,Contexto,30800000
2026-08-19 12:22:30,contratos,CO1.PCCNTR.9818103,2026-08-18,SECRETARIA GENERAL- GOBERNACION DEL VALLE,Gobernación del Valle,Contexto,12000000
2026-08-19 12:22:30,contratos,CO1.PCCNTR.9814369,2026-08-18,SECRETARIA DE DESARROLLO ECONOMICO Y COMPETITIVIDAD,Gobernación del Valle,Contexto,7000000
2026-08-19 12:22:30,contratos,CO1.PCCNTR.9819611,2026-08-17,SECRETARIA DE INFRAESTRUCTURA - GOBERNACION DEL VALLE,Gobernación del Valle,Contexto,16000000
2026-08-19 12:22:30,contratos,CO1.PCCNTR.9818092,2026-08-18,SECRETARIA GENERAL- GOBERNACION DEL VALLE,Gobernación del Valle,Contexto,10000000
2026-08-19 12:22:30,contratos,CO1.PCCNTR.9820630,2026-08-18,SECRETARIA GENERAL- GOBERNACION DEL VALLE,Gobernación del Valle,Contexto,6000000
2026-08-19 12:22:30,contratos,CO1.PCCNTR.9819814,2026-08-18,SECRETARIA GENERAL- GOBERNACION DEL VALLE,Gobernación del Valle,Contexto,5000000
2026-08-19 12:22:30,contratos,CO1.PCCNTR.9819220,2026-08-17,SECRETARIA DE INFRAESTRUCTURA - GOBERNACION DEL VALLE,Gobernación del Valle,Contexto,30800000
2026-08-19 12:22:30,contratos,CO1.PCCNTR.9818032,2026-08-18,SECRETARIA GENERAL- GOBERNACION DEL VALLE,Gobernación del Valle,Contexto,7000000
2026-08-19 12:22:30,contratos,CO1.PCCNTR.9819126,2026-08-18,GOBERNACION DEL VALLE DEL CAUCA - DADI,Gobernación del Valle,Contexto,10000000
2026-08-19 12:22:30,contratos,CO1.PCCNTR.9819544,2026-08-18,GOBERNACION DEL VALLE DEL CAUCA - DEPARTAMENTO ADMINISTRATIVO DE PLANEACION,Gobernación del Valle,Contexto,6000000
2026-08-19 12:22:30,contratos,CO1.PCCNTR.9820926,2026-08-18,SECRETARIA DE INFRAESTRUCTURA - GOBERNACION DEL VALLE,Gobernación del Valle,Contexto,28000000
2026-08-19 12:22:30,contratos,CO1.PCCNTR.9811331,2026-08-18,SANTIAGO DE CALI DISTRITO ESPECIAL - SECRETARIA DE GOBIERNO,Alcaldía de Cali,Contexto,10653000
2026-08-19 12:22:30,contratos,CO1.PCCNTR.9810658,2026-08-18,SANTIAGO DE CALI DISTRITO ESPECIAL - SECRETARIA DE BIENESTAR SOCIAL,Alcaldía de Cali,Contexto,7102000
2026-08-19 12:22:30,contratos,CO1.PCCNTR.9821447,2026-08-18,GOBERNACIÓN DEL VALLE DEL CAUCA - SECRETARIA DE LAS TECNOLOGÍAS DE LA INFORMACIÓN Y LAS COMUNICACIONES,Gobernación del Valle,Contexto,7700000
2026-08-19 12:22:30,contratos,CO1.PCCNTR.9821497,2026-08-18,GOBERNACIÓN VALLE DEL CAUCA -SECRETARIA DE SALUD,Gobernación del Valle,Contexto,20833998
2026-08-19 12:22:30,contratos,CO1.PCCNTR.9818026,2026-08-18,SECRETARIA GENERAL- GOBERNACION DEL VALLE,Gobernación del Valle,Contexto,12000000
2026-08-19 12:22:30,contratos,CO1.PCCNTR.9819552,2026-08-18,GOBERNACION DEL VALLE DEL CAUCA - DADI,Gobernación del Valle,Contexto,2500000
2026-08-19 12:22:30,contratos,CO1.PCCNTR.9821715,2026-08-18,GOBERNACIÓN DEL VALLE DEL CAUCA - SECRETARIA DE LAS TECNOLOGÍAS DE LA INFORMACIÓN Y LAS COMUNICACIONES,Gobernación del Valle,Contexto,5000000
2026-08-19 12:22:30,contratos,CO1.PCCNTR.9819817,2026-08-18,SECRETARIA GENERAL- GOBERNACION DEL VALLE,Gobernación del Valle,Contexto,10000000
2026-08-19 12:22:30,contratos,CO1.PCCNTR.9818738,2026-08-18,SANTIAGO DE CALI DISTRITO ESPECIAL - DEPARTAMENTO ADMINISTRATIVO DE TECNOLOGIAS DE LA INFORMACION Y LAS COMUNICACIONES,Alcaldía de Cali,Contexto,8494500
2026-08-19 12:22:30,contratos,CO1.PCCNTR.9819629,2026-08-18,GOBERNACION DEL VALLE DEL CAUCA - DEPARTAMENTO ADMINISTRATIVO DE PLANEACION,Gobernación del Valle,Contexto,7700000
2026-08-19 12:22:30,contratos,CO1.PCCNTR.9803689,2026-08-18,SANTIAGO DE CALI DISTRITO ESPECIAL - SECRETARIA DE BIENESTAR SOCIAL,Alcaldía de Cali,Contexto,7894000
2026-08-19 12:22:30,contratos,CO1.PCCNTR.9820925,2026-08-18,SECRETARIA DE INFRAESTRUCTURA - GOBERNACION DEL VALLE,Gobernación del Valle,Contexto,28000000
2026-08-19 12:22:30,contratos,CO1.PCCNTR.9775928,2026-08-18,SANTIAGO DE CALI DISTRITO ESPECIAL - SECRETARIA DE BIENESTAR SOCIAL,Alcaldía de Cali,Contexto,7102000
2026-08-19 12:22:30,contratos,CO1.PCCNTR.9821534,2026-08-18,GOBERNACIÓN DEL VALLE DEL CAUCA - SECRETARIA DE LAS TECNOLOGÍAS DE LA INFORMACIÓN Y LAS COMUNICACIONES,Gobernación del Valle,Contexto,7000000
2026-08-19 12:22:30,contratos,CO1.PCCNTR.9810332,2026-08-18,SANTIAGO DE CALI DISTRITO ESPECIAL - SECRETARIA DE BIENESTAR SOCIAL,Alcaldía de Cali,Contexto,7894000
2026-08-19 12:22:30,contratos,CO1.PCCNTR.9821669,2026-08-18,GOBERNACIÓN DEL VALLE DEL CAUCA - SECRETARIA DE LAS TECNOLOGÍAS DE LA INFORMACIÓN Y LAS COMUNICACIONES,Gobernación del Valle,Contexto,6000000
2026-08-19 12:22:30,contratos,CO1.PCCNTR.9820001,2026-08-18,SANTIAGO DE CALI DISTRITO ESPECIAL - SECRETARIA DEL DEPORTE Y LA RECREACIÓN,Alcaldía de Cali,Contexto,9084000
2026-08-19 12:22:30,contratos,CO1.PCCNTR.9811820,2026-08-18,SANTIAGO DE CALI DISTRITO ESPECIAL - SECRETARIA DE GOBIERNO,Alcaldía de Cali,Contexto,8715000
2026-08-19 12:22:30,contratos,CO1.PCCNTR.9815607,2026-08-18,SECRETARIA DE DESARROLLO ECONOMICO Y COMPETITIVIDAD,Gobernación del Valle,Contexto,5000000
2026-08-19 12:22:30,contratos,CO1.PCCNTR.9820020,2026-08-18,SECRETARIA GENERAL- GOBERNACION DEL VALLE,Gobernación del Valle,Contexto,12000000
2026-08-19 12:22:30,contratos,CO1.PCCNTR.9820536,2026-08-18,SECRETARIA GENERAL- GOBERNACION DEL VALLE,Gobernación del Valle,Contexto,5000000
2026-08-19 12:22:30,contratos,CO1.PCCNTR.9821626,2026-08-18,DEPARTAMENTO DEL VALLE DEL CAUCA - UNIDAD ADMINISTRATIVA ESPECIAL DE IMPUESTOS RENTAS Y GESTION TRIBUTARIA,Gobernación del Valle,Contexto,6000000
2026-08-19 12:22:30,contratos,CO1.PCCNTR.9820627,2026-08-18,SECRETARIA GENERAL- GOBERNACION DEL VALLE,Gobernación del Valle,Contexto,10000000
2026-08-19 12:22:30,contratos,CO1.PCCNTR.9821506,2026-08-18,GOBERNACIÓN DEL VALLE DEL CAUCA - SECRETARIA DE LAS TECNOLOGÍAS DE LA INFORMACIÓN Y LAS COMUNICACIONES,Gobernación del Valle,Contexto,4000000
2026-08-19 12:22:30,contratos,CO1.PCCNTR.9815525,2026-08-18,SANTIAGO DE CALI DISTRITO ESPECIAL - SECRETARIA DE BIENESTAR SOCIAL,Alcaldía de Cali,Contexto,16989000
2026-08-19 12:22:30,contratos,CO1.PCCNTR.9819505,2026-08-18,GOBERNACION DEL VALLE DEL CAUCA - DADI,Gobernación del Valle,Contexto,4000000
2026-08-19 12:22:30,contratos,CO1.PCCNTR.9815430,2026-08-18,SECRETARIA DE DESARROLLO ECONOMICO Y COMPETITIVIDAD,Gobernación del Valle,Contexto,4000000
2026-08-19 12:22:30,contratos,CO1.PCCNTR.9819322,2026-08-18,GOBERNACION DEL VALLE DEL CAUCA - DADI,Gobernación del Valle,Contexto,2500000
2026-08-19 12:22:30,contratos,CO1.PCCNTR.9816337,2026-08-18,GOBERNACIÓN VALLE DEL CAUCA -SECRETARIA DE SALUD,Gobernación del Valle,Contexto,17500000
2026-08-19 12:22:30,contratos,CO1.PCCNTR.9817709,2026-08-18,SECRETARIA GENERAL- GOBERNACION DEL VALLE,Gobernación del Valle,Contexto,14000000
2026-08-19 12:22:30,contratos,CO1.PCCNTR.9819344,2026-08-18,GOBERNACION DEL VALLE DEL CAUCA - DEPARTAMENTO ADMINISTRATIVO DE PLANEACION,Gobernación del Valle,Contexto,7700000
2026-08-19 12:22:30,contratos,CO1.PCCNTR.9814573,2026-08-18,SANTIAGO DE CALI DISTRITO ESPECIAL - SECRETARIA DE GOBIERNO,Alcaldía de Cali,Contexto,11841000
2026-08-19 12:22:30,contratos,CO1.PCCNTR.9819520,2026-08-18,GOBERNACION DEL VALLE DEL CAUCA - DADI,Gobernación del Valle,Contexto,6500000
2026-08-19 12:22:30,contratos,CO1.PCCNTR.9818613,2026-08-18,SANTIAGO DE CALI DISTRITO ESPECIAL - SECRETARIA DE GOBIERNO,Alcaldía de Cali,Contexto,16989000
2026-08-19 12:22:30,contratos,CO1.PCCNTR.9818008,2026-08-18,SECRETARIA GENERAL- GOBERNACION DEL VALLE,Gobernación del Valle,Contexto,12000000
2026-08-19 12:22:30,contratos,CO1.PCCNTR.9819556,2026-08-18,GOBERNACION DEL VALLE DEL CAUCA - DEPARTAMENTO ADMINISTRATIVO DE PLANEACION,Gobernación del Valle,Contexto,7700000
2026-08-19 12:22:30,contratos,CO1.PCCNTR.9821854,2026-08-18,GOBERNACIÓN DEL VALLE DEL CAUCA - SECRETARIA DE LAS TECNOLOGÍAS DE LA INFORMACIÓN Y LAS COMUNICACIONES,Gobernación del Valle,Contexto,5000000
2026-08-19 12:22:30,contratos,CO1.PCCNTR.9820535,2026-08-17,SECRETARIA DE INFRAESTRUCTURA - GOBERNACION DEL VALLE,Gobernación del Valle,Contexto,30800000
2026-08-19 12:22:30,contratos,CO1.PCCNTR.9818069,2026-08-18,SECRETARIA GENERAL- GOBERNACION DEL VALLE,Gobernación del Valle,Contexto,12000000
2026-08-19 12:22:30,contratos,CO1.PCCNTR.9819542,2026-08-18,GOBERNACION DEL VALLE DEL CAUCA - DADI,Gobernación del Valle,Contexto,3000000
2026-08-19 12:22:30,contratos,CO1.PCCNTR.9819531,2026-08-17,SECRETARIA DE INFRAESTRUCTURA - GOBERNACION DEL VALLE,Gobernación del Valle,Contexto,28000000
2026-08-19 12:22:30,contratos,CO1.PCCNTR.9809993,2026-08-18,SANTIAGO DE CALI DISTRITO ESPECIAL - SECRETARIA DE BIENESTAR SOCIAL,Alcaldía de Cali,Contexto,11841000
2026-08-19 12:22:30,contratos,CO1.PCCNTR.9821811,2026-08-18,GOBERNACIÓN DEL VALLE DEL CAUCA - SECRETARIA DE LAS TECNOLOGÍAS DE LA INFORMACIÓN Y LAS COMUNICACIONES,Gobernación del Valle,Contexto,5000000
2026-08-19 12:22:30,contratos,CO1.PCCNTR.9820518,2026-08-17,SECRETARIA DE INFRAESTRUCTURA - GOBERNACION DEL VALLE,Gobernación del Valle,Contexto,12000000
2026-08-19 12:22:30,contratos,CO1.PCCNTR.9820342,2026-08-18,SECRETARIA GENERAL- GOBERNACION DEL VALLE,Gobernación del Valle,Contexto,5000000
2026-08-19 12:22:30,contratos,CO1.PCCNTR.9819317,2026-08-18,GOBERNACION DEL VALLE DEL CAUCA - DADI,Gobernación del Valle,Contexto,2500000
2026-08-19 12:22:30,contratos,CO1.PCCNTR.9819714,2026-08-17,SECRETARIA DE INFRAESTRUCTURA - GOBERNACION DEL VALLE,Gobernación del Valle,Contexto,12000000
2026-08-19 12:22:30,contratos,CO1.PCCNTR.9821750,2026-08-18,GOBERNACIÓN DEL VALLE DEL CAUCA - SECRETARIA DE LAS TECNOLOGÍAS DE LA INFORMACIÓN Y LAS COMUNICACIONES,Gobernación del Valle,Contexto,4000000
2026-08-19 12:22:30,contratos,CO1.PCCNTR.9811762,2026-08-18,SANTIAGO DE CALI DISTRITO ESPECIAL - SECRETARIA DE GOBIERNO,Alcaldía de Cali,Contexto,11841000
2026-08-19 12:22:30,contratos,CO1.PCCNTR.9814383,2026-08-18,SECRETARIA DE DESARROLLO ECONOMICO Y COMPETITIVIDAD,Gobernación del Valle,Contexto,7700000
2026-08-19 12:22:30,contratos,CO1.PCCNTR.9821678,2026-08-18,DEPARTAMENTO DEL VALLE DEL CAUCA - UNIDAD ADMINISTRATIVA ESPECIAL DE IMPUESTOS RENTAS Y GESTION TRIBUTARIA,Gobernación del Valle,Contexto,5000000
2026-08-19 12:22:30,contratos,CO1.PCCNTR.9819923,2026-08-18,GOBERNACION DEL VALLE DEL CAUCA - DADI,Gobernación del Valle,Contexto,7700000
2026-08-19 12:22:30,contratos,CO1.PCCNTR.9814911,2026-08-18,SECRETARIA DE DESARROLLO ECONOMICO Y COMPETITIVIDAD,Gobernación del Valle,Contexto,3000000
2026-08-19 12:22:30,contratos,CO1.PCCNTR.9819647,2026-08-18,GOBERNACION DEL VALLE DEL CAUCA - DADI,Gobernación del Valle,Contexto,2500000
2026-08-19 12:22:30,contratos,CO1.PCCNTR.9812637,2026-08-18,SANTIAGO DE CALI DISTRITO ESPECIAL - SECRETARIA DE GOBIERNO,Alcaldía de Cali,Contexto,9765000
2026-08-19 12:22:30,contratos,CO1.PCCNTR.9813119,2026-08-18,SANTIAGO DE CALI DISTRITO ESPECIAL - SECRETARIA DE BIENESTAR SOCIAL,Alcaldía de Cali,Contexto,11841000
2026-08-19 12:22:30,contratos,CO1.PCCNTR.9818605,2026-08-18,SANTIAGO DE CALI DISTRITO ESPECIAL - SECRETARIA DE GOBIERNO,Alcaldía de Cali,Contexto,14415000
2026-08-19 12:22:30,contratos,CO1.PCCNTR.9819656,2026-08-18,GOBERNACION DEL VALLE DEL CAUCA - DEPARTAMENTO ADMINISTRATIVO DE PLANEACION,Gobernación del Valle,Contexto,6000000
2026-08-19 12:22:30,contratos,CO1.PCCNTR.9818919,2026-08-18,GOBERNACION DEL VALLE DEL CAUCA - DADI,Gobernación del Valle,Contexto,2500000
2026-08-19 12:22:30,contratos,CO1.PCCNTR.9820380,2026-08-17,SECRETARIA DE INFRAESTRUCTURA - GOBERNACION DEL VALLE,Gobernación del Valle,Contexto,24000000
2026-08-19 12:22:30,contratos,CO1.PCCNTR.9821413,2026-08-18,GOBERNACIÓN DEL VALLE DEL CAUCA - SECRETARIA DE LAS TECNOLOGÍAS DE LA INFORMACIÓN Y LAS COMUNICACIONES,Gobernación del Valle,Contexto,3000000
2026-08-19 12:22:30,contratos,CO1.PCCNTR.9821621,2026-08-18,DEPARTAMENTO DEL VALLE DEL CAUCA - UNIDAD ADMINISTRATIVA ESPECIAL DE IMPUESTOS RENTAS Y GESTION TRIBUTARIA,Gobernación del Valle,Contexto,3000000
2026-08-19 12:22:30,contratos,CO1.PCCNTR.9820224,2026-08-17,SECRETARIA DE INFRAESTRUCTURA - GOBERNACION DEL VALLE,Gobernación del Valle,Contexto,16000000
2026-08-19 12:22:30,contratos,CO1.PCCNTR.9819627,2026-08-18,GOBERNACION DEL VALLE DEL CAUCA - DADI,Gobernación del Valle,Contexto,4000000
2026-08-19 12:22:30,contratos,CO1.PCCNTR.9821511,2026-08-18,GOBERNACIÓN DEL VALLE DEL CAUCA - SECRETARIA DE LAS TECNOLOGÍAS DE LA INFORMACIÓN Y LAS COMUNICACIONES,Gobernación del Valle,Contexto,3500000
2026-08-19 12:22:30,contratos,CO1.PCCNTR.9815477,2026-08-18,SECRETARIA DE DESARROLLO ECONOMICO Y COMPETITIVIDAD,Gobernación del Valle,Contexto,4000000
2026-08-19 12:22:30,contratos,CO1.PCCNTR.9817977,2026-08-18,GOBERNACION DEL VALLE DEL CAUCA - DEPARTAMENTO ADMINISTRATIVO DE PLANEACION,Gobernación del Valle,Contexto,7000000
2026-08-19 12:22:30,contratos,CO1.PCCNTR.9821613,2026-08-18,DEPARTAMENTO DEL VALLE DEL CAUCA - UNIDAD ADMINISTRATIVA ESPECIAL DE IMPUESTOS RENTAS Y GESTION TRIBUTARIA,Gobernación del Valle,Contexto,3500000
2026-08-19 12:22:30,contratos,CO1.PCCNTR.9819525,2026-08-18,GOBERNACION DEL VALLE DEL CAUCA - DADI,Gobernación del Valle,Contexto,5000000
2026-08-19 12:22:30,contratos,CO1.PCCNTR.9820351,2026-08-18,SECRETARIA DE INFRAESTRUCTURA - GOBERNACION DEL VALLE,Gobernación del Valle,Contexto,12000000
2026-08-19 12:22:30,contratos,CO1.PCCNTR.9815647,2026-08-18,SECRETARIA DE DESARROLLO ECONOMICO Y COMPETITIVIDAD,Gobernación del Valle,Contexto,5000000
2026-08-19 12:22:30,contratos,CO1.PCCNTR.9819251,2026-08-18,GOBERNACION DEL VALLE DEL CAUCA - DADI,Gobernación del Valle,Contexto,7700000
2026-08-19 12:22:30,contratos,CO1.PCCNTR.9819645,2026-08-18,GOBERNACION DEL VALLE DEL CAUCA - DEPARTAMENTO ADMINISTRATIVO DE PLANEACION,Gobernación del Valle,Contexto,7700000
2026-08-19 12:22:30,contratos,CO1.PCCNTR.9820668,2026-08-18,SECRETARIA DE INFRAESTRUCTURA - GOBERNACION DEL VALLE,Gobernación del Valle,Contexto,16000000
2026-08-19 12:22:30,contratos,CO1.PCCNTR.9820491,2026-08-18,GOBERNACION DEL VALLE DEL CAUCA - DADI,Gobernación del Valle,Contexto,3500000
2026-08-19 12:22:30,contratos,CO1.PCCNTR.9819822,2026-08-18,SECRETARIA GENERAL- GOBERNACION DEL VALLE,Gobernación del Valle,Contexto,6000000
2026-08-19 12:22:30,contratos,CO1.PCCNTR.9816456,2026-08-18,GOBERNACIÓN VALLE DEL CAUCA -SECRETARIA DE SALUD,Gobernación del Valle,Contexto,20000000
2026-08-19 12:22:30,contratos,CO1.PCCNTR.9820628,2026-08-17,SECRETARIA DE INFRAESTRUCTURA - GOBERNACION DEL VALLE,Gobernación del Valle,Contexto,12000000
2026-08-19 12:22:30,contratos,CO1.PCCNTR.9820520,2026-08-17,SECRETARIA DE INFRAESTRUCTURA - GOBERNACION DEL VALLE,Gobernación del Valle,Contexto,28000000
2026-08-19 12:22:30,contratos,CO1.PCCNTR.9821411,2026-08-18,GOBERNACIÓN DEL VALLE DEL CAUCA - SECRETARIA DE LAS TECNOLOGÍAS DE LA INFORMACIÓN Y LAS COMUNICACIONES,Gobernación del Valle,Contexto,6000000
2026-08-19 12:22:30,contratos,CO1.PCCNTR.9818165,2026-08-18,SANTIAGO DE CALI DISTRITO ESPECIAL - SECRETARIA DE BIENESTAR SOCIAL,Alcaldía de Cali,Contexto,23478000
2026-08-19 12:22:30,contratos,CO1.PCCNTR.9812911,2026-08-18,GOBERNACION DEL VALLE DEL CAUCA - DADI,Gobernación del Valle,Contexto,3500000
2026-08-19 12:22:30,contratos,CO1.PCCNTR.9818098,2026-08-18,SECRETARIA GENERAL- GOBERNACION DEL VALLE,Gobernación del Valle,Contexto,7000000
2026-08-19 12:22:30,contratos,CO1.PCCNTR.9820431,2026-08-18,GOBERNACION DEL VALLE DEL CAUCA - DEPARTAMENTO ADMINISTRATIVO DE PLANEACION,Gobernación del Valle,Contexto,4000000
2026-08-19 12:22:30,contratos,CO1.PCCNTR.9818148,2026-08-18,SECRETARIA GENERAL- GOBERNACION DEL VALLE,Gobernación del Valle,Contexto,7000000
2026-08-19 12:22:30,contratos,CO1.PCCNTR.9810054,2026-08-18,SANTIAGO DE CALI DISTRITO ESPECIAL - SECRETARIA DE BIENESTAR SOCIAL,Alcaldía de Cali,Contexto,12494000
2026-08-19 12:22:30,contratos,CO1.PCCNTR.9797637,2026-08-18,SANTIAGO DE CALI DISTRITO ESPECIAL - SECRETARIA DE GOBIERNO,Alcaldía de Cali,Contexto,18741000
2026-08-19 12:22:30,contratos,CO1.PCCNTR.9812902,2026-08-18,GOBERNACION DEL VALLE DEL CAUCA - DADI,Gobernación del Valle,Contexto,5000000
2026-08-19 12:22:30,contratos,CO1.PCCNTR.9821603,2026-08-18,"GOBERNACION DEL VALLE- SECRETARIA DE MUJER, EQUIDAD DE GENERO Y DIVERSIDAD SEXUAL",Gobernación del Valle,Contexto,7000000
2026-08-19 12:22:30,contratos,CO1.PCCNTR.9822839,2026-08-18,SECRETARIA DE MOVILIDAD Y TRANSPORTE,Gobernación del Valle,Contexto,7000000
2026-08-19 12:22:30,contratos,CO1.PCCNTR.9820216,2026-08-17,SECRETARIA DE INFRAESTRUCTURA - GOBERNACION DEL VALLE,Gobernación del Valle,Contexto,10000000
2026-08-19 12:22:30,contratos,CO1.PCCNTR.9820421,2026-08-18,GOBERNACION DEL VALLE DEL CAUCA - DEPARTAMENTO ADMINISTRATIVO DE PLANEACION,Gobernación del Valle,Contexto,7700000
2026-08-19 12:22:30,contratos,CO1.PCCNTR.9821865,2026-08-18,GOBERNACIÓN DEL VALLE DEL CAUCA - SECRETARIA DE LAS TECNOLOGÍAS DE LA INFORMACIÓN Y LAS COMUNICACIONES,Gobernación del Valle,Contexto,4000000
2026-08-19 12:22:30,contratos,CO1.PCCNTR.9810218,2026-08-18,SANTIAGO DE CALI DISTRITO ESPECIAL - SECRETARIA DE BIENESTAR SOCIAL,Alcaldía de Cali,Contexto,8376000
2026-08-19 12:22:30,contratos,CO1.PCCNTR.9813014,2026-08-18,GOBERNACION DEL VALLE DEL CAUCA - DADI,Gobernación del Valle,Contexto,5000000
2026-08-19 12:22:30,contratos,CO1.PCCNTR.9818550,2026-08-18,GOBERNACION DEL VALLE DEL CAUCA - DADI,Gobernación del Valle,Contexto,2500000
2026-08-19 12:22:30,contratos,CO1.PCCNTR.9820921,2026-08-18,SECRETARIA DE INFRAESTRUCTURA - GOBERNACION DEL VALLE,Gobernación del Valle,Contexto,16000000
2026-08-19 12:22:30,contratos,CO1.PCCNTR.9820531,2026-08-18,GOBERNACION DEL VALLE DEL CAUCA - DEPARTAMENTO ADMINISTRATIVO DE PLANEACION,Gobernación del Valle,Contexto,7000000
2026-08-19 12:22:30,contratos,CO1.PCCNTR.9821768,2026-08-18,DEPARTAMENTO DEL VALLE DEL CAUCA - UNIDAD ADMINISTRATIVA ESPECIAL DE IMPUESTOS RENTAS Y GESTION TRIBUTARIA,Gobernación del Valle,Contexto,4000000
2026-08-19 12:22:30,contratos,CO1.PCCNTR.9736436,2026-08-18,UAEPA2,Alcaldía de Cali,Media,11168000
2026-08-19 12:22:30,contratos,CO1.PCCNTR.9819905,2026-08-18,GOBERNACION DEL VALLE DEL CAUCA - DEPARTAMENTO ADMINISTRATIVO DE PLANEACION,Gobernación del Valle,Contexto,7700000
2026-08-19 12:22:30,contratos,CO1.PCCNTR.9821456,2026-08-18,GOBERNACIÓN DEL VALLE DEL CAUCA - SECRETARIA DE LAS TECNOLOGÍAS DE LA INFORMACIÓN Y LAS COMUNICACIONES,Gobernación del Valle,Contexto,5000000
2026-08-19 12:22:30,contratos,CO1.PCCNTR.9822444,2026-08-18,GOBERNACIÓN DEL VALLE DEL CAUCA - SECRETARIA DE LAS TECNOLOGÍAS DE LA INFORMACIÓN Y LAS COMUNICACIONES,Gobernación del Valle,Contexto,4000000
2026-08-19 12:22:30,contratos,CO1.PCCNTR.9819239,2026-08-18,GOBERNACION DEL VALLE DEL CAUCA - DEPARTAMENTO ADMINISTRATIVO DE PLANEACION,Gobernación del Valle,Contexto,6000000
2026-08-19 12:22:30,contratos,CO1.PCCNTR.9820569,2026-08-17,SECRETARIA DE INFRAESTRUCTURA - GOBERNACION DEL VALLE,Gobernación del Valle,Contexto,10000000
2026-08-19 12:22:30,contratos,CO1.PCCNTR.9820003,2026-08-18,GOBERNACION DEL VALLE DEL CAUCA - DEPARTAMENTO ADMINISTRATIVO DE PLANEACION,Gobernación del Valle,Contexto,7700000
2026-08-19 12:22:30,contratos,CO1.PCCNTR.9819507,2026-08-18,GOBERNACION DEL VALLE DEL CAUCA - DEPARTAMENTO ADMINISTRATIVO DE PLANEACION,Gobernación del Valle,Contexto,7700000
2026-08-19 12:22:30,contratos,CO1.PCCNTR.9821112,2026-08-18,SECRETARIA DE INFRAESTRUCTURA - GOBERNACION DEL VALLE,Gobernación del Valle,Contexto,16000000
2026-08-19 12:22:30,contratos,CO1.PCCNTR.9819513,2026-08-18,GOBERNACION DEL VALLE DEL CAUCA - DEPARTAMENTO ADMINISTRATIVO DE PLANEACION,Gobernación del Valle,Contexto,7000000
2026-08-19 12:22:30,contratos,CO1.PCCNTR.9815333,2026-08-18,SECRETARIA DE DESARROLLO ECONOMICO Y COMPETITIVIDAD,Gobernación del Valle,Contexto,6000000
2026-08-19 12:22:30,contratos,CO1.PCCNTR.9820225,2026-08-18,SECRETARIA DE INFRAESTRUCTURA - GOBERNACION DEL VALLE,Gobernación del Valle,Contexto,12000000
2026-08-19 12:22:30,contratos,CO1.PCCNTR.9819414,2026-08-18,SANTIAGO DE CALI DISTRITO ESPECIAL - SECRETARIA DE BIENESTAR SOCIAL,Alcaldía de Cali,Contexto,4542000
2026-08-19 12:22:30,contratos,CO1.PCCNTR.9820410,2026-08-17,SECRETARIA DE INFRAESTRUCTURA - GOBERNACION DEL VALLE,Gobernación del Valle,Contexto,16000000
2026-08-19 12:22:30,contratos,CO1.PCCNTR.9818061,2026-08-18,SECRETARIA GENERAL- GOBERNACION DEL VALLE,Gobernación del Valle,Contexto,10000000
2026-08-19 12:22:30,contratos,CO1.PCCNTR.9821412,2026-08-18,GOBERNACIÓN DEL VALLE DEL CAUCA - SECRETARIA DE LAS TECNOLOGÍAS DE LA INFORMACIÓN Y LAS COMUNICACIONES,Gobernación del Valle,Contexto,4000000
2026-08-19 12:22:30,contratos,CO1.PCCNTR.9814454,2026-08-18,SECRETARIA DE DESARROLLO ECONOMICO Y COMPETITIVIDAD,Gobernación del Valle,Contexto,7700000
2026-08-19 12:22:30,contratos,CO1.PCCNTR.9819718,2026-08-18,GOBERNACION DEL VALLE DEL CAUCA - DADI,Gobernación del Valle,Contexto,5000000
2026-08-19 12:22:30,contratos,CO1.PCCNTR.9818169,2026-08-18,SANTIAGO DE CALI DISTRITO ESPECIAL - SECRETARIA DE BIENESTAR SOCIAL,Alcaldía de Cali,Contexto,11326000
2026-08-19 12:22:30,contratos,CO1.PCCNTR.9820109,2026-08-18,SECRETARIA GENERAL- GOBERNACION DEL VALLE,Gobernación del Valle,Contexto,14000000
2026-08-19 12:22:30,contratos,CO1.PCCNTR.9819541,2026-08-18,GOBERNACION DEL VALLE DEL CAUCA - DEPARTAMENTO ADMINISTRATIVO DE PLANEACION,Gobernación del Valle,Contexto,3500000
2026-08-19 12:22:30,contratos,CO1.PCCNTR.9819653,2026-08-18,GOBERNACION DEL VALLE DEL CAUCA - DADI,Gobernación del Valle,Contexto,2500000
2026-08-19 12:22:30,contratos,CO1.PCCNTR.9821618,2026-08-18,DEPARTAMENTO DEL VALLE DEL CAUCA - UNIDAD ADMINISTRATIVA ESPECIAL DE IMPUESTOS RENTAS Y GESTION TRIBUTARIA,Gobernación del Valle,Contexto,7700000
2026-08-19 12:22:30,contratos,CO1.PCCNTR.9821849,2026-08-18,GOBERNACIÓN DEL VALLE DEL CAUCA - SECRETARIA DE LAS TECNOLOGÍAS DE LA INFORMACIÓN Y LAS COMUNICACIONES,Gobernación del Valle,Contexto,6000000
2026-08-19 12:22:30,contratos,CO1.PCCNTR.9820418,2026-08-18,GOBERNACION DEL VALLE DEL CAUCA - DEPARTAMENTO ADMINISTRATIVO DE PLANEACION,Gobernación del Valle,Contexto,7000000
2026-08-19 12:22:30,contratos,CO1.PCCNTR.9821115,2026-08-18,SECRETARIA DE INFRAESTRUCTURA - GOBERNACION DEL VALLE,Gobernación del Valle,Contexto,12000000
2026-08-19 12:22:30,contratos,CO1.PCCNTR.9820633,2026-08-18,SECRETARIA GENERAL- GOBERNACION DEL VALLE,Gobernación del Valle,Contexto,6000000
2026-08-19 12:22:30,contratos,CO1.PCCNTR.9820002,2026-08-18,GOBERNACION DEL VALLE DEL CAUCA - DEPARTAMENTO ADMINISTRATIVO DE PLANEACION,Gobernación del Valle,Contexto,7700000
2026-08-19 12:22:30,contratos,CO1.PCCNTR.9821861,2026-08-18,GOBERNACIÓN DEL VALLE DEL CAUCA - SECRETARIA DE LAS TECNOLOGÍAS DE LA INFORMACIÓN Y LAS COMUNICACIONES,Gobernación del Valle,Contexto,5000000
2026-08-19 12:22:30,contratos,CO1.PCCNTR.9819307,2026-08-18,GOBERNACION DEL VALLE DEL CAUCA - DEPARTAMENTO ADMINISTRATIVO DE PLANEACION,Gobernación del Valle,Contexto,7700000
2026-08-19 12:22:30,contratos,CO1.PCCNTR.9821716,2026-08-18,GOBERNACIÓN DEL VALLE DEL CAUCA - SECRETARIA DE LAS TECNOLOGÍAS DE LA INFORMACIÓN Y LAS COMUNICACIONES,Gobernación del Valle,Contexto,3000000
2026-08-19 12:22:30,contratos,CO1.PCCNTR.9820429,2026-08-18,GOBERNACION DEL VALLE DEL CAUCA - DEPARTAMENTO ADMINISTRATIVO DE PLANEACION,Gobernación del Valle,Contexto,2500000
2026-08-19 12:22:30,contratos,CO1.PCCNTR.9818178,2026-08-18,GOBERNACION DEL VALLE DEL CAUCA - DEPARTAMENTO ADMINISTRATIVO DE PLANEACION,Gobernación del Valle,Contexto,3000000
2026-08-19 12:22:30,contratos,CO1.PCCNTR.9819605,2026-08-18,GOBERNACION DEL VALLE DEL CAUCA - DEPARTAMENTO ADMINISTRATIVO DE PLANEACION,Gobernación del Valle,Contexto,3500000
2026-08-19 12:22:30,contratos,CO1.PCCNTR.9819634,2026-08-18,GOBERNACION DEL VALLE DEL CAUCA - DEPARTAMENTO ADMINISTRATIVO DE PLANEACION,Gobernación del Valle,Contexto,3500000
2026-08-19 12:22:30,contratos,CO1.PCCNTR.9816640,2026-08-18,GOBERNACIÓN VALLE DEL CAUCA -SECRETARIA DE SALUD,Gobernación del Valle,Contexto,35000000
2026-08-19 12:22:30,contratos,CO1.PCCNTR.9821516,2026-08-18,GOBERNACIÓN DEL VALLE DEL CAUCA - SECRETARIA DE LAS TECNOLOGÍAS DE LA INFORMACIÓN Y LAS COMUNICACIONES,Gobernación del Valle,Contexto,5000000
2026-08-19 12:22:30,contratos,CO1.PCCNTR.9817958,2026-08-18,SECRETARIA GENERAL- GOBERNACION DEL VALLE,Gobernación del Valle,Contexto,6000000
2026-08-19 12:22:30,contratos,CO1.PCCNTR.9819920,2026-08-18,SECRETARIA GENERAL- GOBERNACION DEL VALLE,Gobernación del Valle,Contexto,6000000
2026-08-19 12:22:30,contratos,CO1.PCCNTR.9818145,2026-08-18,SECRETARIA GENERAL- GOBERNACION DEL VALLE,Gobernación del Valle,Contexto,7000000
2026-08-19 12:22:30,contratos,CO1.PCCNTR.9820377,2026-08-17,FONDO ESPECIAL DE VIVIENDA DEL MUNICIPIO DE SANTIAGO DE CALI,Descentralizadas de Cali,Contexto,5663000
2026-08-19 12:22:30,contratos,CO1.PCCNTR.9820578,2026-08-17,MUNICIPIO DE BUGALAGRANDE,Otras entidades del Valle,Alta,49630000
2026-08-19 12:22:30,contratos,CO1.PCCNTR.9820352,2026-08-17,ALCALDIA MUNICIPIO DE JAMUNDI,Otras entidades del Valle,Media,20000000
2026-08-19 12:22:30,contratos,CO1.PCCNTR.9820495,2026-08-17,MUNICIPIO DE BUGALAGRANDE,Otras entidades del Valle,Alta,8700000
2026-08-19 12:22:30,contratos,CO1.PCCNTR.9815886,2026-08-18,CVC,Otras entidades del Valle,Contexto,31891520
2026-08-19 12:22:30,contratos,CO1.PCCNTR.9820902,2026-08-18,MUNICIPIO DE BUGALAGRANDE,Otras entidades del Valle,Alta,25000000
2026-08-19 12:22:30,contratos,CO1.PCCNTR.9820459,2026-08-17,FONDO ESPECIAL DE VIVIENDA DEL MUNICIPIO DE SANTIAGO DE CALI,Descentralizadas de Cali,Contexto,5663000
2026-08-19 12:22:30,contratos,CO1.PCCNTR.9820821,2026-08-17,MUNICIPIO DE BUGALAGRANDE,Otras entidades del Valle,Alta,8700000
2026-08-19 12:22:30,contratos,CO1.PCCNTR.9820360,2026-08-17,ALCALDIA MUNICIPIO DE JAMUNDI,Otras entidades del Valle,Media,11500000
2026-08-19 12:22:30,contratos,CO1.PCCNTR.9806921,2026-08-17,MUNICIPIO DE FLORIDA,Otras entidades del Valle,Contexto,15000000
2026-08-19 12:22:30,contratos,CO1.PCCNTR.9821102,2026-08-17,FONDO ESPECIAL DE VIVIENDA DEL MUNICIPIO DE SANTIAGO DE CALI,Descentralizadas de Cali,Contexto,3947000
2026-08-19 12:22:30,contratos,CO1.PCCNTR.9821627,2026-08-18,ALCALDIA MUNICIPIO DE JAMUNDI,Otras entidades del Valle,Contexto,15000000
2026-08-19 12:22:30,contratos,CO1.PCCNTR.9820485,2026-08-18,ALCALDIA MUNICIPIO DE JAMUNDI,Otras entidades del Valle,Contexto,10000000
2026-08-19 12:22:30,contratos,CO1.PCCNTR.9811307,2026-08-17,MUNICIPIO DE FLORIDA,Otras entidades del Valle,Contexto,15000000
2026-08-19 12:22:30,contratos,CO1.PCCNTR.9820602,2026-08-18,CVC,Otras entidades del Valle,Contexto,25000000
2026-08-19 12:22:30,contratos,CO1.PCCNTR.9800038,2026-08-18,EMPRESA SOCIAL DEL ESTADO HOSPITAL BENJAMIN BARNEY GASCA,Otras entidades del Valle,Contexto,2387000
2026-08-19 12:22:30,contratos,CO1.PCCNTR.9816526,2026-08-18,Secretaria de Desarrollo Agropecuario y Medio Ambiente - Alcaldía de Tuluá,Otras entidades del Valle,Contexto,15525000
2026-08-19 12:22:30,contratos,CO1.PCCNTR.9820606,2026-08-18,CVC,Otras entidades del Valle,Alta,30750000
2026-08-19 12:22:30,contratos,CO1.PCCNTR.9820487,2026-08-18,ALCALDIA MUNICIPIO DE JAMUNDI,Otras entidades del Valle,Contexto,9200000
2026-08-19 12:22:30,contratos,CO1.PCCNTR.9820105,2026-08-17,ALCALDIA MUNICIPIO DE JAMUNDI,Otras entidades del Valle,Contexto,11500000
2026-08-19 12:22:30,contratos,CO1.PCCNTR.9820479,2026-08-17,ALCALDIA MUNICIPAL DE ANDALUCIA VALLE DEL CAUCA,Otras entidades del Valle,Alta,55000000
2026-08-19 12:22:30,contratos,CO1.PCCNTR.9820647,2026-08-17,FONDO ESPECIAL DE VIVIENDA DEL MUNICIPIO DE SANTIAGO DE CALI,Descentralizadas de Cali,Contexto,3551000
2026-08-19 12:22:30,contratos,CO1.PCCNTR.9820808,2026-08-17,FONDO ESPECIAL DE VIVIENDA DEL MUNICIPIO DE SANTIAGO DE CALI,Descentralizadas de Cali,Contexto,4805000
2026-08-19 12:22:30,contratos,CO1.PCCNTR.9821427,2026-08-18,EMAVI,Otras entidades del Valle,Contexto,9417800
2026-08-19 12:22:30,contratos,CO1.PCCNTR.9822403,2026-08-18,ALCALDIA MUNICIPIO DE JAMUNDI,Otras entidades del Valle,Contexto,25000000
2026-08-19 12:22:30,contratos,CO1.PCCNTR.9820562,2026-08-18,ALCALDIA MUNICIPIO DE JAMUNDI,Otras entidades del Valle,Contexto,15000000
2026-08-19 12:22:30,contratos,CO1.PCCNTR.9820463,2026-08-17,FONDO ESPECIAL DE VIVIENDA DEL MUNICIPIO DE SANTIAGO DE CALI,Descentralizadas de Cali,Contexto,6247000
2026-08-19 12:22:30,contratos,CO1.PCCNTR.9806215,2026-08-18,ALCALDIA DISTRITAL DE BUENAVENTURA-VALLE,Otras entidades del Valle,Contexto,20157100
2026-08-19 12:22:30,contratos,CO1.PCCNTR.9815870,2026-08-18,CVC,Otras entidades del Valle,Contexto,35080672
2026-08-19 12:22:30,contratos,CO1.PCCNTR.9808343,2026-08-18,CONCEJO MUNICIPAL CARTAGO,Otras entidades del Valle,Contexto,17000000
2026-08-19 12:22:30,contratos,CO1.PCCNTR.9810638,2026-08-17,MUNICIPIO DE FLORIDA,Otras entidades del Valle,Contexto,10500000
2026-08-19 12:22:30,contratos,CO1.PCCNTR.9820816,2026-08-17,FONDO ESPECIAL DE VIVIENDA DEL MUNICIPIO DE SANTIAGO DE CALI,Descentralizadas de Cali,Contexto,3551000
2026-08-19 12:22:30,contratos,CO1.PCCNTR.9822099,2026-08-18,ALCALDÍA MUNICIPIO DE PALMIRA,Otras entidades del Valle,Contexto,2700000
2026-08-19 12:22:30,contratos,CO1.PCCNTR.9779449,2026-08-18,CVC,Otras entidades del Valle,Contexto,91390970
2026-08-19 12:22:30,contratos,CO1.PCCNTR.9811405,2026-08-17,MUNICIPIO DE FLORIDA,Otras entidades del Valle,Contexto,15000000
2026-08-19 12:22:30,contratos,CO1.PCCNTR.9814327,2026-08-17,ALCALDIA MUNICIPIO DE JAMUNDI,Otras entidades del Valle,Contexto,19000000
2026-08-19 12:22:30,contratos,CO1.PCCNTR.9819811,2026-08-17,ALCALDIA MUNICIPIO DE JAMUNDI,Otras entidades del Valle,Contexto,20000000
2026-08-19 12:22:30,contratos,CO1.PCCNTR.9814803,2026-08-18,ALCALDIA DE ALCALA,Otras entidades del Valle,Contexto,10000000
2026-08-19 12:22:30,contratos,CO1.PCCNTR.9821551,2026-08-18,CVC,Otras entidades del Valle,Contexto,30780000
2026-08-19 12:22:30,contratos,CO1.PCCNTR.9820417,2026-08-17,HOSPITAL MUNICIPAL LUIS ABLANQUE DE LA PLATA EMPRESA SOCIAL DEL ESTADO,Otras entidades del Valle,Contexto,21450000
2026-08-19 12:22:30,contratos,CO1.PCCNTR.9807139,2026-08-18,INSTITUTO MUNICIPAL PARA EL DEPORTE Y LA RECREACION DE CANDELARIA,Otras entidades del Valle,Contexto,19299671
2026-08-19 12:22:30,contratos,CO1.PCCNTR.9822440,2026-08-18,ALCALDÍA MUNICIPIO DE PALMIRA,Otras entidades del Valle,Contexto,2700000
2026-08-19 12:22:30,contratos,CO1.PCCNTR.9812438,2026-08-18,ALCALDÍA MUNICIPAL DE ROLDANILLO,Otras entidades del Valle,Contexto,12500000
2026-08-19 12:22:30,contratos,CO1.PCCNTR.9792220,2026-08-18,MUNICIPIO DE YUMBO VALLE,Otras entidades del Valle,Contexto,10000000
2026-08-19 12:22:30,contratos,CO1.PCCNTR.9792107,2026-08-18,MUNICIPIO DE YUMBO VALLE,Otras entidades del Valle,Contexto,10000000
2026-08-19 12:22:30,contratos,CO1.PCCNTR.9811363,2026-08-18,ALCALDIA DE ALCALA,Otras entidades del Valle,Contexto,14000000
2026-08-19 12:22:30,contratos,CO1.PCCNTR.9822415,2026-08-18,ALCALDIA MUNICIPIO DE JAMUNDI,Otras entidades del Valle,Contexto,14000000
2026-08-19 12:22:30,contratos,CO1.PCCNTR.9819723,2026-08-18,ALCALDIA MUNICIPIO DE JAMUNDI,Otras entidades del Valle,Contexto,11500000
2026-08-19 12:22:30,contratos,CO1.PCCNTR.9815619,2026-08-18,ALCALDIA DISTRITAL DE BUENAVENTURA-VALLE,Otras entidades del Valle,Contexto,8021841726.77
2026-08-19 12:22:30,contratos,CO1.PCCNTR.9816300,2026-08-18,Secretaria de Desarrollo Agropecuario y Medio Ambiente - Alcaldía de Tuluá,Otras entidades del Valle,Contexto,9999000
2026-08-19 12:22:30,contratos,CO1.PCCNTR.9820239,2026-08-18,ALCALDIA MUNICIPIO DE JAMUNDI,Otras entidades del Valle,Media,11500000
2026-08-19 12:22:30,contratos,CO1.PCCNTR.9821104,2026-08-17,FONDO ESPECIAL DE VIVIENDA DEL MUNICIPIO DE SANTIAGO DE CALI,Descentralizadas de Cali,Contexto,7036000
2026-08-19 12:22:30,contratos,CO1.PCCNTR.9819810,2026-08-17,ALCALDIA MUNICIPIO DE JAMUNDI,Otras entidades del Valle,Contexto,20000000
2026-08-19 12:22:30,contratos,CO1.PCCNTR.9817723,2026-08-18,UNIDAD EJECUTORA DE SANEAMIENTO DEL VALLE DEL CAUCA,Otras entidades del Valle,Contexto,12000000
2026-08-19 12:22:30,contratos,CO1.PCCNTR.9820656,2026-08-18,ALCALDIA MUNICIPIO DE JAMUNDI,Otras entidades del Valle,Contexto,10000000
2026-08-19 12:22:30,contratos,CO1.PCCNTR.9816880,2026-08-18,ALCALDIA DISTRITAL DE BUENAVENTURA-VALLE,Otras entidades del Valle,Contexto,8120520
2026-08-19 12:22:30,contratos,CO1.PCCNTR.9813817,2026-08-18,ALCALDIA DISTRITAL DE BUENAVENTURA-VALLE,Otras entidades del Valle,Contexto,6365400
2026-08-19 12:22:30,contratos,CO1.PCCNTR.9820473,2026-08-17,MUNICIPIO DE BUGALAGRANDE,Otras entidades del Valle,Alta,62960000
2026-08-19 12:22:30,contratos,CO1.PCCNTR.9820486,2026-08-18,ALCALDIA MUNICIPIO DE JAMUNDI,Otras entidades del Valle,Contexto,22500000
2026-08-19 12:22:30,contratos,CO1.PCCNTR.9822943,2026-08-18,MUNICIPIO DE FLORIDA,Otras entidades del Valle,Contexto,15000000
2026-08-19 12:22:30,contratos,CO1.PCCNTR.9821878,2026-08-18,CVC,Otras entidades del Valle,Contexto,26000000
2026-08-19 12:22:30,contratos,CO1.PCCNTR.9816284,2026-08-18,Secretaria de Desarrollo Agropecuario y Medio Ambiente - Alcaldía de Tuluá,Otras entidades del Valle,Contexto,9999000
2026-08-19 12:22:30,contratos,CO1.PCCNTR.9820558,2026-08-17,ALCALDIA MUNICIPIO DE JAMUNDI,Otras entidades del Valle,Media,11500000
2026-08-19 12:22:30,contratos,CO1.PCCNTR.9819901,2026-08-17,ALCALDIA MUNICIPIO DE JAMUNDI,Otras entidades del Valle,Contexto,20000000
2026-08-19 12:22:30,contratos,CO1.PCCNTR.9819821,2026-08-18,ALCALDIA MUNICIPIO DE JAMUNDI,Otras entidades del Valle,Contexto,11500000
2026-08-19 12:22:30,contratos,CO1.PCCNTR.9810222,2026-08-18,CVC,Otras entidades del Valle,Contexto,30000000
2026-08-19 12:22:30,contratos,CO1.PCCNTR.9820353,2026-08-17,ALCALDIA MUNICIPIO DE JAMUNDI,Otras entidades del Valle,Media,15000000
2026-08-19 12:22:30,contratos,CO1.PCCNTR.9820580,2026-08-17,ALCALDIA MUNICIPAL DE ANDALUCIA VALLE DEL CAUCA,Otras entidades del Valle,Alta,286159346
2026-08-19 12:22:30,contratos,CO1.PCCNTR.9820482,2026-08-17,FONDO ESPECIAL DE VIVIENDA DEL MUNICIPIO DE SANTIAGO DE CALI,Descentralizadas de Cali,Contexto,5663000
2026-08-19 12:22:30,contratos,CO1.PCCNTR.9821488,2026-08-18,ESE HOSPITAL PILOTO JAMUNDI,Otras entidades del Valle,Contexto,21000000
2026-08-19 12:22:30,contratos,CO1.PCCNTR.9814342,2026-08-18,CVC,Otras entidades del Valle,Contexto,21000000
2026-08-19 12:22:30,contratos,CO1.PCCNTR.9820357,2026-08-18,ALCALDIA MUNICIPIO DE JAMUNDI,Otras entidades del Valle,Media,17500000
2026-08-19 12:22:30,contratos,CO1.PCCNTR.9820480,2026-08-17,ALCALDIA MUNICIPAL DE ANDALUCIA VALLE DEL CAUCA,Otras entidades del Valle,Alta,39990000
2026-08-19 12:22:30,contratos,CO1.PCCNTR.9821105,2026-08-18,FONDO ESPECIAL DE VIVIENDA DEL MUNICIPIO DE SANTIAGO DE CALI,Descentralizadas de Cali,Contexto,3551000
2026-08-19 12:22:30,contratos,CO1.PCCNTR.9810659,2026-08-17,MUNICIPIO DE FLORIDA,Otras entidades del Valle,Contexto,10000000
2026-08-19 12:22:30,contratos,CO1.PCCNTR.9820462,2026-08-17,MUNICIPIO DE BUGALAGRANDE,Otras entidades del Valle,Alta,214826488
2026-08-19 12:22:30,contratos,CO1.PCCNTR.9821414,2026-08-18,CVC,Otras entidades del Valle,Contexto,34762184
2026-08-19 12:22:30,contratos,CO1.PCCNTR.9813927,2026-08-18,CVC,Otras entidades del Valle,Contexto,30779648
2026-08-19 12:22:30,contratos,CO1.PCCNTR.9820805,2026-08-17,FONDO ESPECIAL DE VIVIENDA DEL MUNICIPIO DE SANTIAGO DE CALI,Descentralizadas de Cali,Contexto,4805000
2026-08-19 12:22:30,contratos,CO1.PCCNTR.9807532,2026-08-17,MUNICIPIO DE FLORIDA,Otras entidades del Valle,Contexto,10500000
2026-08-19 12:22:30,contratos,CO1.PCCNTR.9814171,2026-08-18,ALCALDIA MUNICIPIO DE JAMUNDI,Otras entidades del Valle,Contexto,15000000
2026-08-19 12:22:30,contratos,CO1.PCCNTR.9814408,2026-08-18,CVC,Otras entidades del Valle,Contexto,23100000
2026-08-19 12:22:30,contratos,CO1.PCCNTR.9820381,2026-08-17,ALCALDIA MUNICIPIO DE JAMUNDI,Otras entidades del Valle,Contexto,19000000
2026-08-19 12:22:30,contratos,CO1.PCCNTR.9821579,2026-08-18,ALCALDIA MUNICIPIO DE JAMUNDI,Otras entidades del Valle,Contexto,18000000
2026-08-19 12:22:30,contratos,CO1.PCCNTR.9817178,2026-08-18,ALCALDIA DISTRITAL DE BUENAVENTURA-VALLE,Otras entidades del Valle,Contexto,8120520
2026-08-19 12:22:30,contratos,CO1.PCCNTR.9821101,2026-08-17,FONDO ESPECIAL DE VIVIENDA DEL MUNICIPIO DE SANTIAGO DE CALI,Descentralizadas de Cali,Contexto,3947000
2026-08-19 12:22:30,contratos,CO1.PCCNTR.9821661,2026-08-18,ESE HOSPITAL PILOTO JAMUNDI,Otras entidades del Valle,Contexto,41000000
2026-08-19 12:22:30,contratos,CO1.PCCNTR.9804178,2026-08-17,MUNICIPIO DE FLORIDA,Otras entidades del Valle,Contexto,9000000
2026-08-19 12:22:30,contratos,CO1.PCCNTR.9820488,2026-08-18,ALCALDIA MUNICIPIO DE JAMUNDI,Otras entidades del Valle,Contexto,8000000
2026-08-19 12:22:30,contratos,CO1.PCCNTR.9822913,2026-08-18,CVC,Otras entidades del Valle,Contexto,1710175531
2026-08-19 12:22:30,contratos,CO1.PCCNTR.9820483,2026-08-17,FONDO ESPECIAL DE VIVIENDA DEL MUNICIPIO DE SANTIAGO DE CALI,Descentralizadas de Cali,Contexto,4805000
2026-08-19 12:22:30,contratos,CO1.PCCNTR.9820358,2026-08-17,HOSPITAL MUNICIPAL LUIS ABLANQUE DE LA PLATA EMPRESA SOCIAL DEL ESTADO,Otras entidades del Valle,Contexto,69575005
2026-08-19 12:22:30,contratos,CO1.PCCNTR.9820572,2026-08-17,MUNICIPIO DE BUGALAGRANDE,Otras entidades del Valle,Alta,346749750
2026-08-19 12:22:30,contratos,CO1.PCCNTR.9820504,2026-08-18,CVC,Otras entidades del Valle,Contexto,25000000
2026-08-19 12:22:30,contratos,CO1.PCCNTR.9816558,2026-08-18,Secretaria de Desarrollo Agropecuario y Medio Ambiente - Alcaldía de Tuluá,Otras entidades del Valle,Contexto,11900000
2026-08-19 12:22:30,contratos,CO1.PCCNTR.9758639,2026-08-18,UNIAJC,Otras entidades del Valle,Contexto,27480272
2026-08-19 12:22:30,contratos,CO1.PCCNTR.9805464,2026-08-17,MUNICIPIO DE FLORIDA,Otras entidades del Valle,Contexto,10000000
2026-08-19 12:22:30,contratos,CO1.PCCNTR.9820389,2026-08-17,ALCALDIA MUNICIPIO DE JAMUNDI,Otras entidades del Valle,Contexto,20000000
2026-08-19 12:22:30,contratos,CO1.PCCNTR.9820490,2026-08-18,ALCALDIA MUNICIPIO DE JAMUNDI,Otras entidades del Valle,Contexto,9200000
2026-08-19 12:22:30,contratos,CO1.PCCNTR.9814041,2026-08-18,CVC,Otras entidades del Valle,Contexto,36540000
2026-08-19 12:22:30,contratos,CO1.PCCNTR.9805628,2026-08-17,MUNICIPIO DE FLORIDA,Otras entidades del Valle,Media,15000000
2026-08-19 12:22:30,contratos,CO1.PCCNTR.9806163,2026-08-18,MUNICIPIO DE VEGACHI,Fuera del Valle,Otra urgencia,372208365
2026-08-19 12:22:30,contratos,CO1.PCCNTR.9781549,2026-08-18,SERVICIO GEOLOGICO COLOMBIANO**,Fuera del Valle,Otra urgencia,38220000
2026-08-19 12:22:30,contratos,CO1.PCCNTR.9816156,2026-08-18,FONDO DE GESTION DEL RIESGO DE DESASTRES DEL DEPARTAMENTO DEL CASANARE,Fuera del Valle,Contexto,12800000
2026-08-19 12:22:30,contratos,CO1.PCCNTR.9821121,2026-08-18,PERSONERIA MUNICIPAL DE PEREIRA,Fuera del Valle,Otra urgencia,10500000
2026-08-19 12:22:30,contratos,CO1.PCCNTR.9820442,2026-08-17,DIRECCIÓN TERRITORIAL DE SALUD DE CALDAS,Fuera del Valle,Otra urgencia,17255000
2026-08-19 12:22:30,contratos,CO1.PCCNTR.9807338,2026-08-18,MUNICIPIO DE LA SALINA,Fuera del Valle,Otra urgencia,900000000
2026-08-19 12:22:30,contratos,CO1.PCCNTR.9799548,2026-08-18,FONDO DE GESTION DEL RIESGO DE DESASTRES DEL DEPARTAMENTO DEL CASANARE,Fuera del Valle,Contexto,14400000
